DEPTH = 32768;
WIDTH = 8;
ADDRESS_RADIX = DEC;
DATA_RADIX = HEX;
CONTENT
BEGIN
0 : 01;
1 : 09;
2 : 06;
3 : 00;
4 : F8;
5 : 05;
6 : 04;
7 : F8;
8 : 0A;
9 : FD;
10 : FC;
11 : FB;
12 : FF;
13 : F8;
14 : 01;
15 : FF;
16 : 06;
17 : 02;
18 : FF;
19 : 05;
20 : 09;
21 : FD;
22 : 08;
23 : 04;
24 : F7;
25 : 07;
26 : 01;
27 : F7;
28 : FC;
29 : 04;
30 : FB;
31 : F5;
32 : FB;
33 : 00;
34 : 02;
35 : 07;
36 : F8;
37 : 07;
38 : 09;
39 : 04;
40 : 05;
41 : FA;
42 : 04;
43 : FB;
44 : F8;
45 : F6;
46 : 04;
47 : 03;
48 : 02;
49 : FA;
50 : 01;
51 : FB;
52 : FB;
53 : F5;
54 : FB;
55 : 07;
56 : 05;
57 : 01;
58 : 0A;
59 : 00;
60 : 06;
61 : 07;
62 : FD;
63 : 05;
64 : 04;
65 : 01;
66 : FB;
67 : F7;
68 : 01;
69 : FE;
70 : 08;
71 : F5;
72 : 05;
73 : F9;
74 : F5;
75 : 0B;
76 : 05;
77 : FF;
78 : F8;
79 : FB;
80 : 09;
81 : FD;
82 : 06;
83 : 0A;
84 : 00;
85 : F9;
86 : 09;
87 : FE;
88 : FF;
89 : F8;
90 : F5;
91 : FE;
92 : FB;
93 : FD;
94 : FF;
95 : FA;
96 : FB;
97 : 0A;
98 : 09;
99 : 0A;
100 : FE;
101 : F6;
102 : F7;
103 : FD;
104 : 09;
105 : 02;
106 : FB;
107 : 09;
108 : 03;
109 : 02;
110 : 07;
111 : 0B;
112 : 04;
113 : F9;
114 : 01;
115 : FB;
116 : 00;
117 : 09;
118 : FE;
119 : FE;
120 : F8;
121 : 05;
122 : F7;
123 : 06;
124 : 04;
125 : 07;
126 : 0B;
127 : 02;
128 : 07;
129 : FE;
130 : 07;
131 : 03;
132 : F9;
133 : F7;
134 : 06;
135 : 02;
136 : F5;
137 : F7;
138 : F7;
139 : 03;
140 : F9;
141 : 09;
142 : FC;
143 : F7;
144 : 04;
145 : FE;
146 : 02;
147 : FA;
148 : 03;
149 : 01;
150 : FC;
151 : 00;
152 : FB;
153 : 09;
154 : 09;
155 : FB;
156 : 02;
157 : 08;
158 : 0B;
159 : 03;
160 : F7;
161 : 00;
162 : F6;
163 : FA;
164 : 04;
165 : 02;
166 : 02;
167 : FA;
168 : 03;
169 : FD;
170 : 0B;
171 : 06;
172 : 04;
173 : FD;
174 : 04;
175 : 04;
176 : FD;
177 : 06;
178 : FA;
179 : 01;
180 : 0A;
181 : 0A;
182 : F6;
183 : F6;
184 : FC;
185 : FE;
186 : 01;
187 : FC;
188 : 04;
189 : FC;
190 : FD;
191 : FA;
192 : 05;
193 : 0A;
194 : FC;
195 : 07;
196 : 06;
197 : FE;
198 : 08;
199 : FC;
200 : F5;
201 : 03;
202 : 02;
203 : 0A;
204 : FA;
205 : 08;
206 : F9;
207 : 01;
208 : 05;
209 : 00;
210 : FD;
211 : FA;
212 : 02;
213 : 0B;
214 : 0A;
215 : F8;
216 : 01;
217 : 05;
218 : 04;
219 : 02;
220 : 07;
221 : 01;
222 : 08;
223 : 0A;
224 : F9;
225 : 01;
226 : 0A;
227 : 08;
228 : FC;
229 : 06;
230 : 07;
231 : 0A;
232 : 07;
233 : 00;
234 : 07;
235 : FE;
236 : FD;
237 : 05;
238 : FB;
239 : 0A;
240 : 00;
241 : F9;
242 : F9;
243 : 03;
244 : 0B;
245 : F8;
246 : 09;
247 : 06;
248 : 09;
249 : 02;
250 : FE;
251 : 0A;
252 : 02;
253 : FE;
254 : 00;
255 : 03;
256 : FE;
257 : F6;
258 : 06;
259 : 0A;
260 : F7;
261 : 0A;
262 : FC;
263 : F8;
264 : 04;
265 : F9;
266 : F7;
267 : 0A;
268 : 03;
269 : F6;
270 : 0A;
271 : FB;
272 : FB;
273 : FC;
274 : 0B;
275 : FB;
276 : 00;
277 : FB;
278 : FE;
279 : 02;
280 : 08;
281 : FD;
282 : F5;
283 : FC;
284 : 09;
285 : F9;
286 : 05;
287 : F9;
288 : F9;
289 : 07;
290 : 0A;
291 : 01;
292 : FA;
293 : FA;
294 : 00;
295 : 06;
296 : 08;
297 : 02;
298 : F5;
299 : FD;
300 : 08;
301 : 02;
302 : 06;
303 : 03;
304 : F6;
305 : FF;
306 : 0B;
307 : FE;
308 : FC;
309 : 03;
310 : 01;
311 : FA;
312 : 0B;
313 : F5;
314 : F6;
315 : 04;
316 : 01;
317 : 01;
318 : FC;
319 : FF;
320 : 05;
321 : 01;
322 : 09;
323 : 04;
324 : 04;
325 : F9;
326 : 09;
327 : FD;
328 : F8;
329 : 00;
330 : FE;
331 : 00;
332 : FB;
333 : FA;
334 : F8;
335 : 0A;
336 : 06;
337 : FA;
338 : FB;
339 : 05;
340 : 0A;
341 : 04;
342 : FF;
343 : FB;
344 : 01;
345 : F6;
346 : F8;
347 : FA;
348 : 04;
349 : FE;
350 : 01;
351 : 09;
352 : FE;
353 : 05;
354 : FB;
355 : 02;
356 : F7;
357 : FD;
358 : F6;
359 : F8;
360 : FF;
361 : 10;
362 : F7;
363 : 18;
364 : FF;
365 : 11;
366 : 01;
367 : 10;
368 : 02;
369 : F1;
370 : 0A;
371 : 0B;
372 : 05;
373 : F0;
374 : FC;
375 : F8;
376 : 14;
377 : 01;
378 : F5;
379 : FC;
380 : EC;
381 : F9;
382 : FE;
383 : F2;
384 : FF;
385 : EC;
386 : 0E;
387 : 06;
388 : F9;
389 : 05;
390 : 10;
391 : 0C;
392 : FC;
393 : 0B;
394 : 04;
395 : 07;
396 : 00;
397 : 0D;
398 : 03;
399 : F4;
400 : FB;
401 : 09;
402 : 00;
403 : F4;
404 : F1;
405 : F7;
406 : 02;
407 : F6;
408 : 02;
409 : E8;
410 : E4;
411 : 02;
412 : FD;
413 : F8;
414 : FD;
415 : F4;
416 : 10;
417 : 0C;
418 : F7;
419 : 06;
420 : F4;
421 : F3;
422 : FD;
423 : FC;
424 : 01;
425 : 07;
426 : FC;
427 : FA;
428 : 01;
429 : FB;
430 : FD;
431 : 03;
432 : 09;
433 : FD;
434 : 05;
435 : F7;
436 : FE;
437 : ED;
438 : FB;
439 : FC;
440 : F9;
441 : 03;
442 : 09;
443 : 00;
444 : EE;
445 : 04;
446 : 01;
447 : 0D;
448 : FB;
449 : 08;
450 : FF;
451 : F7;
452 : 02;
453 : 07;
454 : F1;
455 : 04;
456 : 03;
457 : F5;
458 : 0A;
459 : 02;
460 : F7;
461 : 05;
462 : FF;
463 : 05;
464 : FC;
465 : FA;
466 : 05;
467 : FE;
468 : 06;
469 : 03;
470 : 09;
471 : F8;
472 : 09;
473 : F6;
474 : F5;
475 : 09;
476 : 00;
477 : 0C;
478 : 04;
479 : 02;
480 : F7;
481 : 01;
482 : 0A;
483 : 09;
484 : 07;
485 : 00;
486 : FD;
487 : F6;
488 : 02;
489 : 03;
490 : F6;
491 : 08;
492 : 0B;
493 : FD;
494 : 04;
495 : FA;
496 : 04;
497 : F7;
498 : 00;
499 : 08;
500 : 0A;
501 : 03;
502 : F8;
503 : FC;
504 : F8;
505 : FB;
506 : FF;
507 : 09;
508 : 03;
509 : FF;
510 : 0B;
511 : 00;
512 : FD;
513 : F6;
514 : 04;
515 : 07;
516 : 09;
517 : FD;
518 : 02;
519 : FB;
520 : FE;
521 : FF;
522 : FF;
523 : FA;
524 : 05;
525 : 01;
526 : F9;
527 : F6;
528 : 01;
529 : 08;
530 : 06;
531 : F8;
532 : 05;
533 : F9;
534 : 09;
535 : 08;
536 : FF;
537 : 09;
538 : FF;
539 : 00;
540 : F6;
541 : FD;
542 : FD;
543 : F7;
544 : F6;
545 : 09;
546 : FB;
547 : F7;
548 : FA;
549 : F8;
550 : FA;
551 : FC;
552 : 05;
553 : FC;
554 : 01;
555 : 02;
556 : 02;
557 : 0A;
558 : 06;
559 : FE;
560 : FC;
561 : F8;
562 : 06;
563 : FA;
564 : 09;
565 : 0B;
566 : 03;
567 : FB;
568 : 06;
569 : FF;
570 : F9;
571 : 06;
572 : 09;
573 : 09;
574 : FE;
575 : F6;
576 : 04;
577 : 09;
578 : 09;
579 : 00;
580 : F6;
581 : FF;
582 : 0B;
583 : F7;
584 : FB;
585 : F7;
586 : FC;
587 : 07;
588 : 00;
589 : FF;
590 : 02;
591 : 04;
592 : FB;
593 : 05;
594 : F6;
595 : FB;
596 : 02;
597 : FC;
598 : FE;
599 : FD;
600 : 09;
601 : FD;
602 : FE;
603 : FF;
604 : 00;
605 : 02;
606 : F8;
607 : 06;
608 : 07;
609 : F9;
610 : FD;
611 : 0B;
612 : F9;
613 : 06;
614 : FD;
615 : 0B;
616 : FE;
617 : 09;
618 : 05;
619 : 00;
620 : 01;
621 : 04;
622 : F9;
623 : FB;
624 : 03;
625 : 07;
626 : 09;
627 : F5;
628 : FD;
629 : F6;
630 : F8;
631 : 08;
632 : FD;
633 : 04;
634 : 07;
635 : 01;
636 : F9;
637 : 09;
638 : FD;
639 : FD;
640 : 08;
641 : 03;
642 : 04;
643 : FA;
644 : F7;
645 : F6;
646 : FA;
647 : FF;
648 : FA;
649 : FD;
650 : 07;
651 : F9;
652 : 01;
653 : FB;
654 : 00;
655 : 07;
656 : 06;
657 : F6;
658 : 00;
659 : 09;
660 : FF;
661 : 08;
662 : 04;
663 : 07;
664 : 09;
665 : FD;
666 : 04;
667 : 09;
668 : FA;
669 : F6;
670 : F8;
671 : FC;
672 : 03;
673 : 02;
674 : 06;
675 : 05;
676 : FD;
677 : FB;
678 : 05;
679 : 01;
680 : F9;
681 : 03;
682 : FC;
683 : 04;
684 : 04;
685 : FA;
686 : FE;
687 : FF;
688 : F5;
689 : 06;
690 : F7;
691 : F9;
692 : FB;
693 : F9;
694 : 02;
695 : FE;
696 : FF;
697 : 04;
698 : FF;
699 : FD;
700 : F7;
701 : FB;
702 : FE;
703 : 0B;
704 : F6;
705 : 03;
706 : FC;
707 : F6;
708 : 04;
709 : F7;
710 : 0A;
711 : 03;
712 : 08;
713 : 05;
714 : F7;
715 : F6;
716 : F9;
717 : 02;
718 : 07;
719 : FD;
720 : FC;
721 : F7;
722 : 03;
723 : 03;
724 : FB;
725 : FD;
726 : 02;
727 : 01;
728 : FD;
729 : FB;
730 : 08;
731 : 07;
732 : 04;
733 : FE;
734 : FE;
735 : F9;
736 : F9;
737 : 0A;
738 : FD;
739 : 03;
740 : FE;
741 : 05;
742 : F8;
743 : 09;
744 : 06;
745 : F6;
746 : F5;
747 : F8;
748 : FE;
749 : 00;
750 : 08;
751 : FA;
752 : 04;
753 : 02;
754 : 0A;
755 : FC;
756 : 0A;
757 : FA;
758 : 07;
759 : 03;
760 : FC;
761 : 00;
762 : 05;
763 : FF;
764 : 09;
765 : 03;
766 : 03;
767 : 00;
768 : 03;
769 : FB;
770 : F8;
771 : FD;
772 : 05;
773 : F7;
774 : 07;
775 : 09;
776 : 08;
777 : 03;
778 : F9;
779 : FB;
780 : 00;
781 : 09;
782 : FA;
783 : FE;
784 : F5;
785 : 01;
786 : 07;
787 : 00;
788 : FF;
789 : 06;
790 : F7;
791 : 09;
792 : FA;
793 : 06;
794 : FD;
795 : 01;
796 : 08;
797 : 08;
798 : 02;
799 : 04;
800 : FE;
801 : 05;
802 : 09;
803 : 08;
804 : F9;
805 : 01;
806 : 0A;
807 : FA;
808 : FC;
809 : 09;
810 : 01;
811 : FA;
812 : 03;
813 : 04;
814 : 03;
815 : F5;
816 : 06;
817 : 06;
818 : F6;
819 : F8;
820 : F8;
821 : FE;
822 : 01;
823 : FA;
824 : F5;
825 : 0A;
826 : 00;
827 : FE;
828 : FD;
829 : F6;
830 : FE;
831 : 06;
832 : FF;
833 : 0B;
834 : FD;
835 : 02;
836 : 08;
837 : 04;
838 : 00;
839 : F9;
840 : F8;
841 : F9;
842 : FF;
843 : F9;
844 : FF;
845 : 00;
846 : 04;
847 : F8;
848 : 08;
849 : FA;
850 : FE;
851 : 08;
852 : 00;
853 : 01;
854 : FF;
855 : 05;
856 : 04;
857 : 06;
858 : F7;
859 : F6;
860 : F6;
861 : FA;
862 : F9;
863 : FE;
864 : F8;
865 : 06;
866 : 04;
867 : 08;
868 : 0B;
869 : FA;
870 : 02;
871 : 08;
872 : 01;
873 : 0A;
874 : 05;
875 : FD;
876 : FC;
877 : 07;
878 : 00;
879 : FD;
880 : 05;
881 : 03;
882 : 04;
883 : F8;
884 : F7;
885 : 02;
886 : F5;
887 : F9;
888 : FF;
889 : F8;
890 : F6;
891 : 07;
892 : 03;
893 : 0B;
894 : 07;
895 : 09;
896 : F9;
897 : FD;
898 : 08;
899 : 04;
900 : F9;
901 : FF;
902 : 0B;
903 : 09;
904 : F7;
905 : FE;
906 : F5;
907 : 0A;
908 : F9;
909 : 06;
910 : 01;
911 : 03;
912 : FA;
913 : 08;
914 : 09;
915 : 03;
916 : F5;
917 : 08;
918 : 01;
919 : F6;
920 : 00;
921 : 06;
922 : 02;
923 : FD;
924 : FA;
925 : FD;
926 : 05;
927 : F6;
928 : 09;
929 : 02;
930 : FD;
931 : 00;
932 : 0A;
933 : 06;
934 : FC;
935 : F5;
936 : 00;
937 : FF;
938 : FD;
939 : 09;
940 : 01;
941 : 05;
942 : F8;
943 : 0A;
944 : 05;
945 : 03;
946 : 01;
947 : 0B;
948 : F7;
949 : 00;
950 : 05;
951 : F8;
952 : 0B;
953 : 09;
954 : 04;
955 : F5;
956 : F7;
957 : 0A;
958 : 04;
959 : 03;
960 : F9;
961 : 04;
962 : 06;
963 : FD;
964 : 0B;
965 : 03;
966 : FC;
967 : 0A;
968 : F7;
969 : 04;
970 : 0A;
971 : FE;
972 : FF;
973 : 01;
974 : 03;
975 : F3;
976 : 09;
977 : 04;
978 : 01;
979 : 03;
980 : 0A;
981 : FA;
982 : 06;
983 : 06;
984 : FF;
985 : FD;
986 : 0C;
987 : 02;
988 : FA;
989 : 03;
990 : 04;
991 : 09;
992 : F3;
993 : 10;
994 : 11;
995 : 0F;
996 : EF;
997 : 0A;
998 : FC;
999 : F5;
1000 : FA;
1001 : 06;
1002 : 09;
1003 : F1;
1004 : FB;
1005 : F2;
1006 : 0D;
1007 : 05;
1008 : F1;
1009 : F9;
1010 : F9;
1011 : FF;
1012 : FB;
1013 : F3;
1014 : FA;
1015 : EF;
1016 : 16;
1017 : 09;
1018 : F8;
1019 : 14;
1020 : 01;
1021 : 03;
1022 : EE;
1023 : 17;
1024 : FC;
1025 : 21;
1026 : FB;
1027 : 26;
1028 : F7;
1029 : F9;
1030 : 08;
1031 : FA;
1032 : 01;
1033 : 01;
1034 : D9;
1035 : E2;
1036 : F2;
1037 : FE;
1038 : E4;
1039 : F0;
1040 : F0;
1041 : 01;
1042 : E0;
1043 : F4;
1044 : 10;
1045 : F6;
1046 : 24;
1047 : 0A;
1048 : 0A;
1049 : 14;
1050 : 03;
1051 : 12;
1052 : EE;
1053 : 1A;
1054 : 08;
1055 : 29;
1056 : F3;
1057 : 27;
1058 : FC;
1059 : F6;
1060 : 04;
1061 : F9;
1062 : 0C;
1063 : F7;
1064 : D7;
1065 : D0;
1066 : FC;
1067 : FD;
1068 : E7;
1069 : E2;
1070 : E6;
1071 : 0C;
1072 : D9;
1073 : F0;
1074 : 09;
1075 : F2;
1076 : 23;
1077 : 07;
1078 : 03;
1079 : 15;
1080 : F9;
1081 : 22;
1082 : F9;
1083 : 15;
1084 : 14;
1085 : 13;
1086 : F6;
1087 : 31;
1088 : 06;
1089 : EF;
1090 : 1A;
1091 : 0C;
1092 : 0E;
1093 : EC;
1094 : DE;
1095 : E2;
1096 : 03;
1097 : F9;
1098 : E5;
1099 : E3;
1100 : DF;
1101 : F7;
1102 : E0;
1103 : 02;
1104 : 13;
1105 : EB;
1106 : 1E;
1107 : F8;
1108 : FF;
1109 : 10;
1110 : F9;
1111 : 14;
1112 : F2;
1113 : 2B;
1114 : 2B;
1115 : 29;
1116 : E2;
1117 : 3B;
1118 : F0;
1119 : EE;
1120 : 0C;
1121 : 1F;
1122 : 01;
1123 : D6;
1124 : CD;
1125 : DE;
1126 : 00;
1127 : 06;
1128 : D2;
1129 : D3;
1130 : D4;
1131 : E0;
1132 : D7;
1133 : E7;
1134 : 03;
1135 : D6;
1136 : 30;
1137 : F2;
1138 : 07;
1139 : 15;
1140 : FA;
1141 : 14;
1142 : EE;
1143 : 26;
1144 : 2E;
1145 : 20;
1146 : DD;
1147 : 44;
1148 : EE;
1149 : D7;
1150 : 14;
1151 : 13;
1152 : 00;
1153 : D2;
1154 : BE;
1155 : DE;
1156 : 0D;
1157 : 11;
1158 : D2;
1159 : E1;
1160 : DB;
1161 : E1;
1162 : DF;
1163 : E4;
1164 : 25;
1165 : E6;
1166 : 34;
1167 : EE;
1168 : FE;
1169 : 1F;
1170 : FA;
1171 : 06;
1172 : F4;
1173 : 27;
1174 : 36;
1175 : 23;
1176 : D9;
1177 : 5C;
1178 : FE;
1179 : CD;
1180 : 15;
1181 : 23;
1182 : 05;
1183 : D9;
1184 : BD;
1185 : B9;
1186 : 1A;
1187 : F9;
1188 : B4;
1189 : 01;
1190 : 06;
1191 : 03;
1192 : CB;
1193 : D6;
1194 : FA;
1195 : D8;
1196 : 44;
1197 : F4;
1198 : 03;
1199 : 33;
1200 : F9;
1201 : 16;
1202 : F5;
1203 : 3B;
1204 : 30;
1205 : 19;
1206 : D3;
1207 : 4D;
1208 : E9;
1209 : D1;
1210 : 13;
1211 : 25;
1212 : 1D;
1213 : E2;
1214 : B9;
1215 : B5;
1216 : 1C;
1217 : 11;
1218 : BF;
1219 : 0A;
1220 : F6;
1221 : F8;
1222 : C8;
1223 : CA;
1224 : F2;
1225 : CB;
1226 : 49;
1227 : 08;
1228 : 18;
1229 : 31;
1230 : EC;
1231 : 09;
1232 : E7;
1233 : 1F;
1234 : 40;
1235 : 1C;
1236 : F9;
1237 : 4E;
1238 : 05;
1239 : D3;
1240 : 17;
1241 : 1F;
1242 : 1C;
1243 : D8;
1244 : D5;
1245 : D1;
1246 : 19;
1247 : 0B;
1248 : B2;
1249 : 00;
1250 : 09;
1251 : F2;
1252 : EA;
1253 : DE;
1254 : 03;
1255 : D1;
1256 : 44;
1257 : 0A;
1258 : 15;
1259 : 22;
1260 : 0B;
1261 : 0B;
1262 : E4;
1263 : 01;
1264 : 31;
1265 : 12;
1266 : 05;
1267 : 18;
1268 : F4;
1269 : 10;
1270 : 1A;
1271 : FB;
1272 : EE;
1273 : FE;
1274 : 04;
1275 : EF;
1276 : 0A;
1277 : 16;
1278 : F5;
1279 : FD;
1280 : 10;
1281 : F7;
1282 : FF;
1283 : 0B;
1284 : 25;
1285 : E8;
1286 : 18;
1287 : E5;
1288 : EF;
1289 : 03;
1290 : 02;
1291 : 08;
1292 : E9;
1293 : 20;
1294 : 05;
1295 : 19;
1296 : D3;
1297 : 37;
1298 : 07;
1299 : 05;
1300 : F5;
1301 : F4;
1302 : F5;
1303 : DD;
1304 : E4;
1305 : C5;
1306 : F0;
1307 : 0D;
1308 : D5;
1309 : E5;
1310 : 02;
1311 : 1B;
1312 : F3;
1313 : F9;
1314 : 02;
1315 : 0C;
1316 : 2A;
1317 : FE;
1318 : F3;
1319 : 1D;
1320 : E6;
1321 : DE;
1322 : 07;
1323 : 29;
1324 : F1;
1325 : 29;
1326 : CF;
1327 : 0D;
1328 : 24;
1329 : 1D;
1330 : C9;
1331 : FF;
1332 : 0B;
1333 : D9;
1334 : F8;
1335 : D6;
1336 : DC;
1337 : DA;
1338 : E0;
1339 : FA;
1340 : 13;
1341 : 1F;
1342 : 03;
1343 : F3;
1344 : EB;
1345 : 28;
1346 : 14;
1347 : 2C;
1348 : E5;
1349 : 1A;
1350 : F8;
1351 : F4;
1352 : 11;
1353 : 3F;
1354 : 11;
1355 : 28;
1356 : CF;
1357 : 3F;
1358 : 0F;
1359 : DC;
1360 : DF;
1361 : 10;
1362 : 10;
1363 : B9;
1364 : E5;
1365 : CA;
1366 : F4;
1367 : DF;
1368 : C2;
1369 : FB;
1370 : 04;
1371 : 05;
1372 : EE;
1373 : E6;
1374 : F9;
1375 : F9;
1376 : 31;
1377 : 0D;
1378 : 02;
1379 : 1B;
1380 : 20;
1381 : 28;
1382 : F0;
1383 : 3B;
1384 : 43;
1385 : 15;
1386 : C8;
1387 : 4A;
1388 : E3;
1389 : C5;
1390 : 15;
1391 : 19;
1392 : 0F;
1393 : B5;
1394 : D5;
1395 : C4;
1396 : 35;
1397 : 0F;
1398 : BF;
1399 : D7;
1400 : D4;
1401 : F4;
1402 : C6;
1403 : D7;
1404 : 1F;
1405 : CC;
1406 : 44;
1407 : DD;
1408 : 0A;
1409 : 25;
1410 : 39;
1411 : 2A;
1412 : F6;
1413 : 25;
1414 : 26;
1415 : 0E;
1416 : DD;
1417 : 37;
1418 : EC;
1419 : DE;
1420 : 23;
1421 : 0B;
1422 : FB;
1423 : CA;
1424 : DE;
1425 : CE;
1426 : 21;
1427 : 19;
1428 : D1;
1429 : D6;
1430 : E2;
1431 : 01;
1432 : C9;
1433 : EE;
1434 : 15;
1435 : D4;
1436 : 28;
1437 : FA;
1438 : FD;
1439 : 1F;
1440 : 2B;
1441 : 4C;
1442 : E0;
1443 : 3C;
1444 : 37;
1445 : 1B;
1446 : E2;
1447 : 24;
1448 : EB;
1449 : C5;
1450 : 37;
1451 : 19;
1452 : 15;
1453 : C5;
1454 : D6;
1455 : DB;
1456 : 08;
1457 : 23;
1458 : D1;
1459 : C8;
1460 : DD;
1461 : ED;
1462 : D3;
1463 : DE;
1464 : 28;
1465 : D7;
1466 : 2A;
1467 : EE;
1468 : FF;
1469 : 18;
1470 : 27;
1471 : 21;
1472 : F6;
1473 : 2A;
1474 : 26;
1475 : 0A;
1476 : DD;
1477 : 24;
1478 : EB;
1479 : E9;
1480 : 1A;
1481 : 0C;
1482 : 0B;
1483 : E2;
1484 : DC;
1485 : E0;
1486 : 0B;
1487 : 10;
1488 : E8;
1489 : E7;
1490 : D4;
1491 : EF;
1492 : E0;
1493 : DE;
1494 : 14;
1495 : ED;
1496 : 14;
1497 : EB;
1498 : 03;
1499 : 12;
1500 : 1F;
1501 : 0F;
1502 : F5;
1503 : 0D;
1504 : 29;
1505 : 0B;
1506 : DB;
1507 : 1D;
1508 : 05;
1509 : F2;
1510 : 0A;
1511 : F8;
1512 : FE;
1513 : DF;
1514 : E8;
1515 : E0;
1516 : EF;
1517 : FC;
1518 : E9;
1519 : F1;
1520 : E4;
1521 : 12;
1522 : E5;
1523 : E1;
1524 : 05;
1525 : F3;
1526 : 1A;
1527 : 0A;
1528 : 07;
1529 : 16;
1530 : 06;
1531 : 07;
1532 : FA;
1533 : 0D;
1534 : 1D;
1535 : 15;
1536 : F5;
1537 : 0C;
1538 : 11;
1539 : EE;
1540 : F9;
1541 : F7;
1542 : 11;
1543 : EC;
1544 : F1;
1545 : EA;
1546 : E5;
1547 : FD;
1548 : F9;
1549 : F7;
1550 : F6;
1551 : 15;
1552 : EE;
1553 : F2;
1554 : FF;
1555 : F7;
1556 : 04;
1557 : 18;
1558 : 02;
1559 : 15;
1560 : 02;
1561 : FE;
1562 : FF;
1563 : 0B;
1564 : 08;
1565 : FF;
1566 : F7;
1567 : 05;
1568 : FD;
1569 : FC;
1570 : 02;
1571 : 06;
1572 : 05;
1573 : 02;
1574 : FA;
1575 : 06;
1576 : FE;
1577 : F6;
1578 : F7;
1579 : FA;
1580 : 0B;
1581 : FB;
1582 : FC;
1583 : 06;
1584 : FD;
1585 : 06;
1586 : FF;
1587 : F8;
1588 : FA;
1589 : 06;
1590 : FF;
1591 : FF;
1592 : 00;
1593 : 0A;
1594 : F8;
1595 : 02;
1596 : FB;
1597 : F9;
1598 : FC;
1599 : 06;
1600 : 06;
1601 : 09;
1602 : 0A;
1603 : 0A;
1604 : 0B;
1605 : F7;
1606 : 04;
1607 : FA;
1608 : 05;
1609 : F9;
1610 : 09;
1611 : 01;
1612 : F9;
1613 : FA;
1614 : 0A;
1615 : 07;
1616 : 08;
1617 : FA;
1618 : 00;
1619 : 01;
1620 : 03;
1621 : FD;
1622 : 07;
1623 : FB;
1624 : FE;
1625 : 03;
1626 : F9;
1627 : FE;
1628 : 04;
1629 : 02;
1630 : FE;
1631 : F9;
1632 : 07;
1633 : FE;
1634 : FC;
1635 : F8;
1636 : FE;
1637 : FC;
1638 : 06;
1639 : 05;
1640 : 01;
1641 : FC;
1642 : 09;
1643 : 05;
1644 : 09;
1645 : 03;
1646 : FB;
1647 : FA;
1648 : 0A;
1649 : 06;
1650 : 0A;
1651 : FC;
1652 : 07;
1653 : F9;
1654 : F8;
1655 : F7;
1656 : FD;
1657 : FA;
1658 : FC;
1659 : 06;
1660 : FB;
1661 : FC;
1662 : F5;
1663 : FB;
1664 : 09;
1665 : 04;
1666 : FA;
1667 : 06;
1668 : FD;
1669 : FA;
1670 : 00;
1671 : F7;
1672 : 09;
1673 : FF;
1674 : F8;
1675 : FA;
1676 : 01;
1677 : 07;
1678 : 03;
1679 : 02;
1680 : F6;
1681 : FA;
1682 : 07;
1683 : F6;
1684 : 0A;
1685 : 09;
1686 : 00;
1687 : FD;
1688 : 08;
1689 : F9;
1690 : FC;
1691 : 01;
1692 : FA;
1693 : 06;
1694 : 00;
1695 : 05;
1696 : FE;
1697 : 05;
1698 : FC;
1699 : 0B;
1700 : 03;
1701 : F7;
1702 : FA;
1703 : 03;
1704 : 01;
1705 : FB;
1706 : 05;
1707 : FD;
1708 : 0A;
1709 : FF;
1710 : F7;
1711 : 01;
1712 : F7;
1713 : FA;
1714 : F7;
1715 : 06;
1716 : 09;
1717 : 01;
1718 : F9;
1719 : FB;
1720 : F5;
1721 : 06;
1722 : 04;
1723 : 06;
1724 : 05;
1725 : 0A;
1726 : 00;
1727 : FE;
1728 : 06;
1729 : 02;
1730 : FA;
1731 : F8;
1732 : FB;
1733 : 06;
1734 : F8;
1735 : FF;
1736 : FB;
1737 : FB;
1738 : 02;
1739 : FF;
1740 : 05;
1741 : 08;
1742 : 05;
1743 : 0D;
1744 : 0B;
1745 : FD;
1746 : F0;
1747 : 07;
1748 : FC;
1749 : FA;
1750 : FA;
1751 : FE;
1752 : F6;
1753 : 02;
1754 : 00;
1755 : FA;
1756 : F5;
1757 : FD;
1758 : F9;
1759 : FD;
1760 : F8;
1761 : F7;
1762 : ED;
1763 : F5;
1764 : 00;
1765 : 04;
1766 : 0A;
1767 : F9;
1768 : F7;
1769 : FF;
1770 : F1;
1771 : FD;
1772 : F4;
1773 : 00;
1774 : F7;
1775 : 03;
1776 : F8;
1777 : 06;
1778 : 0C;
1779 : F1;
1780 : FC;
1781 : 03;
1782 : 06;
1783 : EC;
1784 : FB;
1785 : F6;
1786 : 00;
1787 : FE;
1788 : F3;
1789 : 0D;
1790 : 03;
1791 : 0B;
1792 : E7;
1793 : F1;
1794 : EC;
1795 : 03;
1796 : 02;
1797 : 02;
1798 : F5;
1799 : 09;
1800 : 11;
1801 : 05;
1802 : FB;
1803 : 17;
1804 : 10;
1805 : 06;
1806 : EB;
1807 : 13;
1808 : 07;
1809 : EB;
1810 : 0F;
1811 : 09;
1812 : 11;
1813 : DD;
1814 : DE;
1815 : DC;
1816 : 05;
1817 : 00;
1818 : EB;
1819 : 04;
1820 : FB;
1821 : FE;
1822 : D7;
1823 : DF;
1824 : FF;
1825 : E9;
1826 : 1E;
1827 : FC;
1828 : 0B;
1829 : 11;
1830 : F9;
1831 : 21;
1832 : FF;
1833 : 20;
1834 : 19;
1835 : 0F;
1836 : F1;
1837 : 1A;
1838 : F4;
1839 : FC;
1840 : 0D;
1841 : 19;
1842 : 0B;
1843 : F3;
1844 : F1;
1845 : F5;
1846 : 1C;
1847 : 11;
1848 : DD;
1849 : FA;
1850 : EC;
1851 : F6;
1852 : FA;
1853 : F3;
1854 : 11;
1855 : F1;
1856 : 23;
1857 : F9;
1858 : 0C;
1859 : 01;
1860 : E6;
1861 : 1C;
1862 : FD;
1863 : 32;
1864 : 22;
1865 : 2C;
1866 : F8;
1867 : 21;
1868 : F0;
1869 : EC;
1870 : 28;
1871 : 1A;
1872 : 0B;
1873 : E2;
1874 : C6;
1875 : D8;
1876 : 02;
1877 : 08;
1878 : DC;
1879 : DB;
1880 : F1;
1881 : F0;
1882 : F3;
1883 : F6;
1884 : 1C;
1885 : F1;
1886 : 39;
1887 : 04;
1888 : FD;
1889 : 1F;
1890 : F6;
1891 : 1D;
1892 : E6;
1893 : 3E;
1894 : 22;
1895 : 38;
1896 : DF;
1897 : 48;
1898 : E8;
1899 : E0;
1900 : 32;
1901 : 31;
1902 : 26;
1903 : E0;
1904 : AC;
1905 : CE;
1906 : FF;
1907 : 10;
1908 : CB;
1909 : DA;
1910 : E4;
1911 : EA;
1912 : DD;
1913 : DE;
1914 : FE;
1915 : E6;
1916 : 44;
1917 : 01;
1918 : 12;
1919 : 1A;
1920 : D9;
1921 : 1C;
1922 : E1;
1923 : 52;
1924 : 20;
1925 : 37;
1926 : CC;
1927 : 59;
1928 : 04;
1929 : EC;
1930 : 32;
1931 : 35;
1932 : 21;
1933 : EF;
1934 : 96;
1935 : CF;
1936 : E2;
1937 : 04;
1938 : C4;
1939 : D6;
1940 : D2;
1941 : CB;
1942 : E2;
1943 : C8;
1944 : 18;
1945 : D8;
1946 : 4E;
1947 : FE;
1948 : 16;
1949 : 23;
1950 : DB;
1951 : 01;
1952 : FD;
1953 : 60;
1954 : 07;
1955 : 48;
1956 : BF;
1957 : 45;
1958 : 03;
1959 : FC;
1960 : 16;
1961 : 3C;
1962 : 2D;
1963 : 12;
1964 : A1;
1965 : C9;
1966 : E0;
1967 : F0;
1968 : D5;
1969 : B6;
1970 : C5;
1971 : E0;
1972 : 13;
1973 : EE;
1974 : 10;
1975 : FB;
1976 : 4D;
1977 : 00;
1978 : 21;
1979 : 32;
1980 : DB;
1981 : 16;
1982 : 03;
1983 : 5F;
1984 : 1C;
1985 : 48;
1986 : A7;
1987 : 44;
1988 : 03;
1989 : E8;
1990 : 0E;
1991 : 4F;
1992 : 2D;
1993 : 10;
1994 : 8B;
1995 : A1;
1996 : CB;
1997 : E4;
1998 : DC;
1999 : B4;
2000 : AB;
2001 : C6;
2002 : F1;
2003 : DF;
2004 : 13;
2005 : DC;
2006 : 67;
2007 : 03;
2008 : 20;
2009 : 3A;
2010 : C1;
2011 : 27;
2012 : 06;
2013 : 6F;
2014 : 28;
2015 : 5D;
2016 : 99;
2017 : 46;
2018 : 04;
2019 : EE;
2020 : 05;
2021 : 4A;
2022 : 19;
2023 : 08;
2024 : 9A;
2025 : 98;
2026 : E9;
2027 : FC;
2028 : D3;
2029 : C6;
2030 : C5;
2031 : CC;
2032 : F6;
2033 : E8;
2034 : 0A;
2035 : DF;
2036 : 73;
2037 : 16;
2038 : 22;
2039 : 59;
2040 : C2;
2041 : 27;
2042 : 0B;
2043 : 60;
2044 : 07;
2045 : 4E;
2046 : 9A;
2047 : 37;
2048 : 1C;
2049 : 0B;
2050 : FF;
2051 : 2C;
2052 : 14;
2053 : 05;
2054 : B5;
2055 : 9F;
2056 : FA;
2057 : 0F;
2058 : DB;
2059 : D3;
2060 : C4;
2061 : D8;
2062 : 0C;
2063 : EE;
2064 : 13;
2065 : FC;
2066 : 7F;
2067 : 1F;
2068 : 0A;
2069 : 68;
2070 : DF;
2071 : 21;
2072 : FA;
2073 : 3F;
2074 : 03;
2075 : 49;
2076 : D6;
2077 : 41;
2078 : 0C;
2079 : 06;
2080 : F9;
2081 : EE;
2082 : 10;
2083 : 18;
2084 : CA;
2085 : BC;
2086 : 06;
2087 : 2C;
2088 : DD;
2089 : C0;
2090 : C7;
2091 : 06;
2092 : 14;
2093 : FF;
2094 : 25;
2095 : FA;
2096 : 54;
2097 : 01;
2098 : F7;
2099 : 5E;
2100 : F2;
2101 : 31;
2102 : F9;
2103 : 44;
2104 : 15;
2105 : 46;
2106 : D4;
2107 : 3C;
2108 : 07;
2109 : 00;
2110 : 10;
2111 : F7;
2112 : 13;
2113 : 0B;
2114 : DD;
2115 : D9;
2116 : FC;
2117 : 2E;
2118 : D3;
2119 : B6;
2120 : BC;
2121 : DD;
2122 : 27;
2123 : E3;
2124 : 4F;
2125 : F8;
2126 : 77;
2127 : F9;
2128 : FB;
2129 : 51;
2130 : 00;
2131 : 19;
2132 : F1;
2133 : 4C;
2134 : 0B;
2135 : 41;
2136 : BA;
2137 : 35;
2138 : 0C;
2139 : 16;
2140 : 04;
2141 : F7;
2142 : 02;
2143 : EF;
2144 : E9;
2145 : C0;
2146 : F6;
2147 : 31;
2148 : D0;
2149 : AD;
2150 : 9A;
2151 : F0;
2152 : 17;
2153 : F8;
2154 : 4D;
2155 : 04;
2156 : 69;
2157 : EE;
2158 : F2;
2159 : 49;
2160 : 04;
2161 : FF;
2162 : F6;
2163 : 42;
2164 : 1C;
2165 : 3A;
2166 : C1;
2167 : 26;
2168 : FA;
2169 : 18;
2170 : F8;
2171 : F7;
2172 : 08;
2173 : D7;
2174 : E9;
2175 : AA;
2176 : E7;
2177 : 08;
2178 : D5;
2179 : E3;
2180 : CB;
2181 : DF;
2182 : 0C;
2183 : 08;
2184 : 28;
2185 : 1B;
2186 : 3F;
2187 : F0;
2188 : E0;
2189 : 35;
2190 : 05;
2191 : F2;
2192 : F7;
2193 : 36;
2194 : 21;
2195 : 14;
2196 : CD;
2197 : 23;
2198 : FB;
2199 : 07;
2200 : F9;
2201 : 10;
2202 : 29;
2203 : D4;
2204 : E5;
2205 : BE;
2206 : F6;
2207 : 0B;
2208 : D5;
2209 : E4;
2210 : BA;
2211 : CE;
2212 : 11;
2213 : FD;
2214 : 2C;
2215 : 05;
2216 : 49;
2217 : FA;
2218 : 0B;
2219 : 20;
2220 : 1A;
2221 : F3;
2222 : F5;
2223 : 36;
2224 : 23;
2225 : 26;
2226 : AF;
2227 : 42;
2228 : E2;
2229 : FA;
2230 : FA;
2231 : 07;
2232 : 31;
2233 : C8;
2234 : EB;
2235 : 9A;
2236 : 07;
2237 : 11;
2238 : DF;
2239 : E4;
2240 : BB;
2241 : EC;
2242 : F9;
2243 : FB;
2244 : 47;
2245 : F4;
2246 : 3F;
2247 : F3;
2248 : 0A;
2249 : 06;
2250 : 11;
2251 : FF;
2252 : F1;
2253 : 3E;
2254 : 4A;
2255 : 19;
2256 : 9A;
2257 : 68;
2258 : C3;
2259 : D0;
2260 : 27;
2261 : 04;
2262 : 38;
2263 : CB;
2264 : CE;
2265 : BC;
2266 : 21;
2267 : 16;
2268 : DB;
2269 : EB;
2270 : D9;
2271 : E2;
2272 : EB;
2273 : FC;
2274 : 39;
2275 : EC;
2276 : 60;
2277 : D6;
2278 : 1E;
2279 : 0B;
2280 : 27;
2281 : 13;
2282 : 01;
2283 : 45;
2284 : 35;
2285 : 1A;
2286 : A4;
2287 : 58;
2288 : D5;
2289 : CF;
2290 : 3F;
2291 : FB;
2292 : 26;
2293 : CE;
2294 : CD;
2295 : B3;
2296 : 10;
2297 : 07;
2298 : DC;
2299 : D9;
2300 : C9;
2301 : E9;
2302 : EC;
2303 : 00;
2304 : 40;
2305 : E3;
2306 : 63;
2307 : D5;
2308 : 1E;
2309 : 00;
2310 : 27;
2311 : 2C;
2312 : F4;
2313 : 3F;
2314 : 2E;
2315 : 19;
2316 : C3;
2317 : 5B;
2318 : DC;
2319 : C9;
2320 : 43;
2321 : 04;
2322 : 1A;
2323 : CB;
2324 : C4;
2325 : C5;
2326 : 11;
2327 : 12;
2328 : E6;
2329 : DD;
2330 : C4;
2331 : DF;
2332 : D8;
2333 : FB;
2334 : 30;
2335 : EB;
2336 : 49;
2337 : F9;
2338 : 2B;
2339 : 07;
2340 : 2F;
2341 : 2C;
2342 : ED;
2343 : 2B;
2344 : 3C;
2345 : 02;
2346 : C8;
2347 : 56;
2348 : E5;
2349 : B9;
2350 : 2B;
2351 : 08;
2352 : 19;
2353 : BC;
2354 : C5;
2355 : CD;
2356 : 11;
2357 : 12;
2358 : E2;
2359 : E2;
2360 : CC;
2361 : F4;
2362 : D1;
2363 : F7;
2364 : 1D;
2365 : DA;
2366 : 30;
2367 : F0;
2368 : 34;
2369 : 13;
2370 : 17;
2371 : 08;
2372 : FC;
2373 : 26;
2374 : 20;
2375 : 0E;
2376 : CA;
2377 : 38;
2378 : 01;
2379 : D4;
2380 : 25;
2381 : 06;
2382 : 0A;
2383 : CC;
2384 : D8;
2385 : C7;
2386 : E9;
2387 : 11;
2388 : ED;
2389 : F2;
2390 : D4;
2391 : 01;
2392 : E0;
2393 : F3;
2394 : 1B;
2395 : F9;
2396 : 28;
2397 : 03;
2398 : 1D;
2399 : 29;
2400 : FE;
2401 : 12;
2402 : F4;
2403 : 2D;
2404 : 1D;
2405 : 16;
2406 : D1;
2407 : 29;
2408 : 05;
2409 : 0A;
2410 : 17;
2411 : 1C;
2412 : 0E;
2413 : E2;
2414 : ED;
2415 : C0;
2416 : EA;
2417 : FA;
2418 : 07;
2419 : D7;
2420 : E8;
2421 : 07;
2422 : E4;
2423 : F0;
2424 : 09;
2425 : F7;
2426 : 0C;
2427 : 14;
2428 : 28;
2429 : 12;
2430 : 00;
2431 : 01;
2432 : FB;
2433 : 16;
2434 : F9;
2435 : 08;
2436 : EC;
2437 : 1D;
2438 : 0D;
2439 : 10;
2440 : 0C;
2441 : FD;
2442 : 06;
2443 : EC;
2444 : 02;
2445 : ED;
2446 : E9;
2447 : F5;
2448 : 08;
2449 : FB;
2450 : 0D;
2451 : 0D;
2452 : FB;
2453 : 0C;
2454 : F7;
2455 : 0C;
2456 : F6;
2457 : 05;
2458 : 15;
2459 : 0C;
2460 : 03;
2461 : 02;
2462 : 05;
2463 : FB;
2464 : 07;
2465 : F5;
2466 : 00;
2467 : 06;
2468 : 07;
2469 : FC;
2470 : 09;
2471 : 04;
2472 : F6;
2473 : 00;
2474 : 07;
2475 : FC;
2476 : FD;
2477 : 06;
2478 : FA;
2479 : FF;
2480 : 06;
2481 : FF;
2482 : FE;
2483 : F9;
2484 : FD;
2485 : F6;
2486 : FD;
2487 : FE;
2488 : F5;
2489 : 0B;
2490 : FB;
2491 : 04;
2492 : FC;
2493 : 09;
2494 : F7;
2495 : FE;
2496 : 08;
2497 : 05;
2498 : 0A;
2499 : 01;
2500 : 07;
2501 : FB;
2502 : 0A;
2503 : F8;
2504 : 09;
2505 : FF;
2506 : FC;
2507 : F8;
2508 : FE;
2509 : F7;
2510 : 04;
2511 : 02;
2512 : 09;
2513 : F6;
2514 : FD;
2515 : 02;
2516 : FD;
2517 : 0A;
2518 : 0A;
2519 : 08;
2520 : 00;
2521 : FA;
2522 : FE;
2523 : 01;
2524 : FB;
2525 : 04;
2526 : 02;
2527 : 05;
2528 : 09;
2529 : 05;
2530 : 02;
2531 : 0A;
2532 : FF;
2533 : FF;
2534 : 09;
2535 : FC;
2536 : F9;
2537 : 06;
2538 : 07;
2539 : 03;
2540 : 04;
2541 : 05;
2542 : 07;
2543 : 03;
2544 : 08;
2545 : 07;
2546 : 01;
2547 : FE;
2548 : F9;
2549 : F8;
2550 : F6;
2551 : F9;
2552 : FA;
2553 : F5;
2554 : 0A;
2555 : FF;
2556 : F7;
2557 : FA;
2558 : 06;
2559 : FE;
2560 : F6;
2561 : F7;
2562 : FB;
2563 : 09;
2564 : FC;
2565 : 08;
2566 : 03;
2567 : 01;
2568 : FE;
2569 : 00;
2570 : 01;
2571 : FA;
2572 : F7;
2573 : F7;
2574 : FA;
2575 : 08;
2576 : F6;
2577 : 03;
2578 : 01;
2579 : 0A;
2580 : 0D;
2581 : 03;
2582 : 02;
2583 : 06;
2584 : 0A;
2585 : FD;
2586 : FE;
2587 : 02;
2588 : F9;
2589 : 0F;
2590 : 04;
2591 : 0A;
2592 : EB;
2593 : 01;
2594 : EF;
2595 : E7;
2596 : 07;
2597 : 12;
2598 : F8;
2599 : F4;
2600 : FE;
2601 : 14;
2602 : E7;
2603 : 18;
2604 : 0C;
2605 : 08;
2606 : 04;
2607 : ED;
2608 : F6;
2609 : 14;
2610 : 05;
2611 : F3;
2612 : FF;
2613 : 1F;
2614 : 0D;
2615 : 13;
2616 : EF;
2617 : 1A;
2618 : 10;
2619 : FD;
2620 : 12;
2621 : 07;
2622 : 05;
2623 : EE;
2624 : F6;
2625 : F1;
2626 : F9;
2627 : EF;
2628 : DD;
2629 : 0D;
2630 : EF;
2631 : 06;
2632 : E8;
2633 : E7;
2634 : 00;
2635 : 07;
2636 : 0F;
2637 : F4;
2638 : F1;
2639 : 0D;
2640 : 0E;
2641 : 02;
2642 : F7;
2643 : 00;
2644 : 19;
2645 : 21;
2646 : 01;
2647 : 0A;
2648 : F0;
2649 : FB;
2650 : 0A;
2651 : 05;
2652 : 14;
2653 : D9;
2654 : 06;
2655 : 07;
2656 : 17;
2657 : FF;
2658 : EA;
2659 : FC;
2660 : F5;
2661 : E5;
2662 : 01;
2663 : F4;
2664 : 14;
2665 : F1;
2666 : 20;
2667 : DA;
2668 : F1;
2669 : 01;
2670 : 0B;
2671 : 16;
2672 : 05;
2673 : 14;
2674 : 1A;
2675 : F5;
2676 : DA;
2677 : 1B;
2678 : 01;
2679 : F1;
2680 : 19;
2681 : F5;
2682 : EE;
2683 : 0D;
2684 : 01;
2685 : 07;
2686 : E1;
2687 : 0D;
2688 : DF;
2689 : FF;
2690 : E4;
2691 : F8;
2692 : F6;
2693 : FD;
2694 : 15;
2695 : FF;
2696 : 27;
2697 : FC;
2698 : 1A;
2699 : 2A;
2700 : FA;
2701 : 19;
2702 : 07;
2703 : 35;
2704 : 10;
2705 : 17;
2706 : CE;
2707 : 21;
2708 : 0A;
2709 : F5;
2710 : 25;
2711 : FC;
2712 : 00;
2713 : 1A;
2714 : D8;
2715 : DB;
2716 : E8;
2717 : 11;
2718 : D4;
2719 : EB;
2720 : E0;
2721 : ED;
2722 : F3;
2723 : FF;
2724 : 1A;
2725 : 09;
2726 : 32;
2727 : 02;
2728 : 1C;
2729 : 2B;
2730 : F6;
2731 : 0F;
2732 : 11;
2733 : 21;
2734 : 15;
2735 : 35;
2736 : AF;
2737 : 33;
2738 : 0D;
2739 : FE;
2740 : 1D;
2741 : 0D;
2742 : 0E;
2743 : 31;
2744 : E3;
2745 : E2;
2746 : D0;
2747 : 0F;
2748 : D4;
2749 : E7;
2750 : F3;
2751 : EC;
2752 : 0F;
2753 : 02;
2754 : 04;
2755 : 11;
2756 : 37;
2757 : 02;
2758 : 2E;
2759 : 3B;
2760 : D9;
2761 : 02;
2762 : 22;
2763 : 24;
2764 : 19;
2765 : 45;
2766 : A0;
2767 : 27;
2768 : 24;
2769 : FE;
2770 : FF;
2771 : 0D;
2772 : 08;
2773 : 29;
2774 : DB;
2775 : E1;
2776 : BB;
2777 : E1;
2778 : CA;
2779 : 08;
2780 : F7;
2781 : F0;
2782 : 12;
2783 : 09;
2784 : EF;
2785 : 12;
2786 : 58;
2787 : 18;
2788 : 3B;
2789 : 50;
2790 : C0;
2791 : 04;
2792 : 04;
2793 : 37;
2794 : 13;
2795 : 4A;
2796 : 9B;
2797 : 22;
2798 : 1E;
2799 : 01;
2800 : F6;
2801 : 1D;
2802 : 0E;
2803 : 24;
2804 : CA;
2805 : EE;
2806 : B8;
2807 : FB;
2808 : DF;
2809 : DF;
2810 : D6;
2811 : EA;
2812 : 26;
2813 : FF;
2814 : 14;
2815 : 05;
2816 : 4E;
2817 : 22;
2818 : 30;
2819 : 4D;
2820 : C9;
2821 : 06;
2822 : 25;
2823 : 2C;
2824 : 0A;
2825 : 42;
2826 : B5;
2827 : 1A;
2828 : 20;
2829 : 01;
2830 : F5;
2831 : 19;
2832 : 08;
2833 : 27;
2834 : BA;
2835 : FB;
2836 : C1;
2837 : E8;
2838 : E7;
2839 : 00;
2840 : E5;
2841 : E6;
2842 : 11;
2843 : EE;
2844 : 16;
2845 : FF;
2846 : 60;
2847 : 2E;
2848 : 34;
2849 : 51;
2850 : EA;
2851 : 19;
2852 : 42;
2853 : 16;
2854 : 13;
2855 : 39;
2856 : A8;
2857 : 22;
2858 : 20;
2859 : 11;
2860 : E9;
2861 : 15;
2862 : F9;
2863 : 3C;
2864 : CA;
2865 : F0;
2866 : CC;
2867 : EA;
2868 : F0;
2869 : 06;
2870 : DB;
2871 : D7;
2872 : 09;
2873 : F8;
2874 : 02;
2875 : FE;
2876 : 6E;
2877 : 38;
2878 : 4C;
2879 : 4A;
2880 : EF;
2881 : 03;
2882 : 42;
2883 : 1F;
2884 : 1B;
2885 : 39;
2886 : AA;
2887 : 34;
2888 : 20;
2889 : 1B;
2890 : DD;
2891 : 00;
2892 : E8;
2893 : 3A;
2894 : E1;
2895 : D0;
2896 : F3;
2897 : DE;
2898 : EC;
2899 : 0A;
2900 : CA;
2901 : FE;
2902 : 18;
2903 : 16;
2904 : 08;
2905 : 18;
2906 : 7D;
2907 : 35;
2908 : 2A;
2909 : 65;
2910 : F8;
2911 : 0A;
2912 : 3E;
2913 : 24;
2914 : 15;
2915 : 5C;
2916 : A8;
2917 : 31;
2918 : 2E;
2919 : 28;
2920 : E7;
2921 : F9;
2922 : E7;
2923 : 0D;
2924 : ED;
2925 : E4;
2926 : E8;
2927 : E3;
2928 : E0;
2929 : FD;
2930 : C6;
2931 : 0A;
2932 : 17;
2933 : 00;
2934 : 27;
2935 : 07;
2936 : 5B;
2937 : 34;
2938 : 29;
2939 : 7F;
2940 : 0F;
2941 : 0C;
2942 : 2F;
2943 : 16;
2944 : 25;
2945 : 58;
2946 : AE;
2947 : 2C;
2948 : 1F;
2949 : 13;
2950 : D8;
2951 : FA;
2952 : EE;
2953 : 10;
2954 : 10;
2955 : F3;
2956 : E2;
2957 : DD;
2958 : D7;
2959 : 08;
2960 : CD;
2961 : DF;
2962 : 1A;
2963 : F6;
2964 : 29;
2965 : F7;
2966 : 5F;
2967 : 29;
2968 : 3C;
2969 : 72;
2970 : 17;
2971 : 02;
2972 : 2A;
2973 : 0C;
2974 : 18;
2975 : 53;
2976 : B5;
2977 : 21;
2978 : FF;
2979 : 0D;
2980 : C9;
2981 : E8;
2982 : F2;
2983 : 01;
2984 : 10;
2985 : EA;
2986 : E8;
2987 : ED;
2988 : D6;
2989 : 0E;
2990 : E9;
2991 : EB;
2992 : 06;
2993 : 0B;
2994 : 34;
2995 : 03;
2996 : 48;
2997 : 0A;
2998 : 22;
2999 : 4A;
3000 : 27;
3001 : FD;
3002 : 39;
3003 : 1F;
3004 : 19;
3005 : 44;
3006 : C7;
3007 : 2A;
3008 : 15;
3009 : 12;
3010 : CF;
3011 : F4;
3012 : 0A;
3013 : 02;
3014 : 16;
3015 : D3;
3016 : ED;
3017 : EC;
3018 : CC;
3019 : 0A;
3020 : DE;
3021 : E9;
3022 : E6;
3023 : F0;
3024 : 2B;
3025 : F8;
3026 : 31;
3027 : 06;
3028 : 18;
3029 : 34;
3030 : 16;
3031 : 00;
3032 : 29;
3033 : 1E;
3034 : 1F;
3035 : 2C;
3036 : E2;
3037 : 16;
3038 : FC;
3039 : F7;
3040 : D9;
3041 : E5;
3042 : 2B;
3043 : 0A;
3044 : 17;
3045 : E6;
3046 : F0;
3047 : F0;
3048 : E8;
3049 : 1C;
3050 : DB;
3051 : F1;
3052 : DD;
3053 : E2;
3054 : 3B;
3055 : F0;
3056 : 3A;
3057 : F9;
3058 : 15;
3059 : 1A;
3060 : 33;
3061 : EA;
3062 : 0B;
3063 : 0D;
3064 : 25;
3065 : 16;
3066 : E1;
3067 : 22;
3068 : D2;
3069 : E6;
3070 : E2;
3071 : DE;
3072 : 2D;
3073 : EC;
3074 : 0D;
3075 : E2;
3076 : 08;
3077 : FA;
3078 : FC;
3079 : F6;
3080 : D2;
3081 : E6;
3082 : D7;
3083 : F3;
3084 : 3E;
3085 : DF;
3086 : 3E;
3087 : EF;
3088 : 00;
3089 : FD;
3090 : 2F;
3091 : F8;
3092 : 0E;
3093 : 10;
3094 : 43;
3095 : 01;
3096 : D2;
3097 : 23;
3098 : D4;
3099 : DF;
3100 : F9;
3101 : FB;
3102 : 3A;
3103 : FB;
3104 : 05;
3105 : E3;
3106 : 08;
3107 : 05;
3108 : FB;
3109 : FD;
3110 : D2;
3111 : DA;
3112 : E1;
3113 : 0A;
3114 : 46;
3115 : EB;
3116 : 63;
3117 : DA;
3118 : 0F;
3119 : 0C;
3120 : 1A;
3121 : F8;
3122 : 1F;
3123 : 17;
3124 : 41;
3125 : 09;
3126 : C2;
3127 : 15;
3128 : CB;
3129 : DA;
3130 : F9;
3131 : F6;
3132 : 3F;
3133 : F3;
3134 : 10;
3135 : C9;
3136 : 18;
3137 : 02;
3138 : EF;
3139 : 09;
3140 : F7;
3141 : D8;
3142 : FC;
3143 : 0C;
3144 : 3D;
3145 : EB;
3146 : 50;
3147 : C6;
3148 : 0E;
3149 : FA;
3150 : 1B;
3151 : 05;
3152 : FD;
3153 : 1A;
3154 : 38;
3155 : 11;
3156 : C4;
3157 : 32;
3158 : D1;
3159 : C1;
3160 : 22;
3161 : 02;
3162 : 3E;
3163 : D1;
3164 : F9;
3165 : 03;
3166 : 14;
3167 : 09;
3168 : F0;
3169 : F6;
3170 : F7;
3171 : D7;
3172 : 0C;
3173 : 01;
3174 : 37;
3175 : ED;
3176 : 42;
3177 : D1;
3178 : 04;
3179 : E0;
3180 : 06;
3181 : 10;
3182 : D6;
3183 : 0A;
3184 : 43;
3185 : 07;
3186 : AA;
3187 : 3C;
3188 : E9;
3189 : A5;
3190 : 2F;
3191 : 03;
3192 : 30;
3193 : C8;
3194 : F2;
3195 : 10;
3196 : 18;
3197 : 17;
3198 : F4;
3199 : F0;
3200 : F9;
3201 : E4;
3202 : 16;
3203 : F4;
3204 : 34;
3205 : DF;
3206 : 26;
3207 : D9;
3208 : 15;
3209 : EF;
3210 : FF;
3211 : 0F;
3212 : C7;
3213 : 03;
3214 : 4A;
3215 : 09;
3216 : AB;
3217 : 3D;
3218 : ED;
3219 : A0;
3220 : 19;
3221 : F0;
3222 : 20;
3223 : E0;
3224 : D8;
3225 : F4;
3226 : 04;
3227 : 0C;
3228 : EC;
3229 : D6;
3230 : F5;
3231 : E3;
3232 : 08;
3233 : 03;
3234 : 21;
3235 : DB;
3236 : 0E;
3237 : E9;
3238 : 09;
3239 : F8;
3240 : ED;
3241 : FB;
3242 : D2;
3243 : 12;
3244 : 37;
3245 : F8;
3246 : B9;
3247 : 2B;
3248 : FF;
3249 : CD;
3250 : 13;
3251 : 06;
3252 : 2D;
3253 : EE;
3254 : E8;
3255 : EA;
3256 : E9;
3257 : 0B;
3258 : FB;
3259 : E9;
3260 : 1E;
3261 : F9;
3262 : FB;
3263 : 0B;
3264 : 16;
3265 : F0;
3266 : 1D;
3267 : 04;
3268 : 1D;
3269 : 0B;
3270 : E2;
3271 : F8;
3272 : DC;
3273 : 17;
3274 : 1E;
3275 : FD;
3276 : D5;
3277 : 24;
3278 : 1B;
3279 : F4;
3280 : FC;
3281 : FA;
3282 : 12;
3283 : 12;
3284 : FF;
3285 : 0B;
3286 : F5;
3287 : F5;
3288 : 06;
3289 : FF;
3290 : 04;
3291 : 05;
3292 : 08;
3293 : 0F;
3294 : F6;
3295 : FA;
3296 : 0E;
3297 : 0C;
3298 : 20;
3299 : 11;
3300 : F3;
3301 : 05;
3302 : 05;
3303 : 12;
3304 : 19;
3305 : 0B;
3306 : E4;
3307 : 0E;
3308 : F6;
3309 : F3;
3310 : 12;
3311 : 06;
3312 : 08;
3313 : F3;
3314 : F8;
3315 : F8;
3316 : 09;
3317 : F4;
3318 : 01;
3319 : 0C;
3320 : 0A;
3321 : E7;
3322 : FD;
3323 : ED;
3324 : 03;
3325 : F5;
3326 : 08;
3327 : F5;
3328 : 13;
3329 : 15;
3330 : 03;
3331 : FD;
3332 : 02;
3333 : 07;
3334 : 08;
3335 : 0B;
3336 : F7;
3337 : 01;
3338 : 02;
3339 : FA;
3340 : 06;
3341 : 03;
3342 : 03;
3343 : 06;
3344 : 06;
3345 : F8;
3346 : 04;
3347 : 08;
3348 : F6;
3349 : F6;
3350 : 01;
3351 : 04;
3352 : F7;
3353 : FB;
3354 : FC;
3355 : 04;
3356 : F8;
3357 : FC;
3358 : 03;
3359 : 00;
3360 : 0B;
3361 : 04;
3362 : 04;
3363 : F9;
3364 : FB;
3365 : F5;
3366 : 06;
3367 : FD;
3368 : 07;
3369 : 0B;
3370 : 0A;
3371 : 01;
3372 : F6;
3373 : FB;
3374 : FF;
3375 : 06;
3376 : FC;
3377 : F6;
3378 : 07;
3379 : 02;
3380 : F9;
3381 : FE;
3382 : 04;
3383 : FB;
3384 : 03;
3385 : F6;
3386 : F9;
3387 : 05;
3388 : 0A;
3389 : 00;
3390 : 0F;
3391 : F4;
3392 : FD;
3393 : 04;
3394 : 0A;
3395 : F8;
3396 : 04;
3397 : FC;
3398 : F8;
3399 : FE;
3400 : FB;
3401 : F5;
3402 : F0;
3403 : 0C;
3404 : 0A;
3405 : F3;
3406 : 09;
3407 : FE;
3408 : FA;
3409 : 0D;
3410 : 0E;
3411 : F5;
3412 : FE;
3413 : 0C;
3414 : F6;
3415 : 0B;
3416 : FD;
3417 : 03;
3418 : 02;
3419 : FD;
3420 : FF;
3421 : 14;
3422 : 13;
3423 : 01;
3424 : 0A;
3425 : FC;
3426 : F0;
3427 : FD;
3428 : 0F;
3429 : 19;
3430 : 09;
3431 : EF;
3432 : F1;
3433 : 18;
3434 : 0F;
3435 : DE;
3436 : 0A;
3437 : 15;
3438 : F4;
3439 : FF;
3440 : 0B;
3441 : 22;
3442 : E5;
3443 : 09;
3444 : F9;
3445 : 16;
3446 : F5;
3447 : F8;
3448 : EC;
3449 : 0C;
3450 : 15;
3451 : FA;
3452 : 1D;
3453 : F7;
3454 : 16;
3455 : F3;
3456 : F0;
3457 : 10;
3458 : 07;
3459 : 15;
3460 : 05;
3461 : EA;
3462 : F2;
3463 : 05;
3464 : 0D;
3465 : DC;
3466 : F8;
3467 : EA;
3468 : FD;
3469 : 13;
3470 : 0D;
3471 : 1B;
3472 : E2;
3473 : 15;
3474 : DC;
3475 : F8;
3476 : 12;
3477 : EB;
3478 : EC;
3479 : 02;
3480 : 17;
3481 : 1B;
3482 : FF;
3483 : F3;
3484 : 21;
3485 : F4;
3486 : F9;
3487 : 22;
3488 : F2;
3489 : F0;
3490 : 1C;
3491 : F5;
3492 : D8;
3493 : 30;
3494 : 31;
3495 : FC;
3496 : FD;
3497 : 1E;
3498 : F6;
3499 : 03;
3500 : F2;
3501 : F9;
3502 : DB;
3503 : 14;
3504 : F9;
3505 : EE;
3506 : 17;
3507 : E5;
3508 : 04;
3509 : 23;
3510 : 21;
3511 : 06;
3512 : 1B;
3513 : 06;
3514 : 1A;
3515 : E7;
3516 : D1;
3517 : 21;
3518 : 00;
3519 : 0B;
3520 : 13;
3521 : F2;
3522 : D9;
3523 : 47;
3524 : 1D;
3525 : 13;
3526 : E8;
3527 : 0B;
3528 : FE;
3529 : E7;
3530 : E1;
3531 : FD;
3532 : D9;
3533 : 0B;
3534 : 0E;
3535 : 11;
3536 : 0B;
3537 : F8;
3538 : 24;
3539 : 37;
3540 : 03;
3541 : 03;
3542 : 26;
3543 : 16;
3544 : 04;
3545 : FA;
3546 : BF;
3547 : 21;
3548 : 23;
3549 : 12;
3550 : 1A;
3551 : ED;
3552 : D7;
3553 : 46;
3554 : 15;
3555 : E5;
3556 : DB;
3557 : 04;
3558 : 04;
3559 : F1;
3560 : E5;
3561 : FF;
3562 : 06;
3563 : FA;
3564 : 12;
3565 : 26;
3566 : 08;
3567 : 0E;
3568 : 31;
3569 : 25;
3570 : E5;
3571 : F4;
3572 : 11;
3573 : FC;
3574 : 10;
3575 : F1;
3576 : C4;
3577 : 22;
3578 : 0C;
3579 : 04;
3580 : 18;
3581 : F5;
3582 : E9;
3583 : 3D;
3584 : 0F;
3585 : F3;
3586 : E7;
3587 : EA;
3588 : 00;
3589 : 07;
3590 : F6;
3591 : F9;
3592 : FC;
3593 : FC;
3594 : F5;
3595 : 18;
3596 : 04;
3597 : 0E;
3598 : 3D;
3599 : 19;
3600 : EA;
3601 : 0A;
3602 : 1C;
3603 : E5;
3604 : 04;
3605 : FA;
3606 : AE;
3607 : 2A;
3608 : 24;
3609 : 05;
3610 : 00;
3611 : EA;
3612 : E4;
3613 : 46;
3614 : 0D;
3615 : F8;
3616 : C3;
3617 : F5;
3618 : FB;
3619 : F4;
3620 : EC;
3621 : 05;
3622 : FE;
3623 : 00;
3624 : F2;
3625 : 0C;
3626 : 0C;
3627 : 21;
3628 : 49;
3629 : 3E;
3630 : E0;
3631 : F5;
3632 : 12;
3633 : F5;
3634 : F5;
3635 : 1E;
3636 : A7;
3637 : 2C;
3638 : 26;
3639 : 06;
3640 : E9;
3641 : FE;
3642 : F1;
3643 : 2D;
3644 : F9;
3645 : F9;
3646 : D3;
3647 : F3;
3648 : FB;
3649 : F9;
3650 : E7;
3651 : 14;
3652 : 0B;
3653 : 08;
3654 : F8;
3655 : 10;
3656 : 0E;
3657 : 2B;
3658 : 39;
3659 : 3A;
3660 : E9;
3661 : E4;
3662 : 1B;
3663 : F8;
3664 : 06;
3665 : 07;
3666 : B4;
3667 : 1E;
3668 : 1C;
3669 : 1B;
3670 : F3;
3671 : F9;
3672 : DE;
3673 : 2A;
3674 : EB;
3675 : 0C;
3676 : E9;
3677 : EA;
3678 : EE;
3679 : 02;
3680 : E8;
3681 : 10;
3682 : 1B;
3683 : 0A;
3684 : F6;
3685 : 1B;
3686 : 19;
3687 : 34;
3688 : 25;
3689 : 34;
3690 : F8;
3691 : DD;
3692 : 1F;
3693 : F3;
3694 : F8;
3695 : 07;
3696 : CD;
3697 : 1C;
3698 : 23;
3699 : 10;
3700 : EB;
3701 : F7;
3702 : E5;
3703 : 21;
3704 : 08;
3705 : FC;
3706 : F4;
3707 : CC;
3708 : FD;
3709 : 19;
3710 : 01;
3711 : 2B;
3712 : 19;
3713 : F0;
3714 : FD;
3715 : 24;
3716 : 13;
3717 : 36;
3718 : 30;
3719 : 0E;
3720 : F3;
3721 : F9;
3722 : 20;
3723 : E5;
3724 : 05;
3725 : 03;
3726 : C8;
3727 : 1F;
3728 : 28;
3729 : 0C;
3730 : ED;
3731 : EB;
3732 : E3;
3733 : 1E;
3734 : 0C;
3735 : 00;
3736 : 05;
3737 : E7;
3738 : 04;
3739 : 08;
3740 : E3;
3741 : 25;
3742 : 1D;
3743 : F7;
3744 : FC;
3745 : 20;
3746 : F5;
3747 : 3A;
3748 : 30;
3749 : FD;
3750 : 07;
3751 : 04;
3752 : 1C;
3753 : FE;
3754 : F7;
3755 : 01;
3756 : DE;
3757 : 15;
3758 : 23;
3759 : 10;
3760 : D2;
3761 : F4;
3762 : D7;
3763 : 17;
3764 : 09;
3765 : E5;
3766 : 02;
3767 : F4;
3768 : ED;
3769 : 0A;
3770 : E3;
3771 : 12;
3772 : 05;
3773 : E8;
3774 : 06;
3775 : 0F;
3776 : 02;
3777 : 24;
3778 : 31;
3779 : 15;
3780 : 0D;
3781 : EC;
3782 : 0E;
3783 : 00;
3784 : F8;
3785 : 0A;
3786 : E4;
3787 : 23;
3788 : 18;
3789 : 23;
3790 : B9;
3791 : E9;
3792 : E0;
3793 : 11;
3794 : 07;
3795 : F1;
3796 : FD;
3797 : DC;
3798 : F7;
3799 : 0A;
3800 : D7;
3801 : 25;
3802 : 0B;
3803 : DB;
3804 : 0E;
3805 : 1A;
3806 : E9;
3807 : 1E;
3808 : 11;
3809 : 0D;
3810 : 0A;
3811 : E7;
3812 : 1C;
3813 : F6;
3814 : 11;
3815 : 1C;
3816 : E2;
3817 : 26;
3818 : 0F;
3819 : 12;
3820 : C0;
3821 : E4;
3822 : EC;
3823 : F8;
3824 : 02;
3825 : EC;
3826 : 09;
3827 : CC;
3828 : F0;
3829 : 19;
3830 : EB;
3831 : 1D;
3832 : F6;
3833 : DC;
3834 : 21;
3835 : 17;
3836 : FC;
3837 : 10;
3838 : 08;
3839 : 0A;
3840 : 09;
3841 : E7;
3842 : 19;
3843 : FA;
3844 : 12;
3845 : 28;
3846 : E9;
3847 : 22;
3848 : 0B;
3849 : 17;
3850 : C8;
3851 : DE;
3852 : 09;
3853 : F3;
3854 : 00;
3855 : FE;
3856 : 06;
3857 : DB;
3858 : 00;
3859 : FB;
3860 : D1;
3861 : 17;
3862 : E1;
3863 : CC;
3864 : 3A;
3865 : 11;
3866 : 09;
3867 : 09;
3868 : 0C;
3869 : F5;
3870 : FB;
3871 : E5;
3872 : 18;
3873 : F6;
3874 : 1D;
3875 : 25;
3876 : E6;
3877 : 12;
3878 : FA;
3879 : F2;
3880 : CD;
3881 : ED;
3882 : 1D;
3883 : E8;
3884 : FA;
3885 : FF;
3886 : FE;
3887 : E0;
3888 : 09;
3889 : 0F;
3890 : E1;
3891 : 11;
3892 : F2;
3893 : D8;
3894 : 31;
3895 : 12;
3896 : 11;
3897 : 01;
3898 : 02;
3899 : F7;
3900 : 13;
3901 : DF;
3902 : 15;
3903 : F4;
3904 : 2A;
3905 : 0B;
3906 : D8;
3907 : 06;
3908 : F1;
3909 : EC;
3910 : CF;
3911 : DE;
3912 : 10;
3913 : F8;
3914 : 13;
3915 : F1;
3916 : F7;
3917 : E5;
3918 : 0F;
3919 : 0B;
3920 : D7;
3921 : 0A;
3922 : EE;
3923 : E8;
3924 : 1F;
3925 : 16;
3926 : 24;
3927 : F8;
3928 : FB;
3929 : FD;
3930 : 21;
3931 : FF;
3932 : 19;
3933 : FC;
3934 : 23;
3935 : 11;
3936 : E0;
3937 : 13;
3938 : ED;
3939 : E2;
3940 : 0E;
3941 : E9;
3942 : 14;
3943 : 04;
3944 : 24;
3945 : E7;
3946 : 02;
3947 : 1A;
3948 : 11;
3949 : FE;
3950 : D1;
3951 : 13;
3952 : EA;
3953 : F2;
3954 : 33;
3955 : 03;
3956 : 0D;
3957 : F9;
3958 : F4;
3959 : F8;
3960 : 0A;
3961 : 02;
3962 : 07;
3963 : 00;
3964 : 13;
3965 : 23;
3966 : DE;
3967 : 0C;
3968 : E4;
3969 : D2;
3970 : 1D;
3971 : E8;
3972 : 3D;
3973 : F8;
3974 : 11;
3975 : FC;
3976 : 05;
3977 : 1E;
3978 : 0E;
3979 : EA;
3980 : DD;
3981 : 00;
3982 : FD;
3983 : EF;
3984 : 2E;
3985 : EF;
3986 : F0;
3987 : F8;
3988 : F8;
3989 : FE;
3990 : 0C;
3991 : 07;
3992 : 01;
3993 : EE;
3994 : 39;
3995 : 19;
3996 : F1;
3997 : 0A;
3998 : DB;
3999 : BD;
4000 : 1D;
4001 : E9;
4002 : 3B;
4003 : EA;
4004 : 06;
4005 : 0E;
4006 : 0D;
4007 : 26;
4008 : F5;
4009 : ED;
4010 : E7;
4011 : F7;
4012 : FD;
4013 : F4;
4014 : 13;
4015 : F0;
4016 : 02;
4017 : CC;
4018 : E6;
4019 : FB;
4020 : 17;
4021 : FC;
4022 : FA;
4023 : E6;
4024 : 41;
4025 : 19;
4026 : ED;
4027 : 14;
4028 : CB;
4029 : AA;
4030 : 24;
4031 : EF;
4032 : 30;
4033 : F2;
4034 : 06;
4035 : 10;
4036 : FA;
4037 : 15;
4038 : E6;
4039 : F8;
4040 : FC;
4041 : E6;
4042 : 03;
4043 : 05;
4044 : 10;
4045 : E5;
4046 : FD;
4047 : D8;
4048 : E3;
4049 : FA;
4050 : 11;
4051 : EB;
4052 : EE;
4053 : E1;
4054 : 47;
4055 : 13;
4056 : FA;
4057 : 0D;
4058 : C1;
4059 : 97;
4060 : 20;
4061 : 0B;
4062 : 1F;
4063 : ED;
4064 : F0;
4065 : 11;
4066 : 17;
4067 : 17;
4068 : C1;
4069 : EB;
4070 : 04;
4071 : DF;
4072 : 0D;
4073 : F7;
4074 : 24;
4075 : E7;
4076 : 0F;
4077 : B9;
4078 : DA;
4079 : E6;
4080 : FA;
4081 : E3;
4082 : EE;
4083 : EA;
4084 : 39;
4085 : 0E;
4086 : FE;
4087 : FB;
4088 : D1;
4089 : CB;
4090 : F8;
4091 : 03;
4092 : 10;
4093 : F4;
4094 : 10;
4095 : 2C;
4096 : 16;
4097 : F3;
4098 : FF;
4099 : 06;
4100 : 27;
4101 : E5;
4102 : 21;
4103 : 1C;
4104 : 22;
4105 : F2;
4106 : 09;
4107 : C9;
4108 : F2;
4109 : D1;
4110 : F5;
4111 : DD;
4112 : 00;
4113 : EE;
4114 : 33;
4115 : 13;
4116 : F2;
4117 : 10;
4118 : FA;
4119 : E8;
4120 : DC;
4121 : F3;
4122 : 2C;
4123 : F4;
4124 : 09;
4125 : 20;
4126 : 11;
4127 : E0;
4128 : 15;
4129 : 06;
4130 : 35;
4131 : F5;
4132 : 2A;
4133 : 0C;
4134 : 08;
4135 : 0E;
4136 : 1D;
4137 : 03;
4138 : FC;
4139 : CD;
4140 : 0B;
4141 : FE;
4142 : 0C;
4143 : 0B;
4144 : FD;
4145 : 20;
4146 : F6;
4147 : 16;
4148 : 0C;
4149 : FE;
4150 : E5;
4151 : E0;
4152 : 0F;
4153 : DD;
4154 : 18;
4155 : 05;
4156 : 17;
4157 : E7;
4158 : 1C;
4159 : 19;
4160 : 2A;
4161 : 0F;
4162 : 1F;
4163 : 08;
4164 : F3;
4165 : FC;
4166 : 17;
4167 : 18;
4168 : 0A;
4169 : DF;
4170 : FB;
4171 : 0D;
4172 : EF;
4173 : 0D;
4174 : FA;
4175 : 13;
4176 : F7;
4177 : 14;
4178 : F9;
4179 : EE;
4180 : F8;
4181 : 0A;
4182 : 14;
4183 : EE;
4184 : 0D;
4185 : F7;
4186 : EE;
4187 : 01;
4188 : 0A;
4189 : EE;
4190 : EA;
4191 : F1;
4192 : FA;
4193 : FC;
4194 : 07;
4195 : ED;
4196 : 12;
4197 : 03;
4198 : 14;
4199 : 09;
4200 : FD;
4201 : FE;
4202 : 0A;
4203 : 00;
4204 : 07;
4205 : F9;
4206 : F6;
4207 : FF;
4208 : 05;
4209 : FE;
4210 : 06;
4211 : 01;
4212 : FD;
4213 : FE;
4214 : F8;
4215 : FF;
4216 : 03;
4217 : F6;
4218 : 0B;
4219 : FB;
4220 : 0A;
4221 : F6;
4222 : 01;
4223 : 05;
4224 : 04;
4225 : 09;
4226 : 00;
4227 : FC;
4228 : 04;
4229 : FB;
4230 : 06;
4231 : FA;
4232 : FB;
4233 : FA;
4234 : FF;
4235 : 09;
4236 : F6;
4237 : FA;
4238 : FD;
4239 : FA;
4240 : F6;
4241 : FE;
4242 : 02;
4243 : FA;
4244 : F7;
4245 : 04;
4246 : 09;
4247 : 05;
4248 : F7;
4249 : 03;
4250 : FE;
4251 : FC;
4252 : 03;
4253 : 09;
4254 : 06;
4255 : FD;
4256 : 0A;
4257 : 01;
4258 : 0A;
4259 : FE;
4260 : FC;
4261 : 14;
4262 : EE;
4263 : 15;
4264 : 0E;
4265 : F8;
4266 : E0;
4267 : 1D;
4268 : FA;
4269 : 11;
4270 : FA;
4271 : FC;
4272 : F2;
4273 : 0B;
4274 : 11;
4275 : D5;
4276 : 0D;
4277 : 12;
4278 : 01;
4279 : DE;
4280 : E8;
4281 : 01;
4282 : E9;
4283 : 06;
4284 : 1A;
4285 : 0A;
4286 : 11;
4287 : F1;
4288 : F8;
4289 : 16;
4290 : 16;
4291 : F9;
4292 : 20;
4293 : FB;
4294 : F9;
4295 : DF;
4296 : 06;
4297 : F3;
4298 : FB;
4299 : 22;
4300 : F1;
4301 : ED;
4302 : DA;
4303 : 31;
4304 : 1B;
4305 : F9;
4306 : EE;
4307 : E5;
4308 : 1E;
4309 : 0A;
4310 : 0A;
4311 : 17;
4312 : F0;
4313 : 13;
4314 : E1;
4315 : 17;
4316 : FB;
4317 : FC;
4318 : EC;
4319 : 14;
4320 : 12;
4321 : 2C;
4322 : 12;
4323 : 1B;
4324 : 15;
4325 : D6;
4326 : E3;
4327 : 06;
4328 : FA;
4329 : 0B;
4330 : 12;
4331 : E7;
4332 : D4;
4333 : 3B;
4334 : 42;
4335 : 01;
4336 : D9;
4337 : 11;
4338 : F8;
4339 : E7;
4340 : DB;
4341 : 09;
4342 : E3;
4343 : 08;
4344 : EE;
4345 : 0D;
4346 : 00;
4347 : FA;
4348 : 02;
4349 : 36;
4350 : 03;
4351 : FB;
4352 : 3F;
4353 : 0F;
4354 : 1C;
4355 : DB;
4356 : F6;
4357 : EA;
4358 : 17;
4359 : 18;
4360 : 1E;
4361 : DF;
4362 : CE;
4363 : 5B;
4364 : 37;
4365 : 06;
4366 : CC;
4367 : 21;
4368 : 1B;
4369 : 0B;
4370 : F6;
4371 : 02;
4372 : E7;
4373 : FB;
4374 : FF;
4375 : 21;
4376 : F8;
4377 : E4;
4378 : 22;
4379 : 26;
4380 : F2;
4381 : 0A;
4382 : 2B;
4383 : FF;
4384 : 18;
4385 : DF;
4386 : D8;
4387 : EA;
4388 : 19;
4389 : 0A;
4390 : 0C;
4391 : F7;
4392 : C8;
4393 : 3F;
4394 : 2A;
4395 : 17;
4396 : DF;
4397 : 14;
4398 : F5;
4399 : 0F;
4400 : FD;
4401 : 15;
4402 : F4;
4403 : 00;
4404 : 01;
4405 : 0C;
4406 : 08;
4407 : F7;
4408 : 32;
4409 : 0B;
4410 : DC;
4411 : FF;
4412 : 28;
4413 : ED;
4414 : 05;
4415 : E0;
4416 : D0;
4417 : FD;
4418 : 09;
4419 : 04;
4420 : 0D;
4421 : F4;
4422 : F1;
4423 : 29;
4424 : 3B;
4425 : 09;
4426 : F2;
4427 : 05;
4428 : 0A;
4429 : 11;
4430 : 07;
4431 : 14;
4432 : 0B;
4433 : 05;
4434 : FD;
4435 : 0F;
4436 : 02;
4437 : 02;
4438 : 30;
4439 : 18;
4440 : DA;
4441 : 0C;
4442 : 2E;
4443 : 06;
4444 : 11;
4445 : ED;
4446 : DE;
4447 : E1;
4448 : 06;
4449 : FD;
4450 : 15;
4451 : FB;
4452 : FD;
4453 : 1B;
4454 : 26;
4455 : 0F;
4456 : ED;
4457 : 0C;
4458 : F4;
4459 : 08;
4460 : FD;
4461 : 06;
4462 : 10;
4463 : 04;
4464 : EA;
4465 : F4;
4466 : 05;
4467 : 04;
4468 : 4A;
4469 : 1E;
4470 : E2;
4471 : FC;
4472 : 27;
4473 : F4;
4474 : 15;
4475 : FE;
4476 : E0;
4477 : F2;
4478 : 0C;
4479 : 07;
4480 : 15;
4481 : FE;
4482 : 09;
4483 : 0C;
4484 : 15;
4485 : 16;
4486 : F8;
4487 : 00;
4488 : FB;
4489 : 10;
4490 : F3;
4491 : FF;
4492 : 14;
4493 : ED;
4494 : FB;
4495 : 03;
4496 : 01;
4497 : FB;
4498 : 4A;
4499 : 10;
4500 : EA;
4501 : FC;
4502 : 24;
4503 : 06;
4504 : 0C;
4505 : 02;
4506 : E7;
4507 : 06;
4508 : 0D;
4509 : 00;
4510 : FB;
4511 : 09;
4512 : 0C;
4513 : 19;
4514 : F5;
4515 : 16;
4516 : EA;
4517 : ED;
4518 : F1;
4519 : 11;
4520 : 00;
4521 : 06;
4522 : 20;
4523 : EE;
4524 : E8;
4525 : 13;
4526 : 13;
4527 : 15;
4528 : 4B;
4529 : 0A;
4530 : F4;
4531 : 05;
4532 : 05;
4533 : FD;
4534 : FC;
4535 : 07;
4536 : FC;
4537 : 1E;
4538 : 1A;
4539 : F5;
4540 : FD;
4541 : F7;
4542 : 00;
4543 : 15;
4544 : EE;
4545 : 08;
4546 : F8;
4547 : CE;
4548 : 15;
4549 : 0A;
4550 : 00;
4551 : 25;
4552 : 2A;
4553 : F2;
4554 : E9;
4555 : 24;
4556 : 00;
4557 : 23;
4558 : 42;
4559 : E9;
4560 : E2;
4561 : 14;
4562 : 01;
4563 : F8;
4564 : EC;
4565 : 01;
4566 : 03;
4567 : 18;
4568 : 09;
4569 : EB;
4570 : FF;
4571 : EB;
4572 : F3;
4573 : 11;
4574 : FC;
4575 : 08;
4576 : 05;
4577 : F0;
4578 : 13;
4579 : FD;
4580 : 06;
4581 : 13;
4582 : 1C;
4583 : FF;
4584 : DF;
4585 : 23;
4586 : 05;
4587 : 2B;
4588 : 2B;
4589 : F3;
4590 : FB;
4591 : 11;
4592 : 1F;
4593 : FD;
4594 : E0;
4595 : 0E;
4596 : 03;
4597 : 19;
4598 : 15;
4599 : F4;
4600 : F6;
4601 : F9;
4602 : F4;
4603 : F8;
4604 : EE;
4605 : EC;
4606 : F7;
4607 : DE;
4608 : F9;
4609 : 0A;
4610 : 13;
4611 : 1A;
4612 : 03;
4613 : 0D;
4614 : DF;
4615 : 0F;
4616 : 06;
4617 : 30;
4618 : 18;
4619 : FF;
4620 : ED;
4621 : 07;
4622 : 22;
4623 : FD;
4624 : EA;
4625 : 07;
4626 : 02;
4627 : 19;
4628 : 0F;
4629 : F3;
4630 : E6;
4631 : 05;
4632 : EB;
4633 : F2;
4634 : E9;
4635 : 0E;
4636 : F9;
4637 : E0;
4638 : EC;
4639 : EF;
4640 : F7;
4641 : 1C;
4642 : 05;
4643 : F1;
4644 : F5;
4645 : FD;
4646 : F5;
4647 : 1C;
4648 : 20;
4649 : 05;
4650 : F5;
4651 : FF;
4652 : 0D;
4653 : FB;
4654 : F5;
4655 : FC;
4656 : 01;
4657 : 0C;
4658 : 17;
4659 : 15;
4660 : E6;
4661 : FA;
4662 : F3;
4663 : 05;
4664 : E8;
4665 : 0E;
4666 : EF;
4667 : E0;
4668 : 05;
4669 : EE;
4670 : EA;
4671 : 0F;
4672 : E4;
4673 : F9;
4674 : F2;
4675 : 10;
4676 : FF;
4677 : 19;
4678 : 1C;
4679 : FF;
4680 : EB;
4681 : DC;
4682 : 15;
4683 : F7;
4684 : 05;
4685 : 10;
4686 : D7;
4687 : 14;
4688 : 22;
4689 : 0A;
4690 : E5;
4691 : F9;
4692 : 05;
4693 : F5;
4694 : F5;
4695 : 1B;
4696 : E7;
4697 : CF;
4698 : 09;
4699 : FB;
4700 : DC;
4701 : 16;
4702 : DA;
4703 : DA;
4704 : 0B;
4705 : 0F;
4706 : 00;
4707 : 0E;
4708 : 24;
4709 : F0;
4710 : FA;
4711 : D4;
4712 : 06;
4713 : F4;
4714 : 02;
4715 : 15;
4716 : D3;
4717 : 14;
4718 : 10;
4719 : FC;
4720 : E5;
4721 : 06;
4722 : 21;
4723 : EB;
4724 : E8;
4725 : 15;
4726 : EC;
4727 : DA;
4728 : 08;
4729 : F1;
4730 : E6;
4731 : 13;
4732 : EA;
4733 : DC;
4734 : 11;
4735 : 0F;
4736 : 08;
4737 : 16;
4738 : 2D;
4739 : D8;
4740 : 0F;
4741 : BF;
4742 : 22;
4743 : F4;
4744 : 14;
4745 : 10;
4746 : DA;
4747 : 17;
4748 : 14;
4749 : FD;
4750 : EE;
4751 : FD;
4752 : 11;
4753 : F6;
4754 : 18;
4755 : 08;
4756 : E4;
4757 : E8;
4758 : 11;
4759 : EF;
4760 : FE;
4761 : 05;
4762 : E6;
4763 : ED;
4764 : 14;
4765 : 08;
4766 : 12;
4767 : 0F;
4768 : 2B;
4769 : E9;
4770 : 2C;
4771 : E5;
4772 : 0C;
4773 : ED;
4774 : 1D;
4775 : 23;
4776 : DE;
4777 : 20;
4778 : 07;
4779 : F9;
4780 : ED;
4781 : 05;
4782 : 04;
4783 : F2;
4784 : 33;
4785 : 16;
4786 : F8;
4787 : ED;
4788 : 06;
4789 : F0;
4790 : ED;
4791 : F9;
4792 : E4;
4793 : F7;
4794 : 0E;
4795 : 0C;
4796 : FE;
4797 : FD;
4798 : 1E;
4799 : FC;
4800 : 1D;
4801 : E0;
4802 : 06;
4803 : EB;
4804 : 18;
4805 : 2E;
4806 : E9;
4807 : 1E;
4808 : F3;
4809 : EB;
4810 : EC;
4811 : F9;
4812 : 15;
4813 : EA;
4814 : 24;
4815 : 18;
4816 : 05;
4817 : FD;
4818 : 03;
4819 : EE;
4820 : E8;
4821 : E7;
4822 : F8;
4823 : 08;
4824 : 23;
4825 : 16;
4826 : 03;
4827 : F4;
4828 : 0C;
4829 : 00;
4830 : 16;
4831 : D9;
4832 : 0E;
4833 : F3;
4834 : 11;
4835 : 2F;
4836 : 06;
4837 : 1F;
4838 : FD;
4839 : F4;
4840 : F9;
4841 : EB;
4842 : 30;
4843 : F1;
4844 : 0E;
4845 : 18;
4846 : EF;
4847 : 13;
4848 : 08;
4849 : F2;
4850 : DA;
4851 : FA;
4852 : 00;
4853 : F7;
4854 : 22;
4855 : 04;
4856 : F1;
4857 : EE;
4858 : EF;
4859 : FE;
4860 : 03;
4861 : DC;
4862 : 0E;
4863 : E2;
4864 : 25;
4865 : 18;
4866 : 1D;
4867 : 17;
4868 : E3;
4869 : E9;
4870 : FC;
4871 : EA;
4872 : 37;
4873 : FD;
4874 : 06;
4875 : 1A;
4876 : 0A;
4877 : 15;
4878 : E7;
4879 : FF;
4880 : F0;
4881 : DE;
4882 : FC;
4883 : FF;
4884 : 21;
4885 : 08;
4886 : FE;
4887 : D3;
4888 : CD;
4889 : 01;
4890 : 08;
4891 : EB;
4892 : 09;
4893 : E1;
4894 : 3F;
4895 : 06;
4896 : 17;
4897 : 0D;
4898 : BC;
4899 : C1;
4900 : 1E;
4901 : F8;
4902 : 20;
4903 : 12;
4904 : 11;
4905 : 22;
4906 : 09;
4907 : 2C;
4908 : DF;
4909 : ED;
4910 : D1;
4911 : DE;
4912 : 02;
4913 : F9;
4914 : 31;
4915 : F0;
4916 : 0B;
4917 : BB;
4918 : D2;
4919 : FF;
4920 : 0C;
4921 : EC;
4922 : F7;
4923 : F7;
4924 : 45;
4925 : FA;
4926 : 0B;
4927 : 0A;
4928 : C1;
4929 : C9;
4930 : FE;
4931 : 03;
4932 : 11;
4933 : 01;
4934 : 1F;
4935 : 2D;
4936 : 16;
4937 : 16;
4938 : EC;
4939 : 04;
4940 : DF;
4941 : ED;
4942 : 22;
4943 : 11;
4944 : 34;
4945 : F8;
4946 : 0D;
4947 : BC;
4948 : D3;
4949 : F7;
4950 : 01;
4951 : F0;
4952 : 16;
4953 : E5;
4954 : 29;
4955 : 03;
4956 : DE;
4957 : 09;
4958 : F6;
4959 : F4;
4960 : CF;
4961 : F1;
4962 : 32;
4963 : E8;
4964 : 2B;
4965 : 55;
4966 : 28;
4967 : E2;
4968 : 03;
4969 : 0F;
4970 : 1B;
4971 : FF;
4972 : 46;
4973 : 09;
4974 : 31;
4975 : 1C;
4976 : 15;
4977 : FA;
4978 : 07;
4979 : C7;
4980 : 28;
4981 : F4;
4982 : 27;
4983 : 07;
4984 : 11;
4985 : 28;
4986 : F0;
4987 : 18;
4988 : D8;
4989 : FD;
4990 : DD;
4991 : F3;
4992 : 23;
4993 : D5;
4994 : 01;
4995 : 2A;
4996 : 26;
4997 : F4;
4998 : 0A;
4999 : 22;
5000 : 1A;
5001 : FE;
5002 : 27;
5003 : 11;
5004 : 45;
5005 : 25;
5006 : 1B;
5007 : FC;
5008 : EB;
5009 : F6;
5010 : F5;
5011 : 16;
5012 : ED;
5013 : 15;
5014 : 01;
5015 : 0D;
5016 : EC;
5017 : 15;
5018 : F1;
5019 : E9;
5020 : 0D;
5021 : 01;
5022 : 03;
5023 : 03;
5024 : 02;
5025 : 0D;
5026 : 01;
5027 : 15;
5028 : F5;
5029 : F3;
5030 : E6;
5031 : F2;
5032 : F0;
5033 : EC;
5034 : 1B;
5035 : EC;
5036 : 0B;
5037 : F7;
5038 : 0A;
5039 : 06;
5040 : 09;
5041 : FE;
5042 : 01;
5043 : 08;
5044 : FD;
5045 : 07;
5046 : F9;
5047 : F9;
5048 : F5;
5049 : 02;
5050 : FE;
5051 : FA;
5052 : 03;
5053 : F8;
5054 : F6;
5055 : FD;
5056 : 09;
5057 : F6;
5058 : 00;
5059 : F7;
5060 : FA;
5061 : FB;
5062 : 09;
5063 : FB;
5064 : F6;
5065 : 08;
5066 : 02;
5067 : 04;
5068 : 00;
5069 : F7;
5070 : FF;
5071 : EF;
5072 : 14;
5073 : 09;
5074 : 08;
5075 : FC;
5076 : F4;
5077 : 08;
5078 : F5;
5079 : 0D;
5080 : F7;
5081 : EE;
5082 : F0;
5083 : 0D;
5084 : 18;
5085 : FC;
5086 : F3;
5087 : FF;
5088 : 02;
5089 : 08;
5090 : F7;
5091 : 07;
5092 : FA;
5093 : F0;
5094 : 02;
5095 : 12;
5096 : 0B;
5097 : FA;
5098 : 11;
5099 : 11;
5100 : F3;
5101 : F6;
5102 : 23;
5103 : 18;
5104 : 0E;
5105 : E9;
5106 : 01;
5107 : E8;
5108 : 05;
5109 : F4;
5110 : 00;
5111 : FA;
5112 : 17;
5113 : FF;
5114 : 0C;
5115 : DC;
5116 : 07;
5117 : F9;
5118 : EF;
5119 : 18;
5120 : 09;
5121 : F8;
5122 : 0A;
5123 : FF;
5124 : E7;
5125 : F7;
5126 : 0D;
5127 : 01;
5128 : FD;
5129 : 0A;
5130 : 12;
5131 : 04;
5132 : 3D;
5133 : 05;
5134 : 1E;
5135 : D5;
5136 : FA;
5137 : DD;
5138 : FF;
5139 : 31;
5140 : 09;
5141 : EF;
5142 : DC;
5143 : 3C;
5144 : 37;
5145 : E5;
5146 : E3;
5147 : EF;
5148 : 07;
5149 : 19;
5150 : FC;
5151 : 1E;
5152 : DB;
5153 : 09;
5154 : D2;
5155 : 13;
5156 : EF;
5157 : 00;
5158 : F8;
5159 : 22;
5160 : 09;
5161 : 0B;
5162 : 2C;
5163 : 25;
5164 : 1F;
5165 : D0;
5166 : FD;
5167 : 01;
5168 : E2;
5169 : 2A;
5170 : FE;
5171 : FD;
5172 : E7;
5173 : 3D;
5174 : 52;
5175 : 00;
5176 : D7;
5177 : 0A;
5178 : 09;
5179 : 04;
5180 : F4;
5181 : 12;
5182 : E8;
5183 : FC;
5184 : 08;
5185 : 25;
5186 : 11;
5187 : E2;
5188 : FB;
5189 : 30;
5190 : 04;
5191 : F1;
5192 : 38;
5193 : 10;
5194 : 13;
5195 : E3;
5196 : 0C;
5197 : EA;
5198 : 1A;
5199 : 17;
5200 : 01;
5201 : FE;
5202 : E3;
5203 : 3F;
5204 : 4C;
5205 : 23;
5206 : DE;
5207 : 23;
5208 : 16;
5209 : 35;
5210 : 02;
5211 : 0E;
5212 : F5;
5213 : E1;
5214 : F8;
5215 : 01;
5216 : 15;
5217 : E7;
5218 : 04;
5219 : 13;
5220 : 02;
5221 : FB;
5222 : 38;
5223 : 07;
5224 : 00;
5225 : E7;
5226 : F8;
5227 : F4;
5228 : 1F;
5229 : 14;
5230 : 12;
5231 : E7;
5232 : E0;
5233 : 2E;
5234 : 4E;
5235 : 17;
5236 : E9;
5237 : 25;
5238 : 1D;
5239 : 1F;
5240 : 12;
5241 : 27;
5242 : 08;
5243 : E9;
5244 : EC;
5245 : 00;
5246 : 07;
5247 : F3;
5248 : 04;
5249 : 17;
5250 : E3;
5251 : 0B;
5252 : 28;
5253 : FA;
5254 : 01;
5255 : EA;
5256 : E7;
5257 : E7;
5258 : 11;
5259 : 04;
5260 : 0C;
5261 : FE;
5262 : 0C;
5263 : 0F;
5264 : 43;
5265 : 1A;
5266 : E8;
5267 : 2F;
5268 : 11;
5269 : 15;
5270 : 04;
5271 : 10;
5272 : 0C;
5273 : EB;
5274 : EC;
5275 : 06;
5276 : 02;
5277 : EA;
5278 : 25;
5279 : 0C;
5280 : E6;
5281 : 07;
5282 : 2C;
5283 : 0B;
5284 : 15;
5285 : E9;
5286 : E9;
5287 : F9;
5288 : 0B;
5289 : 08;
5290 : 13;
5291 : EC;
5292 : FD;
5293 : 10;
5294 : 32;
5295 : 25;
5296 : FB;
5297 : 04;
5298 : 0B;
5299 : 2E;
5300 : 1F;
5301 : 0D;
5302 : 14;
5303 : FE;
5304 : EF;
5305 : 0F;
5306 : FB;
5307 : F3;
5308 : 3B;
5309 : EF;
5310 : DC;
5311 : 05;
5312 : 1E;
5313 : 0D;
5314 : 12;
5315 : FD;
5316 : E7;
5317 : 04;
5318 : 0E;
5319 : 07;
5320 : 09;
5321 : E3;
5322 : FA;
5323 : 14;
5324 : 20;
5325 : 10;
5326 : F3;
5327 : 05;
5328 : 13;
5329 : 16;
5330 : 22;
5331 : 12;
5332 : 14;
5333 : FF;
5334 : E3;
5335 : 1B;
5336 : FB;
5337 : F8;
5338 : 48;
5339 : FA;
5340 : DD;
5341 : F4;
5342 : 18;
5343 : 15;
5344 : 05;
5345 : FA;
5346 : F2;
5347 : 14;
5348 : 0D;
5349 : 0C;
5350 : FF;
5351 : DC;
5352 : 04;
5353 : 0C;
5354 : 0A;
5355 : 08;
5356 : 04;
5357 : 05;
5358 : 0A;
5359 : 10;
5360 : 19;
5361 : 31;
5362 : 1E;
5363 : 13;
5364 : DE;
5365 : 25;
5366 : 04;
5367 : 0A;
5368 : 31;
5369 : F8;
5370 : EA;
5371 : 03;
5372 : 1A;
5373 : 1C;
5374 : FE;
5375 : F8;
5376 : 00;
5377 : 18;
5378 : 0A;
5379 : 03;
5380 : 12;
5381 : EF;
5382 : F1;
5383 : 06;
5384 : E7;
5385 : FB;
5386 : 11;
5387 : E2;
5388 : 0A;
5389 : 11;
5390 : 40;
5391 : 23;
5392 : 17;
5393 : 13;
5394 : D8;
5395 : 19;
5396 : 0D;
5397 : 0E;
5398 : 13;
5399 : F7;
5400 : EF;
5401 : 06;
5402 : 14;
5403 : 10;
5404 : F1;
5405 : 02;
5406 : F3;
5407 : 11;
5408 : 0F;
5409 : EE;
5410 : FB;
5411 : EE;
5412 : FD;
5413 : FF;
5414 : E5;
5415 : 03;
5416 : 0D;
5417 : DD;
5418 : 02;
5419 : 04;
5420 : 44;
5421 : 10;
5422 : 23;
5423 : 20;
5424 : D8;
5425 : 1B;
5426 : 09;
5427 : 1F;
5428 : 06;
5429 : F8;
5430 : 00;
5431 : 0A;
5432 : 18;
5433 : 06;
5434 : FC;
5435 : FE;
5436 : F7;
5437 : 0C;
5438 : 12;
5439 : F0;
5440 : FE;
5441 : F9;
5442 : F3;
5443 : 08;
5444 : D8;
5445 : E0;
5446 : F9;
5447 : C0;
5448 : 00;
5449 : 06;
5450 : 36;
5451 : 1B;
5452 : 12;
5453 : 27;
5454 : C4;
5455 : 1A;
5456 : 0F;
5457 : 24;
5458 : 06;
5459 : F5;
5460 : 10;
5461 : 09;
5462 : 0B;
5463 : 08;
5464 : FD;
5465 : 05;
5466 : F7;
5467 : 06;
5468 : 11;
5469 : F7;
5470 : F8;
5471 : 00;
5472 : FE;
5473 : 0B;
5474 : BE;
5475 : E2;
5476 : FA;
5477 : D3;
5478 : 0A;
5479 : F6;
5480 : 32;
5481 : 01;
5482 : 04;
5483 : 3E;
5484 : CC;
5485 : 06;
5486 : 12;
5487 : 25;
5488 : 08;
5489 : F6;
5490 : 16;
5491 : 11;
5492 : 09;
5493 : 02;
5494 : FF;
5495 : 0E;
5496 : F2;
5497 : 01;
5498 : 1F;
5499 : 00;
5500 : F5;
5501 : F2;
5502 : 00;
5503 : F4;
5504 : C6;
5505 : EF;
5506 : EB;
5507 : BE;
5508 : 0E;
5509 : FE;
5510 : 1A;
5511 : 12;
5512 : FD;
5513 : 2D;
5514 : D2;
5515 : 0F;
5516 : 0C;
5517 : 43;
5518 : 13;
5519 : D3;
5520 : 19;
5521 : 05;
5522 : 12;
5523 : F1;
5524 : 10;
5525 : 05;
5526 : F9;
5527 : F7;
5528 : 19;
5529 : 0E;
5530 : 04;
5531 : F6;
5532 : FB;
5533 : FB;
5534 : CE;
5535 : F1;
5536 : E6;
5537 : C3;
5538 : 29;
5539 : FF;
5540 : 1C;
5541 : 0B;
5542 : F5;
5543 : 31;
5544 : CB;
5545 : 15;
5546 : 04;
5547 : 31;
5548 : 25;
5549 : DF;
5550 : 1E;
5551 : FF;
5552 : 03;
5553 : E6;
5554 : 19;
5555 : FB;
5556 : FD;
5557 : FE;
5558 : 20;
5559 : 03;
5560 : 15;
5561 : FD;
5562 : 01;
5563 : F7;
5564 : DD;
5565 : E4;
5566 : F7;
5567 : D1;
5568 : 32;
5569 : FE;
5570 : 22;
5571 : 02;
5572 : F5;
5573 : 1E;
5574 : D0;
5575 : 12;
5576 : 05;
5577 : 25;
5578 : 19;
5579 : D2;
5580 : 22;
5581 : D9;
5582 : 12;
5583 : F9;
5584 : 1B;
5585 : 0D;
5586 : 01;
5587 : 0C;
5588 : 19;
5589 : 05;
5590 : 17;
5591 : 01;
5592 : FF;
5593 : 00;
5594 : EB;
5595 : E7;
5596 : EE;
5597 : D6;
5598 : 1F;
5599 : 04;
5600 : 21;
5601 : 06;
5602 : F2;
5603 : 2A;
5604 : D1;
5605 : 00;
5606 : 0B;
5607 : 0D;
5608 : 11;
5609 : EA;
5610 : 1F;
5611 : CA;
5612 : 0C;
5613 : F5;
5614 : 0A;
5615 : 20;
5616 : 09;
5617 : 11;
5618 : 0B;
5619 : FB;
5620 : 03;
5621 : F7;
5622 : 26;
5623 : EE;
5624 : 1F;
5625 : 03;
5626 : FC;
5627 : DF;
5628 : 1E;
5629 : F4;
5630 : 11;
5631 : F2;
5632 : 00;
5633 : 1F;
5634 : E3;
5635 : FD;
5636 : F8;
5637 : FF;
5638 : 03;
5639 : DE;
5640 : 21;
5641 : D5;
5642 : 0A;
5643 : F0;
5644 : 0A;
5645 : 13;
5646 : 02;
5647 : 1B;
5648 : 06;
5649 : 04;
5650 : 03;
5651 : FA;
5652 : 1C;
5653 : F6;
5654 : 21;
5655 : FD;
5656 : FA;
5657 : F2;
5658 : 1A;
5659 : F7;
5660 : FF;
5661 : EC;
5662 : FF;
5663 : 23;
5664 : F0;
5665 : 09;
5666 : 06;
5667 : F6;
5668 : 09;
5669 : F1;
5670 : 08;
5671 : EB;
5672 : 0D;
5673 : F1;
5674 : 0B;
5675 : 07;
5676 : 20;
5677 : 21;
5678 : 11;
5679 : 03;
5680 : F5;
5681 : FC;
5682 : 2D;
5683 : F0;
5684 : 1D;
5685 : 02;
5686 : EB;
5687 : 02;
5688 : FA;
5689 : 05;
5690 : F4;
5691 : F5;
5692 : EC;
5693 : 0F;
5694 : EF;
5695 : F3;
5696 : F8;
5697 : 01;
5698 : ED;
5699 : DF;
5700 : 07;
5701 : EF;
5702 : 17;
5703 : E2;
5704 : 0E;
5705 : 18;
5706 : 31;
5707 : 1D;
5708 : FD;
5709 : 03;
5710 : F5;
5711 : 04;
5712 : 4A;
5713 : F6;
5714 : 25;
5715 : 19;
5716 : FC;
5717 : 01;
5718 : E6;
5719 : 15;
5720 : F2;
5721 : E9;
5722 : E3;
5723 : F6;
5724 : 0F;
5725 : F1;
5726 : F7;
5727 : EA;
5728 : E3;
5729 : ED;
5730 : 15;
5731 : E0;
5732 : F8;
5733 : D2;
5734 : 24;
5735 : 08;
5736 : 46;
5737 : 21;
5738 : D7;
5739 : ED;
5740 : DE;
5741 : 12;
5742 : 30;
5743 : DE;
5744 : 31;
5745 : 39;
5746 : 21;
5747 : 22;
5748 : E4;
5749 : FB;
5750 : E8;
5751 : EB;
5752 : 08;
5753 : F1;
5754 : 40;
5755 : F9;
5756 : 04;
5757 : DC;
5758 : ED;
5759 : F9;
5760 : 20;
5761 : CD;
5762 : FB;
5763 : D1;
5764 : 45;
5765 : FF;
5766 : 0F;
5767 : 09;
5768 : B0;
5769 : DF;
5770 : E5;
5771 : 08;
5772 : 1A;
5773 : DD;
5774 : 1E;
5775 : 42;
5776 : 45;
5777 : 03;
5778 : ED;
5779 : 10;
5780 : F6;
5781 : E7;
5782 : 20;
5783 : 0D;
5784 : 4B;
5785 : 12;
5786 : 27;
5787 : D6;
5788 : DD;
5789 : EF;
5790 : 15;
5791 : DE;
5792 : 07;
5793 : C7;
5794 : 54;
5795 : 11;
5796 : DF;
5797 : 1B;
5798 : CD;
5799 : E5;
5800 : C2;
5801 : F7;
5802 : 3A;
5803 : C0;
5804 : 12;
5805 : 6B;
5806 : 6B;
5807 : EC;
5808 : EC;
5809 : FE;
5810 : 1C;
5811 : EB;
5812 : 57;
5813 : 24;
5814 : 54;
5815 : 3A;
5816 : 21;
5817 : 0D;
5818 : FE;
5819 : E8;
5820 : FB;
5821 : EB;
5822 : 27;
5823 : 08;
5824 : 2E;
5825 : FE;
5826 : 18;
5827 : F5;
5828 : E9;
5829 : FD;
5830 : EB;
5831 : 15;
5832 : 19;
5833 : D0;
5834 : 0D;
5835 : 3A;
5836 : 4C;
5837 : ED;
5838 : FE;
5839 : 18;
5840 : 11;
5841 : F8;
5842 : 54;
5843 : 25;
5844 : 46;
5845 : 2A;
5846 : 21;
5847 : E8;
5848 : E8;
5849 : F2;
5850 : 08;
5851 : FA;
5852 : 01;
5853 : 09;
5854 : 08;
5855 : 18;
5856 : EA;
5857 : 13;
5858 : F1;
5859 : F0;
5860 : EE;
5861 : 0C;
5862 : 12;
5863 : 00;
5864 : 0E;
5865 : 1B;
5866 : 23;
5867 : 06;
5868 : FD;
5869 : 05;
5870 : EF;
5871 : E4;
5872 : 13;
5873 : 05;
5874 : 27;
5875 : 0E;
5876 : 0A;
5877 : F9;
5878 : 0F;
5879 : FD;
5880 : FA;
5881 : FB;
5882 : 06;
5883 : 0F;
5884 : 0B;
5885 : 04;
5886 : 0E;
5887 : FB;
5888 : FA;
5889 : 06;
5890 : FF;
5891 : FF;
5892 : 0B;
5893 : 02;
5894 : F7;
5895 : F7;
5896 : FC;
5897 : 12;
5898 : FB;
5899 : 03;
5900 : FC;
5901 : 0A;
5902 : 00;
5903 : 05;
5904 : 04;
5905 : FB;
5906 : FF;
5907 : 05;
5908 : 07;
5909 : F7;
5910 : F6;
5911 : E5;
5912 : 1D;
5913 : 13;
5914 : 20;
5915 : EA;
5916 : DB;
5917 : 0E;
5918 : 02;
5919 : 11;
5920 : 03;
5921 : DD;
5922 : FA;
5923 : 10;
5924 : 2C;
5925 : EB;
5926 : EF;
5927 : 0C;
5928 : EC;
5929 : 1D;
5930 : 03;
5931 : 0A;
5932 : D3;
5933 : 05;
5934 : E9;
5935 : F7;
5936 : 22;
5937 : FD;
5938 : 07;
5939 : 13;
5940 : EA;
5941 : 04;
5942 : 42;
5943 : 33;
5944 : 0F;
5945 : F4;
5946 : 0A;
5947 : D8;
5948 : 09;
5949 : 17;
5950 : 0C;
5951 : 0D;
5952 : 3C;
5953 : 07;
5954 : 20;
5955 : E6;
5956 : F1;
5957 : 0A;
5958 : EF;
5959 : 1D;
5960 : 04;
5961 : FC;
5962 : F2;
5963 : F9;
5964 : D6;
5965 : F5;
5966 : 0E;
5967 : 00;
5968 : ED;
5969 : 0F;
5970 : FC;
5971 : 09;
5972 : 41;
5973 : 10;
5974 : 2A;
5975 : C7;
5976 : 21;
5977 : CB;
5978 : E9;
5979 : 37;
5980 : 21;
5981 : E7;
5982 : E9;
5983 : 4B;
5984 : 4F;
5985 : DF;
5986 : DF;
5987 : 17;
5988 : E7;
5989 : 39;
5990 : 24;
5991 : 22;
5992 : CC;
5993 : 19;
5994 : DF;
5995 : 0F;
5996 : 09;
5997 : EC;
5998 : D8;
5999 : 02;
6000 : 04;
6001 : 06;
6002 : 36;
6003 : 1B;
6004 : 11;
6005 : D2;
6006 : F6;
6007 : FE;
6008 : F5;
6009 : 36;
6010 : FA;
6011 : F0;
6012 : D8;
6013 : 4D;
6014 : 7F;
6015 : FF;
6016 : D0;
6017 : 01;
6018 : 0B;
6019 : 05;
6020 : F7;
6021 : 26;
6022 : D5;
6023 : EE;
6024 : 01;
6025 : 29;
6026 : 06;
6027 : EE;
6028 : F3;
6029 : 26;
6030 : 0E;
6031 : E6;
6032 : 1A;
6033 : 15;
6034 : 10;
6035 : E5;
6036 : 12;
6037 : F5;
6038 : FD;
6039 : 2E;
6040 : F3;
6041 : F3;
6042 : EE;
6043 : 3B;
6044 : 7D;
6045 : 16;
6046 : E3;
6047 : 19;
6048 : F2;
6049 : 2D;
6050 : F6;
6051 : 0E;
6052 : EC;
6053 : E9;
6054 : 14;
6055 : 18;
6056 : 10;
6057 : FA;
6058 : EB;
6059 : 1A;
6060 : F7;
6061 : F4;
6062 : 28;
6063 : 0C;
6064 : 05;
6065 : F0;
6066 : F7;
6067 : E6;
6068 : 1B;
6069 : 24;
6070 : F1;
6071 : F3;
6072 : 12;
6073 : 2B;
6074 : 55;
6075 : 0F;
6076 : EF;
6077 : 10;
6078 : FB;
6079 : 29;
6080 : 0E;
6081 : 25;
6082 : 04;
6083 : EF;
6084 : EB;
6085 : 13;
6086 : FB;
6087 : 02;
6088 : 01;
6089 : 04;
6090 : E1;
6091 : F1;
6092 : 20;
6093 : 05;
6094 : 14;
6095 : FF;
6096 : EA;
6097 : 06;
6098 : FC;
6099 : 0A;
6100 : F3;
6101 : E0;
6102 : 17;
6103 : 10;
6104 : 3B;
6105 : 21;
6106 : EF;
6107 : 1E;
6108 : FA;
6109 : 1B;
6110 : 02;
6111 : 2C;
6112 : 05;
6113 : E5;
6114 : F9;
6115 : 09;
6116 : E9;
6117 : E9;
6118 : 19;
6119 : F7;
6120 : DC;
6121 : EB;
6122 : 0C;
6123 : 07;
6124 : 0F;
6125 : F8;
6126 : EA;
6127 : 0D;
6128 : 15;
6129 : 0E;
6130 : F6;
6131 : E4;
6132 : 14;
6133 : 04;
6134 : 19;
6135 : 17;
6136 : F7;
6137 : 06;
6138 : 17;
6139 : 22;
6140 : 21;
6141 : 17;
6142 : 0A;
6143 : 03;
6144 : F4;
6145 : 12;
6146 : F7;
6147 : ED;
6148 : 28;
6149 : DA;
6150 : CE;
6151 : F4;
6152 : 1F;
6153 : 13;
6154 : 15;
6155 : F4;
6156 : F4;
6157 : 18;
6158 : 13;
6159 : 16;
6160 : 00;
6161 : F6;
6162 : 0E;
6163 : 13;
6164 : 02;
6165 : 13;
6166 : 0E;
6167 : FE;
6168 : FF;
6169 : 24;
6170 : 29;
6171 : 14;
6172 : FD;
6173 : 06;
6174 : E2;
6175 : 0C;
6176 : ED;
6177 : FF;
6178 : 15;
6179 : E0;
6180 : D5;
6181 : F7;
6182 : 20;
6183 : 1D;
6184 : 08;
6185 : F7;
6186 : EE;
6187 : 0D;
6188 : 1E;
6189 : 14;
6190 : 0B;
6191 : F7;
6192 : 08;
6193 : F1;
6194 : FB;
6195 : 15;
6196 : 0D;
6197 : 00;
6198 : 06;
6199 : 23;
6200 : 38;
6201 : 26;
6202 : 10;
6203 : 09;
6204 : E8;
6205 : 01;
6206 : F5;
6207 : 06;
6208 : 01;
6209 : E5;
6210 : EB;
6211 : 04;
6212 : 15;
6213 : 18;
6214 : 03;
6215 : 03;
6216 : F3;
6217 : 11;
6218 : 0D;
6219 : 04;
6220 : 00;
6221 : F4;
6222 : 15;
6223 : 01;
6224 : F8;
6225 : 05;
6226 : 09;
6227 : EE;
6228 : FC;
6229 : 20;
6230 : 44;
6231 : 1B;
6232 : 1A;
6233 : 12;
6234 : E4;
6235 : 0E;
6236 : 08;
6237 : 05;
6238 : FA;
6239 : F7;
6240 : FD;
6241 : 06;
6242 : 28;
6243 : 15;
6244 : 11;
6245 : 0A;
6246 : F3;
6247 : F7;
6248 : 0D;
6249 : 02;
6250 : 04;
6251 : ED;
6252 : F9;
6253 : 03;
6254 : F0;
6255 : EE;
6256 : FA;
6257 : D2;
6258 : FC;
6259 : 19;
6260 : 4C;
6261 : 29;
6262 : 23;
6263 : 32;
6264 : D2;
6265 : 0A;
6266 : 17;
6267 : FC;
6268 : EC;
6269 : EC;
6270 : 11;
6271 : 10;
6272 : 16;
6273 : 06;
6274 : 03;
6275 : F4;
6276 : FA;
6277 : F5;
6278 : 0F;
6279 : 08;
6280 : 08;
6281 : FB;
6282 : F1;
6283 : 06;
6284 : E5;
6285 : D6;
6286 : FF;
6287 : BF;
6288 : 0D;
6289 : 08;
6290 : 38;
6291 : 15;
6292 : 1C;
6293 : 36;
6294 : C5;
6295 : 03;
6296 : 01;
6297 : 14;
6298 : F5;
6299 : F2;
6300 : 2D;
6301 : 17;
6302 : 19;
6303 : 01;
6304 : 0F;
6305 : FF;
6306 : FE;
6307 : FD;
6308 : 14;
6309 : 11;
6310 : F8;
6311 : EB;
6312 : E3;
6313 : 00;
6314 : C4;
6315 : CB;
6316 : EC;
6317 : B0;
6318 : 01;
6319 : F8;
6320 : 32;
6321 : FE;
6322 : 15;
6323 : 3D;
6324 : C9;
6325 : 14;
6326 : 17;
6327 : 15;
6328 : 03;
6329 : 02;
6330 : 28;
6331 : 23;
6332 : 07;
6333 : 01;
6334 : 1A;
6335 : 19;
6336 : 0E;
6337 : 02;
6338 : 17;
6339 : FA;
6340 : F2;
6341 : E5;
6342 : EE;
6343 : F9;
6344 : AE;
6345 : DA;
6346 : F2;
6347 : A1;
6348 : 10;
6349 : 06;
6350 : 24;
6351 : FA;
6352 : 05;
6353 : 37;
6354 : C0;
6355 : 0B;
6356 : 11;
6357 : 36;
6358 : 14;
6359 : E9;
6360 : 27;
6361 : 12;
6362 : 15;
6363 : E4;
6364 : 0E;
6365 : 0B;
6366 : 18;
6367 : F6;
6368 : 21;
6369 : F8;
6370 : 09;
6371 : F7;
6372 : F4;
6373 : FA;
6374 : CB;
6375 : DD;
6376 : 01;
6377 : BD;
6378 : 1C;
6379 : FD;
6380 : 24;
6381 : 03;
6382 : F6;
6383 : 3B;
6384 : C2;
6385 : FA;
6386 : FC;
6387 : 31;
6388 : 07;
6389 : E0;
6390 : 1F;
6391 : FA;
6392 : 1D;
6393 : F5;
6394 : 1B;
6395 : 0D;
6396 : 2C;
6397 : FA;
6398 : 15;
6399 : 11;
6400 : 19;
6401 : FF;
6402 : 06;
6403 : EF;
6404 : DC;
6405 : E4;
6406 : FF;
6407 : DB;
6408 : 20;
6409 : 15;
6410 : 21;
6411 : FE;
6412 : E2;
6413 : 22;
6414 : D0;
6415 : FF;
6416 : 08;
6417 : 0E;
6418 : FD;
6419 : DF;
6420 : 17;
6421 : E2;
6422 : 1C;
6423 : F6;
6424 : 08;
6425 : 0E;
6426 : 39;
6427 : 02;
6428 : 15;
6429 : 15;
6430 : 0D;
6431 : F9;
6432 : 10;
6433 : 03;
6434 : 07;
6435 : E9;
6436 : F4;
6437 : F3;
6438 : 14;
6439 : 08;
6440 : 1B;
6441 : FA;
6442 : E5;
6443 : 28;
6444 : C8;
6445 : 00;
6446 : FE;
6447 : 07;
6448 : F6;
6449 : D6;
6450 : 22;
6451 : D2;
6452 : 1F;
6453 : FA;
6454 : 00;
6455 : 0C;
6456 : 2C;
6457 : 04;
6458 : 10;
6459 : 10;
6460 : 07;
6461 : FA;
6462 : 11;
6463 : FA;
6464 : 1E;
6465 : F4;
6466 : 03;
6467 : EE;
6468 : 1F;
6469 : 0B;
6470 : 0F;
6471 : FD;
6472 : F3;
6473 : 1B;
6474 : DE;
6475 : 01;
6476 : F7;
6477 : 00;
6478 : E3;
6479 : DD;
6480 : 19;
6481 : E4;
6482 : 19;
6483 : FD;
6484 : 09;
6485 : 05;
6486 : 29;
6487 : FA;
6488 : 12;
6489 : 05;
6490 : 11;
6491 : 00;
6492 : 11;
6493 : FF;
6494 : 22;
6495 : ED;
6496 : 0A;
6497 : F7;
6498 : 0F;
6499 : 06;
6500 : 07;
6501 : EF;
6502 : 03;
6503 : 22;
6504 : E0;
6505 : FC;
6506 : 0A;
6507 : EF;
6508 : FD;
6509 : E1;
6510 : 15;
6511 : F5;
6512 : 0C;
6513 : FB;
6514 : 13;
6515 : 08;
6516 : 34;
6517 : FC;
6518 : 05;
6519 : FF;
6520 : F3;
6521 : FD;
6522 : 35;
6523 : EF;
6524 : 2D;
6525 : FB;
6526 : 05;
6527 : F2;
6528 : 05;
6529 : 09;
6530 : 0A;
6531 : F7;
6532 : 02;
6533 : 14;
6534 : F4;
6535 : 03;
6536 : 06;
6537 : F7;
6538 : F3;
6539 : E3;
6540 : 0E;
6541 : F2;
6542 : 0D;
6543 : F9;
6544 : F8;
6545 : 0A;
6546 : 27;
6547 : 03;
6548 : FC;
6549 : 1A;
6550 : E2;
6551 : 09;
6552 : 4C;
6553 : EB;
6554 : 3B;
6555 : 19;
6556 : 10;
6557 : 02;
6558 : FC;
6559 : 14;
6560 : 02;
6561 : F8;
6562 : F9;
6563 : 03;
6564 : 16;
6565 : 06;
6566 : FD;
6567 : F6;
6568 : EE;
6569 : F1;
6570 : 19;
6571 : DF;
6572 : 01;
6573 : D0;
6574 : 00;
6575 : 08;
6576 : 4E;
6577 : 1C;
6578 : FB;
6579 : E9;
6580 : DB;
6581 : 09;
6582 : 50;
6583 : C0;
6584 : 2E;
6585 : 27;
6586 : 08;
6587 : 02;
6588 : E9;
6589 : 10;
6590 : 26;
6591 : F0;
6592 : FB;
6593 : F4;
6594 : 20;
6595 : 08;
6596 : FE;
6597 : F0;
6598 : EF;
6599 : F0;
6600 : 19;
6601 : BC;
6602 : F4;
6603 : C1;
6604 : 1C;
6605 : 0B;
6606 : 27;
6607 : 0E;
6608 : D7;
6609 : C5;
6610 : DA;
6611 : 10;
6612 : 58;
6613 : 8E;
6614 : 03;
6615 : 59;
6616 : 26;
6617 : EC;
6618 : E3;
6619 : 18;
6620 : 3C;
6621 : E8;
6622 : 2B;
6623 : 02;
6624 : 37;
6625 : 28;
6626 : 1F;
6627 : ED;
6628 : F0;
6629 : F4;
6630 : 20;
6631 : B7;
6632 : 24;
6633 : BE;
6634 : 4A;
6635 : 0E;
6636 : EE;
6637 : FD;
6638 : CF;
6639 : D2;
6640 : CE;
6641 : 0C;
6642 : 43;
6643 : 91;
6644 : F3;
6645 : 4D;
6646 : 57;
6647 : DB;
6648 : E2;
6649 : 2F;
6650 : 6A;
6651 : DD;
6652 : 59;
6653 : FA;
6654 : 54;
6655 : 4A;
6656 : 27;
6657 : F7;
6658 : E6;
6659 : E9;
6660 : EF;
6661 : EA;
6662 : 40;
6663 : FC;
6664 : 34;
6665 : E7;
6666 : FA;
6667 : F2;
6668 : FA;
6669 : F0;
6670 : F6;
6671 : 0E;
6672 : 18;
6673 : E8;
6674 : 19;
6675 : 49;
6676 : 4C;
6677 : 02;
6678 : F1;
6679 : 06;
6680 : 1E;
6681 : F4;
6682 : 59;
6683 : F2;
6684 : 69;
6685 : 29;
6686 : 1E;
6687 : E4;
6688 : EF;
6689 : F1;
6690 : 0D;
6691 : F3;
6692 : 18;
6693 : 0C;
6694 : 10;
6695 : 1E;
6696 : DF;
6697 : 18;
6698 : F0;
6699 : F8;
6700 : D6;
6701 : 01;
6702 : 1E;
6703 : F3;
6704 : FC;
6705 : 29;
6706 : 39;
6707 : FC;
6708 : FA;
6709 : 0A;
6710 : 02;
6711 : DF;
6712 : 25;
6713 : 19;
6714 : 2E;
6715 : 0E;
6716 : 12;
6717 : FD;
6718 : 00;
6719 : 0D;
6720 : 0A;
6721 : F3;
6722 : 0F;
6723 : EE;
6724 : 01;
6725 : 13;
6726 : 08;
6727 : 00;
6728 : 11;
6729 : 12;
6730 : E7;
6731 : 16;
6732 : 12;
6733 : EF;
6734 : F9;
6735 : EC;
6736 : F9;
6737 : EF;
6738 : E8;
6739 : 0A;
6740 : 11;
6741 : 14;
6742 : EC;
6743 : F8;
6744 : F7;
6745 : E1;
6746 : 09;
6747 : 10;
6748 : 04;
6749 : 0D;
6750 : EC;
6751 : E9;
6752 : 14;
6753 : 25;
6754 : 26;
6755 : ED;
6756 : 07;
6757 : EA;
6758 : 1E;
6759 : 23;
6760 : 07;
6761 : F8;
6762 : 2F;
6763 : 15;
6764 : 28;
6765 : E0;
6766 : E8;
6767 : 08;
6768 : D1;
6769 : 1D;
6770 : 09;
6771 : 0D;
6772 : E4;
6773 : 09;
6774 : DA;
6775 : E6;
6776 : FF;
6777 : F8;
6778 : E4;
6779 : 0C;
6780 : E7;
6781 : FB;
6782 : 3E;
6783 : 29;
6784 : 03;
6785 : F0;
6786 : 14;
6787 : D0;
6788 : 1D;
6789 : 01;
6790 : 0B;
6791 : FA;
6792 : 46;
6793 : 14;
6794 : 3A;
6795 : DC;
6796 : 06;
6797 : 20;
6798 : F3;
6799 : FF;
6800 : 14;
6801 : 03;
6802 : E5;
6803 : FF;
6804 : EC;
6805 : DC;
6806 : 01;
6807 : FA;
6808 : E0;
6809 : 02;
6810 : FB;
6811 : 00;
6812 : 1A;
6813 : 06;
6814 : 21;
6815 : DB;
6816 : 18;
6817 : F1;
6818 : 04;
6819 : 1F;
6820 : 15;
6821 : E7;
6822 : 02;
6823 : 39;
6824 : 66;
6825 : E5;
6826 : FD;
6827 : 1D;
6828 : E4;
6829 : 23;
6830 : 35;
6831 : 26;
6832 : C8;
6833 : 10;
6834 : F0;
6835 : FF;
6836 : EC;
6837 : F4;
6838 : EA;
6839 : 04;
6840 : FE;
6841 : 08;
6842 : 2F;
6843 : 30;
6844 : 0F;
6845 : D3;
6846 : F8;
6847 : FA;
6848 : F4;
6849 : 32;
6850 : 0A;
6851 : E1;
6852 : CF;
6853 : 58;
6854 : 7F;
6855 : E9;
6856 : CF;
6857 : 0C;
6858 : EB;
6859 : FB;
6860 : F4;
6861 : 26;
6862 : D2;
6863 : EB;
6864 : 0D;
6865 : 27;
6866 : ED;
6867 : FB;
6868 : F8;
6869 : 15;
6870 : 03;
6871 : FE;
6872 : 0B;
6873 : 17;
6874 : 0A;
6875 : F0;
6876 : 1C;
6877 : FB;
6878 : 0F;
6879 : 23;
6880 : F2;
6881 : D5;
6882 : F6;
6883 : 2B;
6884 : 66;
6885 : 01;
6886 : E0;
6887 : 0B;
6888 : F9;
6889 : 19;
6890 : 00;
6891 : 30;
6892 : F0;
6893 : ED;
6894 : 0F;
6895 : 28;
6896 : F1;
6897 : 04;
6898 : E7;
6899 : 07;
6900 : F3;
6901 : F6;
6902 : FD;
6903 : FF;
6904 : 00;
6905 : FE;
6906 : 06;
6907 : 11;
6908 : 19;
6909 : 14;
6910 : EA;
6911 : E4;
6912 : 07;
6913 : 26;
6914 : 2C;
6915 : 05;
6916 : D7;
6917 : 07;
6918 : F3;
6919 : 26;
6920 : 07;
6921 : 38;
6922 : FD;
6923 : FF;
6924 : 0B;
6925 : 1C;
6926 : E6;
6927 : 0B;
6928 : EF;
6929 : F4;
6930 : D9;
6931 : FB;
6932 : 07;
6933 : 0B;
6934 : 0F;
6935 : E8;
6936 : FC;
6937 : 10;
6938 : 0E;
6939 : 19;
6940 : 02;
6941 : D8;
6942 : 0B;
6943 : 16;
6944 : 27;
6945 : 12;
6946 : EB;
6947 : 17;
6948 : ED;
6949 : 2B;
6950 : 06;
6951 : 30;
6952 : F4;
6953 : 04;
6954 : 0A;
6955 : 06;
6956 : D6;
6957 : 03;
6958 : F3;
6959 : EB;
6960 : E3;
6961 : 00;
6962 : 13;
6963 : 0C;
6964 : 07;
6965 : FE;
6966 : 09;
6967 : 17;
6968 : 0E;
6969 : 05;
6970 : 0F;
6971 : DB;
6972 : 11;
6973 : 0B;
6974 : 06;
6975 : 0C;
6976 : 01;
6977 : FA;
6978 : FD;
6979 : 27;
6980 : 24;
6981 : 1A;
6982 : 10;
6983 : 0C;
6984 : F8;
6985 : 0F;
6986 : ED;
6987 : F2;
6988 : 08;
6989 : CD;
6990 : E4;
6991 : 01;
6992 : 00;
6993 : 0C;
6994 : 0A;
6995 : 06;
6996 : FA;
6997 : 01;
6998 : 11;
6999 : 13;
7000 : 09;
7001 : FB;
7002 : 1B;
7003 : F2;
7004 : 1C;
7005 : 04;
7006 : 0E;
7007 : F9;
7008 : 04;
7009 : 21;
7010 : 22;
7011 : 14;
7012 : 02;
7013 : F6;
7014 : 00;
7015 : 06;
7016 : EA;
7017 : 03;
7018 : 0B;
7019 : CD;
7020 : F5;
7021 : F5;
7022 : 16;
7023 : 1B;
7024 : 00;
7025 : 03;
7026 : EB;
7027 : 10;
7028 : 1E;
7029 : 26;
7030 : 02;
7031 : EF;
7032 : 1B;
7033 : FC;
7034 : 08;
7035 : 07;
7036 : FB;
7037 : E7;
7038 : F7;
7039 : 1B;
7040 : 24;
7041 : 18;
7042 : 19;
7043 : 02;
7044 : F7;
7045 : 04;
7046 : EF;
7047 : 0F;
7048 : 0C;
7049 : DA;
7050 : F8;
7051 : EB;
7052 : 18;
7053 : 20;
7054 : 01;
7055 : FB;
7056 : ED;
7057 : FF;
7058 : 22;
7059 : 07;
7060 : 09;
7061 : F7;
7062 : 1A;
7063 : F0;
7064 : 0F;
7065 : 15;
7066 : 06;
7067 : E9;
7068 : F4;
7069 : 0D;
7070 : 25;
7071 : 15;
7072 : 2A;
7073 : 0F;
7074 : E7;
7075 : F4;
7076 : F2;
7077 : F8;
7078 : DD;
7079 : D6;
7080 : F7;
7081 : EF;
7082 : 21;
7083 : 10;
7084 : 01;
7085 : 0D;
7086 : EC;
7087 : F9;
7088 : 25;
7089 : 0C;
7090 : F9;
7091 : F5;
7092 : 00;
7093 : EC;
7094 : 1B;
7095 : 0A;
7096 : 06;
7097 : D8;
7098 : E7;
7099 : 11;
7100 : 16;
7101 : 18;
7102 : 27;
7103 : 1E;
7104 : DE;
7105 : ED;
7106 : F2;
7107 : 01;
7108 : CF;
7109 : E7;
7110 : 11;
7111 : 0A;
7112 : 1D;
7113 : 08;
7114 : F8;
7115 : 00;
7116 : FF;
7117 : 0B;
7118 : 26;
7119 : 05;
7120 : EA;
7121 : 01;
7122 : EC;
7123 : 00;
7124 : F7;
7125 : EE;
7126 : FB;
7127 : D3;
7128 : EB;
7129 : 03;
7130 : 18;
7131 : 11;
7132 : 36;
7133 : 29;
7134 : E5;
7135 : 00;
7136 : ED;
7137 : 05;
7138 : DA;
7139 : F4;
7140 : 20;
7141 : 16;
7142 : 24;
7143 : 15;
7144 : 09;
7145 : F5;
7146 : 0C;
7147 : F9;
7148 : 36;
7149 : 06;
7150 : F0;
7151 : E8;
7152 : EC;
7153 : 02;
7154 : BA;
7155 : DA;
7156 : F3;
7157 : D1;
7158 : E4;
7159 : 09;
7160 : 21;
7161 : 10;
7162 : 0A;
7163 : 2A;
7164 : C1;
7165 : 08;
7166 : 08;
7167 : 13;
7168 : E4;
7169 : 0C;
7170 : 14;
7171 : 21;
7172 : 28;
7173 : 00;
7174 : 07;
7175 : FA;
7176 : 28;
7177 : FD;
7178 : 41;
7179 : 0B;
7180 : EE;
7181 : F5;
7182 : EA;
7183 : 1A;
7184 : B5;
7185 : E1;
7186 : EB;
7187 : D8;
7188 : 03;
7189 : FB;
7190 : 1A;
7191 : 04;
7192 : EF;
7193 : 20;
7194 : BF;
7195 : 08;
7196 : 03;
7197 : 26;
7198 : EF;
7199 : 00;
7200 : 1E;
7201 : 0F;
7202 : 1E;
7203 : E6;
7204 : 09;
7205 : 02;
7206 : 2A;
7207 : 07;
7208 : 3A;
7209 : 07;
7210 : 02;
7211 : FA;
7212 : E9;
7213 : 0E;
7214 : E3;
7215 : DC;
7216 : EF;
7217 : D3;
7218 : 33;
7219 : 1F;
7220 : 20;
7221 : 0A;
7222 : E6;
7223 : 0E;
7224 : D9;
7225 : EF;
7226 : 09;
7227 : 27;
7228 : EB;
7229 : 01;
7230 : 0E;
7231 : EF;
7232 : 23;
7233 : EF;
7234 : F4;
7235 : 08;
7236 : 43;
7237 : 11;
7238 : 1E;
7239 : 13;
7240 : 02;
7241 : F8;
7242 : F6;
7243 : 0E;
7244 : 04;
7245 : EA;
7246 : FA;
7247 : F5;
7248 : 1F;
7249 : 27;
7250 : 08;
7251 : 13;
7252 : EF;
7253 : 0D;
7254 : E4;
7255 : F8;
7256 : 03;
7257 : 1A;
7258 : DF;
7259 : 04;
7260 : 0C;
7261 : E3;
7262 : 2C;
7263 : DC;
7264 : EE;
7265 : FA;
7266 : 3D;
7267 : 00;
7268 : 18;
7269 : 13;
7270 : 16;
7271 : FC;
7272 : F3;
7273 : 04;
7274 : 2B;
7275 : F1;
7276 : FE;
7277 : F4;
7278 : 2A;
7279 : 30;
7280 : 1B;
7281 : 03;
7282 : F8;
7283 : 2B;
7284 : E6;
7285 : F1;
7286 : EB;
7287 : 0E;
7288 : D6;
7289 : DF;
7290 : 07;
7291 : CE;
7292 : 17;
7293 : F5;
7294 : DC;
7295 : F9;
7296 : 29;
7297 : 01;
7298 : 08;
7299 : 1B;
7300 : FB;
7301 : 0F;
7302 : FD;
7303 : 01;
7304 : 35;
7305 : 02;
7306 : 07;
7307 : EC;
7308 : 19;
7309 : 16;
7310 : 16;
7311 : FF;
7312 : F9;
7313 : 11;
7314 : EC;
7315 : 04;
7316 : 00;
7317 : 0C;
7318 : E9;
7319 : DF;
7320 : 00;
7321 : DE;
7322 : 0E;
7323 : F6;
7324 : EE;
7325 : FB;
7326 : 2C;
7327 : F1;
7328 : 03;
7329 : 13;
7330 : EF;
7331 : 11;
7332 : 04;
7333 : 08;
7334 : 32;
7335 : F9;
7336 : 0A;
7337 : D9;
7338 : FF;
7339 : 35;
7340 : 12;
7341 : 03;
7342 : 01;
7343 : 14;
7344 : F6;
7345 : 0C;
7346 : 09;
7347 : 08;
7348 : E9;
7349 : E5;
7350 : 0F;
7351 : EF;
7352 : 08;
7353 : EB;
7354 : DF;
7355 : F4;
7356 : 1E;
7357 : EB;
7358 : FB;
7359 : FD;
7360 : FC;
7361 : 06;
7362 : 1F;
7363 : 02;
7364 : 2B;
7365 : FF;
7366 : 1E;
7367 : E1;
7368 : 06;
7369 : 12;
7370 : 25;
7371 : F0;
7372 : 0D;
7373 : 0D;
7374 : FA;
7375 : 05;
7376 : 18;
7377 : 04;
7378 : EE;
7379 : DF;
7380 : 1B;
7381 : E2;
7382 : 0E;
7383 : EB;
7384 : D2;
7385 : F3;
7386 : 13;
7387 : F1;
7388 : 0B;
7389 : 10;
7390 : E9;
7391 : EE;
7392 : 46;
7393 : FA;
7394 : 3B;
7395 : 12;
7396 : 04;
7397 : F5;
7398 : FD;
7399 : 26;
7400 : 2A;
7401 : 06;
7402 : 11;
7403 : 0B;
7404 : F9;
7405 : 18;
7406 : FB;
7407 : 02;
7408 : F8;
7409 : FA;
7410 : 0A;
7411 : CA;
7412 : 14;
7413 : DA;
7414 : D2;
7415 : 17;
7416 : 30;
7417 : FA;
7418 : 0A;
7419 : F7;
7420 : C7;
7421 : 03;
7422 : 79;
7423 : 9F;
7424 : 1C;
7425 : 26;
7426 : 0A;
7427 : DC;
7428 : F1;
7429 : 29;
7430 : 53;
7431 : EE;
7432 : 1C;
7433 : EE;
7434 : 07;
7435 : 23;
7436 : 0F;
7437 : 0E;
7438 : E3;
7439 : DB;
7440 : 2A;
7441 : CE;
7442 : EE;
7443 : 98;
7444 : E3;
7445 : 16;
7446 : 5A;
7447 : 05;
7448 : E4;
7449 : BA;
7450 : C8;
7451 : 09;
7452 : 7F;
7453 : 80;
7454 : F5;
7455 : 52;
7456 : 52;
7457 : CE;
7458 : EF;
7459 : 25;
7460 : 7E;
7461 : DF;
7462 : 58;
7463 : 13;
7464 : 2D;
7465 : 41;
7466 : 22;
7467 : E4;
7468 : E1;
7469 : D0;
7470 : 27;
7471 : D6;
7472 : 0D;
7473 : 8E;
7474 : 1E;
7475 : 15;
7476 : 0E;
7477 : ED;
7478 : DB;
7479 : C7;
7480 : D3;
7481 : 0C;
7482 : 4E;
7483 : 8E;
7484 : FD;
7485 : 77;
7486 : 7F;
7487 : D9;
7488 : E7;
7489 : 2A;
7490 : 72;
7491 : DD;
7492 : 7F;
7493 : 0F;
7494 : 7F;
7495 : 75;
7496 : 21;
7497 : DD;
7498 : E9;
7499 : BD;
7500 : 11;
7501 : EF;
7502 : 1E;
7503 : D0;
7504 : FF;
7505 : 19;
7506 : EF;
7507 : 11;
7508 : FA;
7509 : FB;
7510 : E6;
7511 : F5;
7512 : 18;
7513 : CE;
7514 : 14;
7515 : 58;
7516 : 43;
7517 : E8;
7518 : 08;
7519 : 17;
7520 : 28;
7521 : 11;
7522 : 5E;
7523 : 11;
7524 : 64;
7525 : 48;
7526 : 0D;
7527 : 00;
7528 : ED;
7529 : E3;
7530 : 1F;
7531 : E2;
7532 : F7;
7533 : E4;
7534 : F3;
7535 : 22;
7536 : DF;
7537 : 14;
7538 : FE;
7539 : 04;
7540 : E6;
7541 : E9;
7542 : 18;
7543 : F2;
7544 : 18;
7545 : 12;
7546 : 1A;
7547 : E8;
7548 : 1B;
7549 : 0B;
7550 : 1B;
7551 : 11;
7552 : 2A;
7553 : 2A;
7554 : 1A;
7555 : 26;
7556 : 07;
7557 : 03;
7558 : 03;
7559 : EF;
7560 : F3;
7561 : 03;
7562 : 19;
7563 : 08;
7564 : 15;
7565 : F5;
7566 : 04;
7567 : FA;
7568 : 13;
7569 : 17;
7570 : 17;
7571 : ED;
7572 : 17;
7573 : F6;
7574 : 09;
7575 : F8;
7576 : 00;
7577 : 16;
7578 : F6;
7579 : 0D;
7580 : F6;
7581 : 0F;
7582 : EE;
7583 : 03;
7584 : FF;
7585 : EF;
7586 : F3;
7587 : F9;
7588 : FC;
7589 : 05;
7590 : F2;
7591 : F6;
7592 : 19;
7593 : 27;
7594 : 33;
7595 : F5;
7596 : 10;
7597 : DD;
7598 : 21;
7599 : 11;
7600 : 26;
7601 : EE;
7602 : 31;
7603 : 0E;
7604 : 26;
7605 : D7;
7606 : FB;
7607 : 39;
7608 : DD;
7609 : 1E;
7610 : 0C;
7611 : 1F;
7612 : ED;
7613 : 11;
7614 : E7;
7615 : D5;
7616 : FA;
7617 : F6;
7618 : E7;
7619 : F0;
7620 : F0;
7621 : ED;
7622 : 35;
7623 : 1A;
7624 : 1D;
7625 : EF;
7626 : F3;
7627 : E6;
7628 : 26;
7629 : 18;
7630 : 09;
7631 : E3;
7632 : 3E;
7633 : FF;
7634 : 37;
7635 : DB;
7636 : F5;
7637 : 1F;
7638 : EB;
7639 : 04;
7640 : 1D;
7641 : 03;
7642 : CB;
7643 : FA;
7644 : E6;
7645 : DE;
7646 : 04;
7647 : F7;
7648 : E9;
7649 : FD;
7650 : EC;
7651 : F8;
7652 : 31;
7653 : 0B;
7654 : 0A;
7655 : F3;
7656 : FE;
7657 : E9;
7658 : 26;
7659 : 2B;
7660 : 19;
7661 : EA;
7662 : 02;
7663 : 21;
7664 : 61;
7665 : D5;
7666 : E9;
7667 : 0B;
7668 : F4;
7669 : 1F;
7670 : 2F;
7671 : 25;
7672 : D0;
7673 : 13;
7674 : E3;
7675 : 01;
7676 : D8;
7677 : FA;
7678 : D6;
7679 : 0C;
7680 : 02;
7681 : EC;
7682 : 2B;
7683 : 2B;
7684 : 03;
7685 : DE;
7686 : E4;
7687 : 0D;
7688 : 0D;
7689 : 16;
7690 : FC;
7691 : E0;
7692 : F8;
7693 : 49;
7694 : 7E;
7695 : EB;
7696 : E6;
7697 : 14;
7698 : CA;
7699 : F9;
7700 : 0A;
7701 : 39;
7702 : C6;
7703 : FE;
7704 : FB;
7705 : 29;
7706 : E7;
7707 : 0B;
7708 : F3;
7709 : 1F;
7710 : EB;
7711 : 02;
7712 : FC;
7713 : 22;
7714 : F1;
7715 : F3;
7716 : 17;
7717 : 00;
7718 : 13;
7719 : 0A;
7720 : FE;
7721 : D3;
7722 : 06;
7723 : 34;
7724 : 45;
7725 : F2;
7726 : CC;
7727 : 02;
7728 : FC;
7729 : 14;
7730 : 00;
7731 : 33;
7732 : EB;
7733 : 10;
7734 : 03;
7735 : 26;
7736 : CF;
7737 : 0D;
7738 : E2;
7739 : 01;
7740 : EC;
7741 : 03;
7742 : F0;
7743 : 01;
7744 : FA;
7745 : E5;
7746 : FD;
7747 : 05;
7748 : FF;
7749 : 02;
7750 : 02;
7751 : D5;
7752 : 02;
7753 : 19;
7754 : 08;
7755 : FA;
7756 : E1;
7757 : FB;
7758 : F7;
7759 : 21;
7760 : 1D;
7761 : 2C;
7762 : 04;
7763 : 23;
7764 : FF;
7765 : 23;
7766 : D3;
7767 : 02;
7768 : F9;
7769 : EC;
7770 : DE;
7771 : 0F;
7772 : F8;
7773 : 0E;
7774 : 03;
7775 : F0;
7776 : F8;
7777 : 0C;
7778 : FC;
7779 : 01;
7780 : 06;
7781 : D6;
7782 : 09;
7783 : 0E;
7784 : 10;
7785 : FB;
7786 : E4;
7787 : F4;
7788 : 03;
7789 : 19;
7790 : 0E;
7791 : 1D;
7792 : FC;
7793 : 18;
7794 : 09;
7795 : 11;
7796 : E8;
7797 : F3;
7798 : F8;
7799 : E0;
7800 : EF;
7801 : 0C;
7802 : FC;
7803 : 15;
7804 : 0F;
7805 : 01;
7806 : E9;
7807 : 0E;
7808 : F5;
7809 : 18;
7810 : FD;
7811 : E3;
7812 : 0C;
7813 : F2;
7814 : 0C;
7815 : 07;
7816 : 00;
7817 : F3;
7818 : F4;
7819 : 23;
7820 : 0B;
7821 : 16;
7822 : 09;
7823 : 13;
7824 : 0D;
7825 : 04;
7826 : FC;
7827 : EC;
7828 : 17;
7829 : CE;
7830 : F2;
7831 : F6;
7832 : 04;
7833 : 1A;
7834 : FD;
7835 : FB;
7836 : 01;
7837 : 00;
7838 : 0B;
7839 : 08;
7840 : 06;
7841 : FB;
7842 : 18;
7843 : F0;
7844 : 0D;
7845 : 02;
7846 : 0A;
7847 : E3;
7848 : 00;
7849 : 17;
7850 : 17;
7851 : 0F;
7852 : 28;
7853 : 13;
7854 : F4;
7855 : FD;
7856 : DF;
7857 : FC;
7858 : 14;
7859 : D9;
7860 : FF;
7861 : FE;
7862 : F4;
7863 : 1B;
7864 : FC;
7865 : 13;
7866 : 0B;
7867 : EF;
7868 : 24;
7869 : FD;
7870 : 01;
7871 : FB;
7872 : 1C;
7873 : E6;
7874 : FE;
7875 : FF;
7876 : FC;
7877 : E5;
7878 : F1;
7879 : 0F;
7880 : 1A;
7881 : 07;
7882 : 28;
7883 : 15;
7884 : E5;
7885 : 00;
7886 : F1;
7887 : EB;
7888 : 0C;
7889 : D0;
7890 : 04;
7891 : F8;
7892 : FA;
7893 : 01;
7894 : 02;
7895 : 1C;
7896 : FC;
7897 : EC;
7898 : 28;
7899 : F6;
7900 : 00;
7901 : F5;
7902 : 37;
7903 : D3;
7904 : 03;
7905 : 1A;
7906 : FF;
7907 : E2;
7908 : E9;
7909 : 03;
7910 : 0E;
7911 : 13;
7912 : 42;
7913 : 20;
7914 : F9;
7915 : 04;
7916 : ED;
7917 : E0;
7918 : F6;
7919 : E2;
7920 : 01;
7921 : FE;
7922 : 0C;
7923 : F0;
7924 : 0B;
7925 : FB;
7926 : 0B;
7927 : EE;
7928 : 29;
7929 : F3;
7930 : FD;
7931 : 02;
7932 : 1F;
7933 : DF;
7934 : FD;
7935 : 10;
7936 : 07;
7937 : F6;
7938 : D6;
7939 : F6;
7940 : 0A;
7941 : 0F;
7942 : 38;
7943 : 22;
7944 : E7;
7945 : FE;
7946 : DF;
7947 : DE;
7948 : DD;
7949 : E5;
7950 : 0B;
7951 : 1A;
7952 : 17;
7953 : F7;
7954 : 05;
7955 : FA;
7956 : 10;
7957 : F5;
7958 : 49;
7959 : FA;
7960 : E7;
7961 : 01;
7962 : F5;
7963 : E2;
7964 : D6;
7965 : FE;
7966 : F3;
7967 : 0B;
7968 : B8;
7969 : F1;
7970 : 0F;
7971 : 22;
7972 : 1A;
7973 : 1D;
7974 : CB;
7975 : 00;
7976 : F3;
7977 : F3;
7978 : D2;
7979 : F5;
7980 : 0C;
7981 : 17;
7982 : 34;
7983 : 07;
7984 : 07;
7985 : F0;
7986 : 1E;
7987 : FB;
7988 : 50;
7989 : F1;
7990 : EF;
7991 : F6;
7992 : CC;
7993 : FA;
7994 : C2;
7995 : C3;
7996 : E8;
7997 : 17;
7998 : DC;
7999 : 0C;
8000 : 20;
8001 : 25;
8002 : F6;
8003 : 2D;
8004 : AA;
8005 : 12;
8006 : FB;
8007 : F4;
8008 : D3;
8009 : 1B;
8010 : 0F;
8011 : 1A;
8012 : 47;
8013 : 0C;
8014 : F1;
8015 : E6;
8016 : 17;
8017 : F0;
8018 : 41;
8019 : 17;
8020 : FA;
8021 : F2;
8022 : C1;
8023 : 2F;
8024 : D4;
8025 : D1;
8026 : D1;
8027 : 22;
8028 : 0C;
8029 : 00;
8030 : FD;
8031 : 1A;
8032 : D7;
8033 : 24;
8034 : AA;
8035 : 11;
8036 : F9;
8037 : ED;
8038 : D9;
8039 : 25;
8040 : 02;
8041 : 06;
8042 : 2D;
8043 : EC;
8044 : E6;
8045 : EF;
8046 : 1F;
8047 : F6;
8048 : 34;
8049 : 17;
8050 : 03;
8051 : 02;
8052 : DE;
8053 : 32;
8054 : 1B;
8055 : EB;
8056 : D5;
8057 : 0C;
8058 : 34;
8059 : 1B;
8060 : 04;
8061 : 24;
8062 : D8;
8063 : FC;
8064 : D9;
8065 : FF;
8066 : DA;
8067 : EF;
8068 : E1;
8069 : 10;
8070 : FC;
8071 : F8;
8072 : 2C;
8073 : E9;
8074 : C7;
8075 : EF;
8076 : 33;
8077 : EA;
8078 : 27;
8079 : 21;
8080 : 0F;
8081 : 02;
8082 : E1;
8083 : 1A;
8084 : 37;
8085 : DE;
8086 : DE;
8087 : F0;
8088 : 2E;
8089 : 21;
8090 : 07;
8091 : 2B;
8092 : E5;
8093 : 03;
8094 : DF;
8095 : F8;
8096 : D3;
8097 : 11;
8098 : D4;
8099 : 00;
8100 : FF;
8101 : F3;
8102 : 27;
8103 : DF;
8104 : AC;
8105 : EC;
8106 : 3E;
8107 : EB;
8108 : 14;
8109 : 04;
8110 : 0D;
8111 : 0D;
8112 : EF;
8113 : 1C;
8114 : 22;
8115 : EC;
8116 : E9;
8117 : EA;
8118 : 17;
8119 : 1F;
8120 : 13;
8121 : 17;
8122 : EC;
8123 : 03;
8124 : E1;
8125 : 08;
8126 : F2;
8127 : 0A;
8128 : DD;
8129 : E2;
8130 : FF;
8131 : DF;
8132 : 10;
8133 : E1;
8134 : A3;
8135 : EC;
8136 : 27;
8137 : E3;
8138 : 0D;
8139 : 00;
8140 : FF;
8141 : 07;
8142 : EF;
8143 : 11;
8144 : 2B;
8145 : E9;
8146 : F3;
8147 : E4;
8148 : FD;
8149 : 16;
8150 : 19;
8151 : 20;
8152 : FF;
8153 : 04;
8154 : 02;
8155 : 04;
8156 : E3;
8157 : 1D;
8158 : E4;
8159 : DD;
8160 : 06;
8161 : EB;
8162 : 0F;
8163 : E6;
8164 : C3;
8165 : EF;
8166 : 16;
8167 : F7;
8168 : 01;
8169 : FE;
8170 : F7;
8171 : 06;
8172 : F7;
8173 : 09;
8174 : 2E;
8175 : F8;
8176 : FE;
8177 : EC;
8178 : 0D;
8179 : 15;
8180 : 2A;
8181 : 09;
8182 : 02;
8183 : 07;
8184 : FF;
8185 : 06;
8186 : F1;
8187 : 15;
8188 : F1;
8189 : F2;
8190 : FE;
8191 : EE;
8192 : 0C;
8193 : E3;
8194 : AD;
8195 : E6;
8196 : 12;
8197 : 04;
8198 : 04;
8199 : ED;
8200 : EC;
8201 : 00;
8202 : 08;
8203 : 0D;
8204 : 3D;
8205 : 00;
8206 : 20;
8207 : FB;
8208 : FB;
8209 : 1A;
8210 : 14;
8211 : 11;
8212 : 0B;
8213 : 08;
8214 : 08;
8215 : 06;
8216 : 0F;
8217 : FB;
8218 : D5;
8219 : FC;
8220 : 05;
8221 : DF;
8222 : 04;
8223 : F7;
8224 : B6;
8225 : E5;
8226 : 07;
8227 : FC;
8228 : 17;
8229 : F6;
8230 : E3;
8231 : F1;
8232 : 3F;
8233 : 06;
8234 : 2A;
8235 : 09;
8236 : 17;
8237 : F3;
8238 : 13;
8239 : 25;
8240 : 43;
8241 : 09;
8242 : 16;
8243 : 0A;
8244 : F6;
8245 : 04;
8246 : FF;
8247 : 04;
8248 : F2;
8249 : F8;
8250 : 15;
8251 : CE;
8252 : F9;
8253 : E0;
8254 : AC;
8255 : 12;
8256 : 1A;
8257 : 00;
8258 : 0F;
8259 : DF;
8260 : C7;
8261 : FD;
8262 : 7F;
8263 : 9B;
8264 : 0A;
8265 : 11;
8266 : 08;
8267 : E7;
8268 : FE;
8269 : 3B;
8270 : 62;
8271 : F8;
8272 : 1E;
8273 : F9;
8274 : 03;
8275 : 12;
8276 : 25;
8277 : 0F;
8278 : F2;
8279 : F2;
8280 : 4C;
8281 : B1;
8282 : 05;
8283 : B3;
8284 : C4;
8285 : 32;
8286 : 2F;
8287 : 0F;
8288 : FA;
8289 : B3;
8290 : A5;
8291 : 17;
8292 : 7F;
8293 : 80;
8294 : D7;
8295 : 25;
8296 : 3F;
8297 : B8;
8298 : D9;
8299 : 56;
8300 : 75;
8301 : DB;
8302 : 5A;
8303 : 15;
8304 : 1A;
8305 : 42;
8306 : 4B;
8307 : D9;
8308 : B0;
8309 : E8;
8310 : 42;
8311 : A7;
8312 : 17;
8313 : BA;
8314 : FA;
8315 : 20;
8316 : EE;
8317 : 03;
8318 : D7;
8319 : DE;
8320 : 9B;
8321 : 0A;
8322 : 64;
8323 : 97;
8324 : E0;
8325 : 5C;
8326 : 7F;
8327 : BF;
8328 : CE;
8329 : 52;
8330 : 6C;
8331 : E4;
8332 : 7F;
8333 : 46;
8334 : 70;
8335 : 7F;
8336 : 5A;
8337 : B5;
8338 : A0;
8339 : C7;
8340 : 2A;
8341 : CE;
8342 : 03;
8343 : F0;
8344 : FB;
8345 : 3C;
8346 : E2;
8347 : 17;
8348 : 02;
8349 : 0A;
8350 : C3;
8351 : F3;
8352 : 25;
8353 : BE;
8354 : 16;
8355 : 26;
8356 : 43;
8357 : D5;
8358 : 04;
8359 : 24;
8360 : 3E;
8361 : 02;
8362 : 71;
8363 : 4B;
8364 : 52;
8365 : 5F;
8366 : 2B;
8367 : E7;
8368 : CE;
8369 : D4;
8370 : 11;
8371 : EF;
8372 : 23;
8373 : 0A;
8374 : 23;
8375 : 07;
8376 : 08;
8377 : FC;
8378 : 0C;
8379 : 19;
8380 : F1;
8381 : F7;
8382 : 1F;
8383 : F2;
8384 : 00;
8385 : F8;
8386 : 22;
8387 : FF;
8388 : DF;
8389 : 27;
8390 : 24;
8391 : 01;
8392 : 22;
8393 : 31;
8394 : 02;
8395 : 11;
8396 : 25;
8397 : F3;
8398 : DE;
8399 : DA;
8400 : EC;
8401 : F5;
8402 : 0F;
8403 : 0B;
8404 : 10;
8405 : F0;
8406 : 09;
8407 : F6;
8408 : 08;
8409 : 18;
8410 : 13;
8411 : F8;
8412 : 13;
8413 : EE;
8414 : 15;
8415 : F8;
8416 : 02;
8417 : 18;
8418 : EC;
8419 : 06;
8420 : F7;
8421 : 0A;
8422 : EF;
8423 : 12;
8424 : 00;
8425 : F1;
8426 : FD;
8427 : ED;
8428 : F1;
8429 : 01;
8430 : F4;
8431 : 02;
8432 : 1D;
8433 : 42;
8434 : 22;
8435 : ED;
8436 : 1D;
8437 : ED;
8438 : 22;
8439 : 1B;
8440 : 3B;
8441 : FD;
8442 : 2D;
8443 : 03;
8444 : 15;
8445 : EB;
8446 : 06;
8447 : 3A;
8448 : EF;
8449 : 24;
8450 : 0C;
8451 : 08;
8452 : D5;
8453 : 07;
8454 : E8;
8455 : C7;
8456 : 01;
8457 : E6;
8458 : DF;
8459 : F7;
8460 : E0;
8461 : F1;
8462 : 32;
8463 : 28;
8464 : 1A;
8465 : E4;
8466 : 00;
8467 : F9;
8468 : 39;
8469 : 2A;
8470 : 09;
8471 : E7;
8472 : 4C;
8473 : F2;
8474 : 45;
8475 : C5;
8476 : EE;
8477 : 20;
8478 : D2;
8479 : 30;
8480 : 18;
8481 : 28;
8482 : C6;
8483 : 03;
8484 : E1;
8485 : DB;
8486 : F0;
8487 : FF;
8488 : D4;
8489 : FC;
8490 : 01;
8491 : E3;
8492 : 23;
8493 : F5;
8494 : 1D;
8495 : DB;
8496 : FB;
8497 : F3;
8498 : 02;
8499 : 0F;
8500 : 05;
8501 : F0;
8502 : E7;
8503 : 2E;
8504 : 64;
8505 : BF;
8506 : E0;
8507 : 0D;
8508 : FE;
8509 : 1F;
8510 : 22;
8511 : 2C;
8512 : CD;
8513 : 0E;
8514 : DA;
8515 : 16;
8516 : DC;
8517 : FA;
8518 : EE;
8519 : 11;
8520 : E6;
8521 : E9;
8522 : FC;
8523 : 0F;
8524 : EF;
8525 : F0;
8526 : FF;
8527 : 19;
8528 : F4;
8529 : F0;
8530 : FE;
8531 : E0;
8532 : 0F;
8533 : 16;
8534 : 4F;
8535 : F7;
8536 : 11;
8537 : 0B;
8538 : E0;
8539 : 14;
8540 : 06;
8541 : 3D;
8542 : E5;
8543 : 02;
8544 : 0F;
8545 : 29;
8546 : EE;
8547 : ED;
8548 : EF;
8549 : FB;
8550 : CF;
8551 : 04;
8552 : F4;
8553 : 20;
8554 : DD;
8555 : 08;
8556 : 04;
8557 : 10;
8558 : 08;
8559 : F4;
8560 : FF;
8561 : D7;
8562 : 17;
8563 : 21;
8564 : 0B;
8565 : E3;
8566 : D2;
8567 : FA;
8568 : FA;
8569 : 0A;
8570 : 0D;
8571 : 40;
8572 : F2;
8573 : 1C;
8574 : 05;
8575 : FC;
8576 : E4;
8577 : ED;
8578 : EA;
8579 : FC;
8580 : D7;
8581 : 0D;
8582 : F8;
8583 : 10;
8584 : F2;
8585 : F9;
8586 : EB;
8587 : 0C;
8588 : FA;
8589 : F0;
8590 : F0;
8591 : E2;
8592 : 17;
8593 : FD;
8594 : F3;
8595 : EF;
8596 : D1;
8597 : E9;
8598 : 06;
8599 : 0E;
8600 : 0C;
8601 : 23;
8602 : 04;
8603 : 2F;
8604 : FF;
8605 : 06;
8606 : DC;
8607 : FB;
8608 : 0E;
8609 : EB;
8610 : E1;
8611 : 1E;
8612 : D0;
8613 : 0A;
8614 : 00;
8615 : 09;
8616 : F6;
8617 : 0B;
8618 : EE;
8619 : DF;
8620 : 04;
8621 : E7;
8622 : 14;
8623 : E8;
8624 : 04;
8625 : F8;
8626 : 02;
8627 : F1;
8628 : F9;
8629 : 0D;
8630 : 12;
8631 : FF;
8632 : 06;
8633 : 19;
8634 : 03;
8635 : 10;
8636 : F7;
8637 : E2;
8638 : 11;
8639 : D7;
8640 : 0A;
8641 : 11;
8642 : DA;
8643 : 23;
8644 : F7;
8645 : 1F;
8646 : 06;
8647 : FA;
8648 : F8;
8649 : EE;
8650 : 07;
8651 : EF;
8652 : 2B;
8653 : D3;
8654 : 06;
8655 : FE;
8656 : 0C;
8657 : EF;
8658 : EF;
8659 : 06;
8660 : 07;
8661 : 09;
8662 : 20;
8663 : 10;
8664 : 08;
8665 : 09;
8666 : EF;
8667 : EF;
8668 : 1F;
8669 : D3;
8670 : F8;
8671 : 14;
8672 : D5;
8673 : 0E;
8674 : FD;
8675 : 1E;
8676 : 26;
8677 : EC;
8678 : 0C;
8679 : D5;
8680 : 08;
8681 : 0D;
8682 : 3A;
8683 : C9;
8684 : 0F;
8685 : 06;
8686 : 15;
8687 : F9;
8688 : EA;
8689 : 0C;
8690 : 0F;
8691 : 02;
8692 : 1E;
8693 : 08;
8694 : 05;
8695 : FA;
8696 : EB;
8697 : F1;
8698 : 14;
8699 : C5;
8700 : F8;
8701 : 0B;
8702 : D6;
8703 : 02;
8704 : F9;
8705 : 20;
8706 : 1F;
8707 : 02;
8708 : 0E;
8709 : D2;
8710 : FF;
8711 : F5;
8712 : 38;
8713 : DD;
8714 : FA;
8715 : 0F;
8716 : 12;
8717 : F6;
8718 : E1;
8719 : 00;
8720 : 10;
8721 : 08;
8722 : 28;
8723 : 0D;
8724 : 06;
8725 : FE;
8726 : ED;
8727 : E5;
8728 : 12;
8729 : D6;
8730 : FE;
8731 : FD;
8732 : E4;
8733 : E7;
8734 : F2;
8735 : 20;
8736 : 1B;
8737 : EC;
8738 : 1D;
8739 : BC;
8740 : 01;
8741 : FB;
8742 : 2B;
8743 : D9;
8744 : EA;
8745 : 18;
8746 : 08;
8747 : FD;
8748 : CA;
8749 : 01;
8750 : 09;
8751 : 17;
8752 : 24;
8753 : 15;
8754 : EC;
8755 : 08;
8756 : F0;
8757 : D2;
8758 : EF;
8759 : E4;
8760 : 08;
8761 : 07;
8762 : DE;
8763 : D1;
8764 : F5;
8765 : FB;
8766 : 10;
8767 : E4;
8768 : 1B;
8769 : BB;
8770 : F7;
8771 : 02;
8772 : 23;
8773 : D8;
8774 : D9;
8775 : 3A;
8776 : 11;
8777 : 1A;
8778 : C2;
8779 : FD;
8780 : 07;
8781 : 19;
8782 : 32;
8783 : 14;
8784 : FC;
8785 : 0E;
8786 : F6;
8787 : D7;
8788 : CD;
8789 : E6;
8790 : 15;
8791 : 07;
8792 : F2;
8793 : D4;
8794 : FF;
8795 : 00;
8796 : 10;
8797 : FC;
8798 : 08;
8799 : CE;
8800 : E5;
8801 : EA;
8802 : E7;
8803 : D8;
8804 : DA;
8805 : 0A;
8806 : 0D;
8807 : 35;
8808 : AA;
8809 : 11;
8810 : 1F;
8811 : 48;
8812 : FE;
8813 : 30;
8814 : D9;
8815 : FA;
8816 : 09;
8817 : EB;
8818 : B1;
8819 : FA;
8820 : 21;
8821 : 0F;
8822 : F8;
8823 : E6;
8824 : F9;
8825 : 00;
8826 : 1F;
8827 : 02;
8828 : 0E;
8829 : FA;
8830 : E0;
8831 : D8;
8832 : CB;
8833 : E9;
8834 : DC;
8835 : C6;
8836 : 07;
8837 : 33;
8838 : E4;
8839 : 19;
8840 : 13;
8841 : 58;
8842 : E9;
8843 : 3C;
8844 : BE;
8845 : 17;
8846 : FC;
8847 : EA;
8848 : B2;
8849 : 1E;
8850 : 0A;
8851 : 04;
8852 : 0E;
8853 : FF;
8854 : D6;
8855 : E2;
8856 : 25;
8857 : E0;
8858 : 11;
8859 : 1A;
8860 : 09;
8861 : E3;
8862 : D2;
8863 : 2A;
8864 : 0B;
8865 : C9;
8866 : F1;
8867 : 4A;
8868 : 27;
8869 : 27;
8870 : F4;
8871 : 35;
8872 : C8;
8873 : 14;
8874 : D1;
8875 : 1C;
8876 : E9;
8877 : B7;
8878 : B9;
8879 : 21;
8880 : ED;
8881 : 03;
8882 : 1D;
8883 : 00;
8884 : E2;
8885 : E5;
8886 : 1F;
8887 : ED;
8888 : 0E;
8889 : 0E;
8890 : 1A;
8891 : 04;
8892 : E6;
8893 : 36;
8894 : 28;
8895 : D9;
8896 : DA;
8897 : 14;
8898 : 4A;
8899 : 39;
8900 : FD;
8901 : 36;
8902 : CE;
8903 : 05;
8904 : D7;
8905 : 0E;
8906 : D9;
8907 : CA;
8908 : C9;
8909 : 1C;
8910 : ED;
8911 : 0E;
8912 : 24;
8913 : ED;
8914 : D6;
8915 : E2;
8916 : 13;
8917 : EB;
8918 : 11;
8919 : 15;
8920 : 0C;
8921 : 01;
8922 : E4;
8923 : 30;
8924 : 2F;
8925 : DB;
8926 : CC;
8927 : 01;
8928 : 2B;
8929 : 25;
8930 : 04;
8931 : 27;
8932 : C4;
8933 : ED;
8934 : E6;
8935 : FF;
8936 : DE;
8937 : 09;
8938 : DD;
8939 : 0C;
8940 : F9;
8941 : FF;
8942 : 1C;
8943 : F3;
8944 : BC;
8945 : EE;
8946 : 1B;
8947 : EF;
8948 : 0E;
8949 : 04;
8950 : 0F;
8951 : 0B;
8952 : E0;
8953 : 19;
8954 : 28;
8955 : DC;
8956 : DA;
8957 : F9;
8958 : 16;
8959 : 18;
8960 : 11;
8961 : 31;
8962 : E5;
8963 : EE;
8964 : EA;
8965 : EF;
8966 : DC;
8967 : 2A;
8968 : EA;
8969 : ED;
8970 : F6;
8971 : F1;
8972 : 0A;
8973 : E9;
8974 : A4;
8975 : E9;
8976 : 15;
8977 : EA;
8978 : 0E;
8979 : FA;
8980 : 0A;
8981 : 06;
8982 : CE;
8983 : 19;
8984 : 26;
8985 : DC;
8986 : EC;
8987 : 04;
8988 : 0D;
8989 : 08;
8990 : 24;
8991 : 2D;
8992 : E9;
8993 : F7;
8994 : 09;
8995 : 09;
8996 : D8;
8997 : 2B;
8998 : E8;
8999 : E8;
9000 : F6;
9001 : ED;
9002 : 06;
9003 : E6;
9004 : AB;
9005 : E7;
9006 : FA;
9007 : 00;
9008 : 04;
9009 : F6;
9010 : FA;
9011 : 01;
9012 : DC;
9013 : 18;
9014 : 15;
9015 : DF;
9016 : FB;
9017 : 02;
9018 : FD;
9019 : 1E;
9020 : 27;
9021 : 1E;
9022 : F8;
9023 : FB;
9024 : F7;
9025 : FF;
9026 : DE;
9027 : 33;
9028 : F6;
9029 : EE;
9030 : F6;
9031 : E9;
9032 : 01;
9033 : F6;
9034 : 8E;
9035 : DB;
9036 : 08;
9037 : FA;
9038 : 10;
9039 : F4;
9040 : 0E;
9041 : FF;
9042 : 00;
9043 : 0C;
9044 : 15;
9045 : E6;
9046 : 00;
9047 : 0E;
9048 : 03;
9049 : 12;
9050 : 30;
9051 : 19;
9052 : 05;
9053 : EF;
9054 : F3;
9055 : F2;
9056 : F0;
9057 : 1B;
9058 : EF;
9059 : EB;
9060 : FD;
9061 : E0;
9062 : FA;
9063 : FD;
9064 : 83;
9065 : D9;
9066 : 12;
9067 : 07;
9068 : 1C;
9069 : DF;
9070 : F5;
9071 : F0;
9072 : 36;
9073 : E9;
9074 : 1C;
9075 : EB;
9076 : 0E;
9077 : 0A;
9078 : 0A;
9079 : 24;
9080 : 33;
9081 : 20;
9082 : 18;
9083 : F9;
9084 : F0;
9085 : D9;
9086 : F4;
9087 : 27;
9088 : EA;
9089 : FC;
9090 : 2B;
9091 : B8;
9092 : DE;
9093 : FB;
9094 : 8C;
9095 : 15;
9096 : 00;
9097 : 33;
9098 : 11;
9099 : D5;
9100 : B7;
9101 : F7;
9102 : 7F;
9103 : 9A;
9104 : E2;
9105 : EB;
9106 : 2F;
9107 : D5;
9108 : 05;
9109 : 40;
9110 : 45;
9111 : 12;
9112 : 24;
9113 : 05;
9114 : F0;
9115 : E5;
9116 : 20;
9117 : 1A;
9118 : E4;
9119 : 0C;
9120 : 5C;
9121 : 83;
9122 : FB;
9123 : D5;
9124 : 9B;
9125 : 43;
9126 : 0D;
9127 : 46;
9128 : F8;
9129 : D8;
9130 : 89;
9131 : 19;
9132 : 7F;
9133 : 80;
9134 : B7;
9135 : 13;
9136 : 59;
9137 : C2;
9138 : CE;
9139 : 78;
9140 : 4E;
9141 : D5;
9142 : 59;
9143 : 1F;
9144 : 19;
9145 : 20;
9146 : 43;
9147 : E4;
9148 : 94;
9149 : 01;
9150 : 40;
9151 : 8C;
9152 : 14;
9153 : E4;
9154 : DF;
9155 : 19;
9156 : FC;
9157 : 00;
9158 : BB;
9159 : 23;
9160 : A7;
9161 : 1A;
9162 : 59;
9163 : B1;
9164 : C1;
9165 : 36;
9166 : 6F;
9167 : CB;
9168 : C7;
9169 : 6F;
9170 : 5A;
9171 : C8;
9172 : 7F;
9173 : 60;
9174 : 57;
9175 : 7F;
9176 : 53;
9177 : 93;
9178 : 80;
9179 : E6;
9180 : 40;
9181 : B3;
9182 : 28;
9183 : ED;
9184 : F5;
9185 : 2A;
9186 : F1;
9187 : 0E;
9188 : EF;
9189 : 1B;
9190 : AE;
9191 : F3;
9192 : 2D;
9193 : DB;
9194 : F4;
9195 : 19;
9196 : 35;
9197 : C8;
9198 : F3;
9199 : 3F;
9200 : 37;
9201 : 00;
9202 : 59;
9203 : 62;
9204 : 3D;
9205 : 58;
9206 : 50;
9207 : BB;
9208 : AC;
9209 : E6;
9210 : 13;
9211 : 01;
9212 : 1B;
9213 : F4;
9214 : 03;
9215 : 03;
9216 : 22;
9217 : 04;
9218 : 12;
9219 : 15;
9220 : F7;
9221 : E4;
9222 : F9;
9223 : F8;
9224 : 07;
9225 : 06;
9226 : 13;
9227 : 03;
9228 : 12;
9229 : FE;
9230 : 1E;
9231 : 11;
9232 : 09;
9233 : 17;
9234 : 1A;
9235 : 05;
9236 : 0A;
9237 : FB;
9238 : DE;
9239 : E6;
9240 : FB;
9241 : FF;
9242 : 0F;
9243 : 18;
9244 : 08;
9245 : EB;
9246 : 0E;
9247 : F5;
9248 : 1A;
9249 : 13;
9250 : 10;
9251 : FB;
9252 : 1A;
9253 : FB;
9254 : 05;
9255 : 01;
9256 : FD;
9257 : 12;
9258 : F8;
9259 : 09;
9260 : FB;
9261 : 05;
9262 : F3;
9263 : 0E;
9264 : F1;
9265 : E0;
9266 : 02;
9267 : FE;
9268 : F4;
9269 : 04;
9270 : E0;
9271 : EF;
9272 : 28;
9273 : 04;
9274 : 28;
9275 : 04;
9276 : 21;
9277 : E8;
9278 : 1D;
9279 : 26;
9280 : 2B;
9281 : FB;
9282 : 31;
9283 : E9;
9284 : 1F;
9285 : DF;
9286 : F9;
9287 : 1D;
9288 : D8;
9289 : 23;
9290 : 11;
9291 : 1A;
9292 : DD;
9293 : F6;
9294 : DB;
9295 : C4;
9296 : ED;
9297 : 05;
9298 : D7;
9299 : 06;
9300 : D3;
9301 : DC;
9302 : 35;
9303 : 24;
9304 : 48;
9305 : CF;
9306 : 0C;
9307 : CE;
9308 : 27;
9309 : FE;
9310 : 29;
9311 : E8;
9312 : 42;
9313 : FE;
9314 : 46;
9315 : C4;
9316 : 15;
9317 : 42;
9318 : C9;
9319 : 24;
9320 : 27;
9321 : 2A;
9322 : BE;
9323 : 30;
9324 : D7;
9325 : BE;
9326 : D0;
9327 : EA;
9328 : BA;
9329 : E6;
9330 : D1;
9331 : F8;
9332 : 09;
9333 : D9;
9334 : 27;
9335 : C8;
9336 : F6;
9337 : FA;
9338 : EF;
9339 : FD;
9340 : 18;
9341 : E9;
9342 : F9;
9343 : 27;
9344 : 3D;
9345 : CF;
9346 : F9;
9347 : 2C;
9348 : F3;
9349 : 2A;
9350 : 0A;
9351 : 31;
9352 : CD;
9353 : 17;
9354 : DD;
9355 : 0A;
9356 : D6;
9357 : F1;
9358 : EF;
9359 : 07;
9360 : D8;
9361 : 0C;
9362 : D1;
9363 : F3;
9364 : 12;
9365 : DA;
9366 : EC;
9367 : 00;
9368 : DE;
9369 : CE;
9370 : FF;
9371 : D5;
9372 : 10;
9373 : 15;
9374 : 30;
9375 : E4;
9376 : 16;
9377 : 05;
9378 : F3;
9379 : 04;
9380 : FC;
9381 : 33;
9382 : F5;
9383 : 15;
9384 : 23;
9385 : 05;
9386 : F3;
9387 : E1;
9388 : E1;
9389 : EC;
9390 : D0;
9391 : 1D;
9392 : CE;
9393 : F7;
9394 : E6;
9395 : 04;
9396 : F6;
9397 : FE;
9398 : E5;
9399 : B5;
9400 : FC;
9401 : D7;
9402 : 12;
9403 : F1;
9404 : F9;
9405 : F3;
9406 : E3;
9407 : F6;
9408 : 01;
9409 : F7;
9410 : 06;
9411 : 16;
9412 : 14;
9413 : 1A;
9414 : 22;
9415 : FB;
9416 : EB;
9417 : E1;
9418 : 00;
9419 : E4;
9420 : E2;
9421 : 21;
9422 : CF;
9423 : EF;
9424 : F0;
9425 : 14;
9426 : 16;
9427 : 02;
9428 : EF;
9429 : AF;
9430 : 0A;
9431 : EF;
9432 : 19;
9433 : CE;
9434 : E5;
9435 : 05;
9436 : EA;
9437 : F7;
9438 : F2;
9439 : 0D;
9440 : 23;
9441 : 06;
9442 : 14;
9443 : 1F;
9444 : 05;
9445 : F5;
9446 : F8;
9447 : FD;
9448 : 06;
9449 : DA;
9450 : 01;
9451 : 33;
9452 : C3;
9453 : F3;
9454 : FB;
9455 : 16;
9456 : 26;
9457 : F9;
9458 : FC;
9459 : A3;
9460 : 17;
9461 : E7;
9462 : 32;
9463 : D0;
9464 : 04;
9465 : 06;
9466 : 11;
9467 : F3;
9468 : E9;
9469 : 13;
9470 : 0B;
9471 : 09;
9472 : 0C;
9473 : 24;
9474 : 0C;
9475 : F6;
9476 : FE;
9477 : FB;
9478 : 03;
9479 : C9;
9480 : 0C;
9481 : 35;
9482 : CE;
9483 : E9;
9484 : 00;
9485 : 26;
9486 : 36;
9487 : F7;
9488 : FE;
9489 : 97;
9490 : 12;
9491 : F1;
9492 : 23;
9493 : E2;
9494 : F1;
9495 : FA;
9496 : 26;
9497 : 04;
9498 : ED;
9499 : 0B;
9500 : 19;
9501 : 0A;
9502 : 0E;
9503 : 18;
9504 : 06;
9505 : F7;
9506 : 02;
9507 : FF;
9508 : 08;
9509 : C5;
9510 : F4;
9511 : 1B;
9512 : D4;
9513 : ED;
9514 : 02;
9515 : 0D;
9516 : 25;
9517 : F3;
9518 : F8;
9519 : 88;
9520 : 0E;
9521 : 05;
9522 : 1E;
9523 : DE;
9524 : F9;
9525 : 0F;
9526 : 2C;
9527 : 12;
9528 : E7;
9529 : F7;
9530 : 06;
9531 : 0B;
9532 : F5;
9533 : 1B;
9534 : 12;
9535 : F9;
9536 : E7;
9537 : E0;
9538 : 14;
9539 : CB;
9540 : E8;
9541 : 17;
9542 : CF;
9543 : BD;
9544 : FE;
9545 : 0F;
9546 : 34;
9547 : F9;
9548 : E8;
9549 : 96;
9550 : 28;
9551 : FF;
9552 : 18;
9553 : EE;
9554 : EA;
9555 : 18;
9556 : 13;
9557 : 0B;
9558 : CD;
9559 : FE;
9560 : 08;
9561 : 0C;
9562 : F6;
9563 : 12;
9564 : 00;
9565 : FD;
9566 : EE;
9567 : D9;
9568 : 2C;
9569 : D3;
9570 : EB;
9571 : 06;
9572 : E1;
9573 : B2;
9574 : 0C;
9575 : F3;
9576 : 10;
9577 : E4;
9578 : F5;
9579 : B1;
9580 : 17;
9581 : EE;
9582 : 0B;
9583 : F6;
9584 : C8;
9585 : 23;
9586 : 19;
9587 : 1F;
9588 : BE;
9589 : 08;
9590 : 13;
9591 : 0A;
9592 : 04;
9593 : 0D;
9594 : 02;
9595 : 08;
9596 : F8;
9597 : DB;
9598 : 20;
9599 : E0;
9600 : 01;
9601 : F1;
9602 : D5;
9603 : 96;
9604 : 06;
9605 : F1;
9606 : 03;
9607 : E4;
9608 : D6;
9609 : AA;
9610 : FD;
9611 : F6;
9612 : 06;
9613 : E2;
9614 : CA;
9615 : 49;
9616 : 16;
9617 : 37;
9618 : C3;
9619 : 0F;
9620 : 0E;
9621 : 14;
9622 : FD;
9623 : 16;
9624 : 18;
9625 : FF;
9626 : 04;
9627 : E1;
9628 : E1;
9629 : F5;
9630 : 49;
9631 : E8;
9632 : BB;
9633 : 9E;
9634 : F6;
9635 : FA;
9636 : EF;
9637 : 16;
9638 : B4;
9639 : C8;
9640 : DC;
9641 : CF;
9642 : EB;
9643 : C5;
9644 : E6;
9645 : 04;
9646 : 33;
9647 : 22;
9648 : D2;
9649 : 20;
9650 : 25;
9651 : 35;
9652 : EF;
9653 : 47;
9654 : FC;
9655 : F7;
9656 : 1D;
9657 : F1;
9658 : AF;
9659 : F4;
9660 : 3F;
9661 : FD;
9662 : A7;
9663 : D5;
9664 : DE;
9665 : FC;
9666 : 02;
9667 : 09;
9668 : CA;
9669 : F2;
9670 : F4;
9671 : B3;
9672 : CD;
9673 : E4;
9674 : F8;
9675 : C5;
9676 : 2D;
9677 : 2C;
9678 : 09;
9679 : 1D;
9680 : 06;
9681 : 3B;
9682 : DE;
9683 : 63;
9684 : F5;
9685 : 16;
9686 : F4;
9687 : D6;
9688 : BA;
9689 : 06;
9690 : 0B;
9691 : 0E;
9692 : CA;
9693 : F5;
9694 : EC;
9695 : E4;
9696 : 0F;
9697 : E2;
9698 : CF;
9699 : 05;
9700 : 23;
9701 : C2;
9702 : DE;
9703 : 20;
9704 : 1A;
9705 : D3;
9706 : 1B;
9707 : 23;
9708 : 3F;
9709 : 25;
9710 : F6;
9711 : 22;
9712 : D6;
9713 : 35;
9714 : E5;
9715 : 2D;
9716 : D9;
9717 : AC;
9718 : CC;
9719 : 05;
9720 : F3;
9721 : 0E;
9722 : EE;
9723 : EE;
9724 : 0D;
9725 : E9;
9726 : 09;
9727 : D9;
9728 : E3;
9729 : 02;
9730 : 28;
9731 : D9;
9732 : E9;
9733 : 28;
9734 : 0B;
9735 : E2;
9736 : F9;
9737 : 27;
9738 : 38;
9739 : 26;
9740 : F2;
9741 : 14;
9742 : EE;
9743 : F5;
9744 : F0;
9745 : 1F;
9746 : E3;
9747 : C7;
9748 : DA;
9749 : 07;
9750 : F4;
9751 : 10;
9752 : 0A;
9753 : F4;
9754 : 13;
9755 : E5;
9756 : 0E;
9757 : DC;
9758 : FA;
9759 : EC;
9760 : 2D;
9761 : E4;
9762 : DA;
9763 : 1E;
9764 : FE;
9765 : E2;
9766 : F3;
9767 : 0B;
9768 : 10;
9769 : 1C;
9770 : 0A;
9771 : 14;
9772 : F2;
9773 : FC;
9774 : DF;
9775 : 14;
9776 : E2;
9777 : FA;
9778 : 01;
9779 : F8;
9780 : 01;
9781 : 0D;
9782 : 09;
9783 : FD;
9784 : F2;
9785 : F6;
9786 : 0F;
9787 : F0;
9788 : ED;
9789 : E6;
9790 : 19;
9791 : DE;
9792 : D5;
9793 : 27;
9794 : 03;
9795 : D9;
9796 : EC;
9797 : 05;
9798 : FE;
9799 : 0C;
9800 : 10;
9801 : 27;
9802 : EE;
9803 : 03;
9804 : E7;
9805 : 17;
9806 : E0;
9807 : 1A;
9808 : F8;
9809 : E2;
9810 : F7;
9811 : 04;
9812 : 02;
9813 : EA;
9814 : DB;
9815 : F3;
9816 : 00;
9817 : 03;
9818 : FF;
9819 : F9;
9820 : 0A;
9821 : FA;
9822 : C6;
9823 : 2B;
9824 : 0F;
9825 : D0;
9826 : E8;
9827 : 04;
9828 : 07;
9829 : E8;
9830 : 1D;
9831 : 20;
9832 : FC;
9833 : F7;
9834 : FF;
9835 : 04;
9836 : D9;
9837 : 2A;
9838 : 10;
9839 : F9;
9840 : 0A;
9841 : 1F;
9842 : F2;
9843 : FB;
9844 : DC;
9845 : E2;
9846 : 0B;
9847 : 01;
9848 : 08;
9849 : E7;
9850 : 13;
9851 : EC;
9852 : BF;
9853 : 1D;
9854 : F9;
9855 : C6;
9856 : EB;
9857 : 01;
9858 : 0E;
9859 : EF;
9860 : 2D;
9861 : 30;
9862 : F0;
9863 : 15;
9864 : F0;
9865 : E4;
9866 : C3;
9867 : 3C;
9868 : 14;
9869 : FE;
9870 : FB;
9871 : 1D;
9872 : EE;
9873 : 09;
9874 : C9;
9875 : E0;
9876 : 10;
9877 : 08;
9878 : 1A;
9879 : E1;
9880 : 24;
9881 : F6;
9882 : F1;
9883 : 01;
9884 : F6;
9885 : C3;
9886 : F3;
9887 : 17;
9888 : 05;
9889 : F5;
9890 : 2B;
9891 : 21;
9892 : E9;
9893 : FD;
9894 : E9;
9895 : BC;
9896 : DD;
9897 : 42;
9898 : 07;
9899 : 03;
9900 : F7;
9901 : 06;
9902 : D9;
9903 : 07;
9904 : B9;
9905 : D6;
9906 : 21;
9907 : FD;
9908 : 2A;
9909 : D4;
9910 : 11;
9911 : DD;
9912 : 40;
9913 : E1;
9914 : EC;
9915 : D6;
9916 : F5;
9917 : 0D;
9918 : 11;
9919 : F2;
9920 : 36;
9921 : 35;
9922 : F4;
9923 : 0F;
9924 : EE;
9925 : C4;
9926 : DB;
9927 : 51;
9928 : 1A;
9929 : 06;
9930 : 17;
9931 : D9;
9932 : D1;
9933 : 0D;
9934 : B7;
9935 : 14;
9936 : 09;
9937 : 35;
9938 : 23;
9939 : D1;
9940 : D5;
9941 : EE;
9942 : 7F;
9943 : A4;
9944 : D3;
9945 : DE;
9946 : 24;
9947 : DD;
9948 : F3;
9949 : 0B;
9950 : 1F;
9951 : 1E;
9952 : 05;
9953 : 18;
9954 : FF;
9955 : C0;
9956 : F5;
9957 : 34;
9958 : F7;
9959 : 17;
9960 : 4E;
9961 : A1;
9962 : D0;
9963 : F7;
9964 : BA;
9965 : 5A;
9966 : FB;
9967 : 45;
9968 : 15;
9969 : EF;
9970 : 83;
9971 : E9;
9972 : 7F;
9973 : 80;
9974 : E1;
9975 : 1D;
9976 : 3C;
9977 : B8;
9978 : F0;
9979 : 37;
9980 : 1B;
9981 : 03;
9982 : 17;
9983 : 24;
9984 : 2C;
9985 : E1;
9986 : 16;
9987 : 1D;
9988 : D1;
9989 : F0;
9990 : 31;
9991 : 8F;
9992 : 06;
9993 : F7;
9994 : CC;
9995 : 1D;
9996 : E8;
9997 : 14;
9998 : E9;
9999 : 1A;
10000 : 80;
10001 : E1;
10002 : 39;
10003 : AF;
10004 : DB;
10005 : 33;
10006 : 4E;
10007 : A4;
10008 : E8;
10009 : 4D;
10010 : 37;
10011 : DC;
10012 : 78;
10013 : 68;
10014 : 44;
10015 : 4A;
10016 : 28;
10017 : C3;
10018 : 9F;
10019 : E8;
10020 : 2C;
10021 : C4;
10022 : 23;
10023 : D3;
10024 : D7;
10025 : 18;
10026 : FD;
10027 : 26;
10028 : FB;
10029 : 19;
10030 : A3;
10031 : E7;
10032 : 19;
10033 : E2;
10034 : FA;
10035 : 29;
10036 : 45;
10037 : C1;
10038 : 11;
10039 : 32;
10040 : 43;
10041 : 1D;
10042 : 4B;
10043 : 4B;
10044 : 31;
10045 : 47;
10046 : 1C;
10047 : EC;
10048 : D7;
10049 : C2;
10050 : FB;
10051 : 07;
10052 : 03;
10053 : FC;
10054 : 01;
10055 : F7;
10056 : 18;
10057 : 03;
10058 : 06;
10059 : 11;
10060 : F9;
10061 : EA;
10062 : FD;
10063 : 07;
10064 : FD;
10065 : FC;
10066 : 15;
10067 : 0A;
10068 : 08;
10069 : F7;
10070 : 03;
10071 : 11;
10072 : FB;
10073 : 1C;
10074 : 12;
10075 : 0F;
10076 : 11;
10077 : FF;
10078 : DF;
10079 : E9;
10080 : EB;
10081 : 07;
10082 : 04;
10083 : 08;
10084 : 13;
10085 : EF;
10086 : 0E;
10087 : EA;
10088 : 07;
10089 : 0D;
10090 : 17;
10091 : FA;
10092 : 0A;
10093 : 0A;
10094 : 16;
10095 : 01;
10096 : FD;
10097 : 17;
10098 : FC;
10099 : 11;
10100 : FA;
10101 : 0A;
10102 : EF;
10103 : 0A;
10104 : F8;
10105 : F3;
10106 : F4;
10107 : FB;
10108 : FB;
10109 : 00;
10110 : E5;
10111 : DE;
10112 : 23;
10113 : 1D;
10114 : 21;
10115 : F3;
10116 : 1E;
10117 : DE;
10118 : 29;
10119 : 05;
10120 : 18;
10121 : F6;
10122 : 38;
10123 : E9;
10124 : 2E;
10125 : F2;
10126 : 00;
10127 : 1B;
10128 : E4;
10129 : 0A;
10130 : 12;
10131 : 10;
10132 : E1;
10133 : FF;
10134 : F1;
10135 : C4;
10136 : F2;
10137 : F0;
10138 : D3;
10139 : F1;
10140 : BB;
10141 : E4;
10142 : 18;
10143 : 1E;
10144 : 33;
10145 : E2;
10146 : 1C;
10147 : C8;
10148 : 25;
10149 : F9;
10150 : 26;
10151 : EF;
10152 : 53;
10153 : E7;
10154 : 3F;
10155 : D0;
10156 : 0A;
10157 : 34;
10158 : C9;
10159 : 1E;
10160 : 1C;
10161 : 32;
10162 : C5;
10163 : 1D;
10164 : DE;
10165 : A9;
10166 : D4;
10167 : F7;
10168 : BB;
10169 : E4;
10170 : D8;
10171 : 1A;
10172 : F2;
10173 : D1;
10174 : 1A;
10175 : F4;
10176 : 09;
10177 : 0A;
10178 : DF;
10179 : CA;
10180 : 07;
10181 : E5;
10182 : 26;
10183 : F1;
10184 : 1A;
10185 : D5;
10186 : 0C;
10187 : 0C;
10188 : E7;
10189 : 2D;
10190 : 1A;
10191 : 35;
10192 : E6;
10193 : 19;
10194 : ED;
10195 : 11;
10196 : EF;
10197 : E9;
10198 : F0;
10199 : E9;
10200 : E0;
10201 : 29;
10202 : CF;
10203 : F5;
10204 : 05;
10205 : E2;
10206 : 00;
10207 : FE;
10208 : DE;
10209 : A7;
10210 : 0D;
10211 : D0;
10212 : 1E;
10213 : FE;
10214 : 18;
10215 : DE;
10216 : 0D;
10217 : F2;
10218 : 01;
10219 : EF;
10220 : 0D;
10221 : 2F;
10222 : 17;
10223 : 34;
10224 : 13;
10225 : E3;
10226 : F6;
10227 : D6;
10228 : D8;
10229 : E3;
10230 : E7;
10231 : 28;
10232 : C1;
10233 : C9;
10234 : F8;
10235 : 03;
10236 : 1B;
10237 : 02;
10238 : D0;
10239 : 8E;
10240 : 1C;
10241 : ED;
10242 : 19;
10243 : F4;
10244 : EE;
10245 : F5;
10246 : F0;
10247 : F4;
10248 : F3;
10249 : FD;
10250 : 17;
10251 : 0E;
10252 : 17;
10253 : 26;
10254 : 13;
10255 : DA;
10256 : FD;
10257 : DF;
10258 : 02;
10259 : D3;
10260 : FD;
10261 : 25;
10262 : C3;
10263 : C6;
10264 : 0F;
10265 : 16;
10266 : 35;
10267 : 06;
10268 : C8;
10269 : 80;
10270 : 19;
10271 : 09;
10272 : 1D;
10273 : C7;
10274 : D3;
10275 : FC;
10276 : 10;
10277 : 02;
10278 : EF;
10279 : FE;
10280 : 19;
10281 : F3;
10282 : F7;
10283 : 12;
10284 : 1A;
10285 : E9;
10286 : 0D;
10287 : E1;
10288 : 02;
10289 : DA;
10290 : 0F;
10291 : 23;
10292 : C4;
10293 : B9;
10294 : 15;
10295 : 0C;
10296 : 37;
10297 : F3;
10298 : E6;
10299 : 80;
10300 : 24;
10301 : F1;
10302 : 06;
10303 : DD;
10304 : F1;
10305 : 01;
10306 : 21;
10307 : 19;
10308 : DA;
10309 : 09;
10310 : 0A;
10311 : FC;
10312 : ED;
10313 : 05;
10314 : 13;
10315 : FA;
10316 : 0C;
10317 : DE;
10318 : E0;
10319 : C2;
10320 : F6;
10321 : 22;
10322 : DF;
10323 : AE;
10324 : 0B;
10325 : 05;
10326 : 28;
10327 : E7;
10328 : E0;
10329 : 8A;
10330 : 22;
10331 : 09;
10332 : 09;
10333 : F6;
10334 : F3;
10335 : 14;
10336 : 1E;
10337 : 12;
10338 : DF;
10339 : 00;
10340 : FF;
10341 : F8;
10342 : EF;
10343 : 10;
10344 : 08;
10345 : 07;
10346 : 0A;
10347 : E7;
10348 : F8;
10349 : DE;
10350 : F4;
10351 : 19;
10352 : E7;
10353 : 90;
10354 : F7;
10355 : F8;
10356 : 2E;
10357 : 02;
10358 : DF;
10359 : 9F;
10360 : 15;
10361 : F6;
10362 : F3;
10363 : F8;
10364 : D5;
10365 : 18;
10366 : 23;
10367 : 0C;
10368 : E3;
10369 : EE;
10370 : 0D;
10371 : F8;
10372 : CD;
10373 : 02;
10374 : 0F;
10375 : F4;
10376 : F7;
10377 : F7;
10378 : 19;
10379 : DB;
10380 : F2;
10381 : FF;
10382 : F3;
10383 : 80;
10384 : 16;
10385 : ED;
10386 : 24;
10387 : EE;
10388 : D5;
10389 : BA;
10390 : 26;
10391 : FC;
10392 : FB;
10393 : 11;
10394 : C7;
10395 : 1B;
10396 : 1A;
10397 : 1A;
10398 : CC;
10399 : 07;
10400 : 14;
10401 : E0;
10402 : E1;
10403 : F3;
10404 : 1E;
10405 : 16;
10406 : 1C;
10407 : D9;
10408 : 2B;
10409 : E7;
10410 : E2;
10411 : F7;
10412 : F3;
10413 : 88;
10414 : 0D;
10415 : E8;
10416 : 17;
10417 : F1;
10418 : BF;
10419 : C9;
10420 : 1D;
10421 : 04;
10422 : FE;
10423 : F8;
10424 : CD;
10425 : 3B;
10426 : 1E;
10427 : 1D;
10428 : C6;
10429 : 15;
10430 : 19;
10431 : D9;
10432 : E6;
10433 : E2;
10434 : 2C;
10435 : 0C;
10436 : 20;
10437 : DE;
10438 : 3C;
10439 : 00;
10440 : 0F;
10441 : EA;
10442 : DE;
10443 : 9A;
10444 : F9;
10445 : EF;
10446 : F3;
10447 : FC;
10448 : AB;
10449 : E3;
10450 : D9;
10451 : 06;
10452 : FB;
10453 : EB;
10454 : ED;
10455 : 50;
10456 : 13;
10457 : 25;
10458 : D8;
10459 : 20;
10460 : 14;
10461 : CB;
10462 : ED;
10463 : EE;
10464 : 4B;
10465 : 0A;
10466 : 1D;
10467 : EC;
10468 : 21;
10469 : 1E;
10470 : 51;
10471 : EB;
10472 : B4;
10473 : B1;
10474 : DE;
10475 : F8;
10476 : E3;
10477 : 0C;
10478 : AD;
10479 : E6;
10480 : CF;
10481 : DE;
10482 : E8;
10483 : E2;
10484 : 03;
10485 : 24;
10486 : 29;
10487 : 0F;
10488 : 02;
10489 : 1A;
10490 : 13;
10491 : D1;
10492 : E7;
10493 : 22;
10494 : 45;
10495 : 0E;
10496 : 16;
10497 : F3;
10498 : FF;
10499 : 0C;
10500 : 4A;
10501 : F7;
10502 : AB;
10503 : D3;
10504 : DD;
10505 : F1;
10506 : E6;
10507 : 08;
10508 : B2;
10509 : 00;
10510 : 09;
10511 : A4;
10512 : C6;
10513 : F8;
10514 : 0A;
10515 : DD;
10516 : 3E;
10517 : 0A;
10518 : 2C;
10519 : 0D;
10520 : 04;
10521 : 00;
10522 : EB;
10523 : 52;
10524 : 19;
10525 : 2A;
10526 : F2;
10527 : E4;
10528 : FD;
10529 : 0A;
10530 : 0C;
10531 : 0A;
10532 : AA;
10533 : E7;
10534 : 01;
10535 : D6;
10536 : FA;
10537 : D8;
10538 : D0;
10539 : 05;
10540 : 33;
10541 : BB;
10542 : D8;
10543 : 17;
10544 : 10;
10545 : E4;
10546 : 25;
10547 : 16;
10548 : 31;
10549 : 0C;
10550 : F4;
10551 : F3;
10552 : E8;
10553 : 33;
10554 : 12;
10555 : 1B;
10556 : C9;
10557 : D7;
10558 : 06;
10559 : FD;
10560 : F5;
10561 : 22;
10562 : CE;
10563 : EF;
10564 : 1F;
10565 : D7;
10566 : F6;
10567 : DC;
10568 : E9;
10569 : F0;
10570 : 3B;
10571 : BF;
10572 : D5;
10573 : 22;
10574 : 13;
10575 : F0;
10576 : 1B;
10577 : 12;
10578 : 17;
10579 : 04;
10580 : E8;
10581 : F8;
10582 : F6;
10583 : 0D;
10584 : FA;
10585 : 16;
10586 : D4;
10587 : E9;
10588 : 12;
10589 : EF;
10590 : FA;
10591 : 1D;
10592 : F1;
10593 : F3;
10594 : 1E;
10595 : E9;
10596 : EF;
10597 : F2;
10598 : F0;
10599 : E0;
10600 : 2B;
10601 : C2;
10602 : D1;
10603 : 13;
10604 : 05;
10605 : D2;
10606 : 08;
10607 : 16;
10608 : 07;
10609 : 06;
10610 : 10;
10611 : 07;
10612 : FE;
10613 : 0A;
10614 : E3;
10615 : FD;
10616 : CF;
10617 : 13;
10618 : 1C;
10619 : EA;
10620 : 09;
10621 : 10;
10622 : 0B;
10623 : 00;
10624 : 1D;
10625 : F6;
10626 : 02;
10627 : F5;
10628 : 02;
10629 : F0;
10630 : 20;
10631 : D5;
10632 : E6;
10633 : 29;
10634 : 05;
10635 : DE;
10636 : F3;
10637 : 0E;
10638 : 02;
10639 : F2;
10640 : 1B;
10641 : 06;
10642 : 18;
10643 : 13;
10644 : F0;
10645 : 02;
10646 : DA;
10647 : 0A;
10648 : 19;
10649 : F3;
10650 : 08;
10651 : 15;
10652 : EF;
10653 : F5;
10654 : FE;
10655 : FB;
10656 : 10;
10657 : 05;
10658 : 0F;
10659 : F6;
10660 : 13;
10661 : E4;
10662 : ED;
10663 : 1B;
10664 : FF;
10665 : DC;
10666 : F3;
10667 : 04;
10668 : 22;
10669 : E0;
10670 : 31;
10671 : 0D;
10672 : 23;
10673 : 00;
10674 : FD;
10675 : 01;
10676 : D5;
10677 : 28;
10678 : 3B;
10679 : F3;
10680 : 09;
10681 : 28;
10682 : E5;
10683 : 05;
10684 : 09;
10685 : FD;
10686 : 1E;
10687 : 0B;
10688 : 06;
10689 : DC;
10690 : 1D;
10691 : E7;
10692 : F9;
10693 : 03;
10694 : FF;
10695 : D7;
10696 : 03;
10697 : 06;
10698 : 1A;
10699 : C4;
10700 : 24;
10701 : 21;
10702 : 09;
10703 : 07;
10704 : FF;
10705 : F8;
10706 : C0;
10707 : 43;
10708 : 42;
10709 : EF;
10710 : F5;
10711 : 65;
10712 : C4;
10713 : F4;
10714 : EB;
10715 : ED;
10716 : 2A;
10717 : 09;
10718 : 13;
10719 : CA;
10720 : 28;
10721 : F4;
10722 : 2F;
10723 : DE;
10724 : F0;
10725 : EA;
10726 : FA;
10727 : 0B;
10728 : 28;
10729 : BD;
10730 : 22;
10731 : 44;
10732 : E7;
10733 : 00;
10734 : 0A;
10735 : CA;
10736 : BE;
10737 : 52;
10738 : 59;
10739 : F2;
10740 : EF;
10741 : 6D;
10742 : C7;
10743 : FD;
10744 : 07;
10745 : E5;
10746 : 22;
10747 : 13;
10748 : 14;
10749 : C6;
10750 : 40;
10751 : F3;
10752 : 4F;
10753 : CA;
10754 : EF;
10755 : E2;
10756 : DE;
10757 : 0F;
10758 : 00;
10759 : C7;
10760 : 13;
10761 : 44;
10762 : CD;
10763 : 04;
10764 : EF;
10765 : B0;
10766 : C0;
10767 : 75;
10768 : 7B;
10769 : 0C;
10770 : 09;
10771 : 69;
10772 : C1;
10773 : FD;
10774 : FD;
10775 : 06;
10776 : 09;
10777 : 34;
10778 : 08;
10779 : C6;
10780 : 18;
10781 : DD;
10782 : 61;
10783 : CC;
10784 : F1;
10785 : DD;
10786 : 06;
10787 : 1D;
10788 : EE;
10789 : CF;
10790 : F6;
10791 : 42;
10792 : B6;
10793 : 03;
10794 : 01;
10795 : 99;
10796 : DE;
10797 : 7F;
10798 : 66;
10799 : 0A;
10800 : E2;
10801 : 31;
10802 : DD;
10803 : F7;
10804 : CA;
10805 : 20;
10806 : F1;
10807 : 39;
10808 : 23;
10809 : FB;
10810 : AD;
10811 : F4;
10812 : 6B;
10813 : BE;
10814 : 0D;
10815 : 13;
10816 : 04;
10817 : 02;
10818 : ED;
10819 : D4;
10820 : D3;
10821 : 34;
10822 : B8;
10823 : E5;
10824 : 17;
10825 : 80;
10826 : D6;
10827 : 6A;
10828 : 58;
10829 : 06;
10830 : E4;
10831 : E4;
10832 : EE;
10833 : 07;
10834 : BB;
10835 : 0F;
10836 : E6;
10837 : F9;
10838 : 16;
10839 : 31;
10840 : A1;
10841 : E6;
10842 : 11;
10843 : 00;
10844 : 10;
10845 : 33;
10846 : FF;
10847 : D9;
10848 : FD;
10849 : EE;
10850 : F9;
10851 : 30;
10852 : 2F;
10853 : 2F;
10854 : 2B;
10855 : DF;
10856 : F0;
10857 : 1C;
10858 : E9;
10859 : E3;
10860 : FC;
10861 : D6;
10862 : 0B;
10863 : F0;
10864 : D1;
10865 : 01;
10866 : E2;
10867 : F0;
10868 : 18;
10869 : 2D;
10870 : C5;
10871 : E2;
10872 : 3B;
10873 : F9;
10874 : 14;
10875 : 0B;
10876 : 01;
10877 : C5;
10878 : 18;
10879 : 22;
10880 : 27;
10881 : 34;
10882 : 38;
10883 : 40;
10884 : 1A;
10885 : 2B;
10886 : 01;
10887 : F7;
10888 : DB;
10889 : E5;
10890 : E5;
10891 : 08;
10892 : EF;
10893 : 2E;
10894 : F1;
10895 : FC;
10896 : EC;
10897 : E7;
10898 : 0A;
10899 : 20;
10900 : E9;
10901 : DF;
10902 : 01;
10903 : 18;
10904 : 19;
10905 : E3;
10906 : EA;
10907 : 0F;
10908 : 00;
10909 : E3;
10910 : 00;
10911 : 21;
10912 : 0A;
10913 : 10;
10914 : 02;
10915 : 19;
10916 : FB;
10917 : 00;
10918 : F6;
10919 : 03;
10920 : 0A;
10921 : 08;
10922 : FA;
10923 : 0B;
10924 : F7;
10925 : 08;
10926 : 04;
10927 : 0D;
10928 : FB;
10929 : 01;
10930 : 0B;
10931 : 01;
10932 : 06;
10933 : 07;
10934 : F9;
10935 : 02;
10936 : 08;
10937 : 06;
10938 : F5;
10939 : FE;
10940 : FC;
10941 : 09;
10942 : F0;
10943 : 02;
10944 : 0E;
10945 : 08;
10946 : F5;
10947 : F2;
10948 : FA;
10949 : 0F;
10950 : F8;
10951 : E7;
10952 : 14;
10953 : 00;
10954 : 0E;
10955 : FD;
10956 : 1B;
10957 : E6;
10958 : 23;
10959 : 0C;
10960 : FD;
10961 : 03;
10962 : 1B;
10963 : E9;
10964 : 18;
10965 : F7;
10966 : FC;
10967 : 16;
10968 : ED;
10969 : 02;
10970 : 07;
10971 : 0E;
10972 : E7;
10973 : FB;
10974 : F9;
10975 : D4;
10976 : FD;
10977 : FC;
10978 : E1;
10979 : F1;
10980 : C9;
10981 : D4;
10982 : 29;
10983 : 29;
10984 : 30;
10985 : D0;
10986 : 22;
10987 : CC;
10988 : 24;
10989 : F8;
10990 : 2A;
10991 : F2;
10992 : 48;
10993 : CF;
10994 : 3C;
10995 : D6;
10996 : 10;
10997 : 25;
10998 : DC;
10999 : 22;
11000 : 1F;
11001 : 1C;
11002 : CB;
11003 : 12;
11004 : DD;
11005 : AF;
11006 : E1;
11007 : E3;
11008 : C8;
11009 : E1;
11010 : D8;
11011 : 17;
11012 : DC;
11013 : CC;
11014 : 1E;
11015 : FF;
11016 : FE;
11017 : 0F;
11018 : DD;
11019 : C8;
11020 : 03;
11021 : DA;
11022 : 34;
11023 : 07;
11024 : F1;
11025 : D6;
11026 : 02;
11027 : 07;
11028 : F7;
11029 : 20;
11030 : 13;
11031 : 32;
11032 : EE;
11033 : 1D;
11034 : F3;
11035 : 1B;
11036 : F9;
11037 : EA;
11038 : FE;
11039 : EC;
11040 : F9;
11041 : 3B;
11042 : C5;
11043 : AE;
11044 : 10;
11045 : CF;
11046 : 13;
11047 : ED;
11048 : B2;
11049 : A9;
11050 : 26;
11051 : EC;
11052 : 1E;
11053 : 01;
11054 : ED;
11055 : D8;
11056 : FF;
11057 : F1;
11058 : F1;
11059 : FF;
11060 : 2A;
11061 : 1D;
11062 : 13;
11063 : 36;
11064 : F5;
11065 : CD;
11066 : 03;
11067 : C5;
11068 : E7;
11069 : C2;
11070 : DA;
11071 : 21;
11072 : BB;
11073 : A9;
11074 : 1B;
11075 : E4;
11076 : 25;
11077 : FB;
11078 : BA;
11079 : 80;
11080 : 2C;
11081 : FF;
11082 : 15;
11083 : ED;
11084 : CD;
11085 : 04;
11086 : FA;
11087 : 00;
11088 : E2;
11089 : FD;
11090 : 01;
11091 : E9;
11092 : F0;
11093 : FD;
11094 : 15;
11095 : CC;
11096 : 0A;
11097 : D5;
11098 : ED;
11099 : D4;
11100 : EA;
11101 : 1B;
11102 : D9;
11103 : 97;
11104 : 16;
11105 : F0;
11106 : 3C;
11107 : F5;
11108 : C7;
11109 : 87;
11110 : 2D;
11111 : 16;
11112 : 07;
11113 : EB;
11114 : C9;
11115 : FB;
11116 : FD;
11117 : 0C;
11118 : D3;
11119 : FA;
11120 : 09;
11121 : D2;
11122 : D8;
11123 : F9;
11124 : 12;
11125 : D4;
11126 : 1C;
11127 : DD;
11128 : EF;
11129 : DF;
11130 : 02;
11131 : 05;
11132 : E0;
11133 : 8C;
11134 : 0C;
11135 : E5;
11136 : 47;
11137 : ED;
11138 : CA;
11139 : AC;
11140 : 27;
11141 : 18;
11142 : 04;
11143 : E2;
11144 : BE;
11145 : 0D;
11146 : 0C;
11147 : 1D;
11148 : E7;
11149 : F0;
11150 : 01;
11151 : D7;
11152 : D4;
11153 : F9;
11154 : 1D;
11155 : EA;
11156 : 1D;
11157 : EE;
11158 : F0;
11159 : EB;
11160 : 06;
11161 : 00;
11162 : EA;
11163 : 86;
11164 : 04;
11165 : EC;
11166 : 23;
11167 : FA;
11168 : D4;
11169 : C9;
11170 : 1B;
11171 : 0D;
11172 : EF;
11173 : 0C;
11174 : C9;
11175 : 1C;
11176 : 15;
11177 : 18;
11178 : E4;
11179 : F5;
11180 : FF;
11181 : E9;
11182 : D2;
11183 : E9;
11184 : 0E;
11185 : F9;
11186 : 0F;
11187 : F3;
11188 : 03;
11189 : F5;
11190 : FE;
11191 : EC;
11192 : F1;
11193 : 8F;
11194 : 00;
11195 : EA;
11196 : 19;
11197 : FA;
11198 : D3;
11199 : DF;
11200 : 16;
11201 : 0B;
11202 : FC;
11203 : 05;
11204 : C4;
11205 : 24;
11206 : 20;
11207 : 14;
11208 : E3;
11209 : 03;
11210 : 01;
11211 : E3;
11212 : D9;
11213 : D7;
11214 : 19;
11215 : 12;
11216 : 09;
11217 : EF;
11218 : 07;
11219 : FB;
11220 : EA;
11221 : F0;
11222 : F0;
11223 : A4;
11224 : FD;
11225 : EE;
11226 : 2A;
11227 : EC;
11228 : DB;
11229 : E7;
11230 : 1C;
11231 : 11;
11232 : 09;
11233 : 06;
11234 : B3;
11235 : 26;
11236 : 1F;
11237 : 12;
11238 : D9;
11239 : 10;
11240 : 07;
11241 : D0;
11242 : EB;
11243 : CA;
11244 : 0E;
11245 : 0B;
11246 : 1F;
11247 : EE;
11248 : 22;
11249 : 05;
11250 : DD;
11251 : E8;
11252 : E8;
11253 : C0;
11254 : F6;
11255 : F0;
11256 : 0D;
11257 : E4;
11258 : D3;
11259 : EE;
11260 : E0;
11261 : 1A;
11262 : 14;
11263 : F2;
11264 : E1;
11265 : 42;
11266 : 19;
11267 : 0B;
11268 : F9;
11269 : 14;
11270 : FF;
11271 : BF;
11272 : 05;
11273 : B8;
11274 : 24;
11275 : 18;
11276 : 0F;
11277 : EE;
11278 : 3E;
11279 : 15;
11280 : 21;
11281 : D8;
11282 : D0;
11283 : DA;
11284 : EC;
11285 : FC;
11286 : F8;
11287 : FD;
11288 : D3;
11289 : FB;
11290 : AB;
11291 : 03;
11292 : 02;
11293 : E7;
11294 : 0C;
11295 : 47;
11296 : 2D;
11297 : 0A;
11298 : 09;
11299 : 14;
11300 : 01;
11301 : A2;
11302 : 0F;
11303 : C2;
11304 : 3B;
11305 : 0D;
11306 : 21;
11307 : FD;
11308 : 44;
11309 : 1C;
11310 : 3D;
11311 : D7;
11312 : D1;
11313 : F5;
11314 : D6;
11315 : F5;
11316 : E8;
11317 : 11;
11318 : B7;
11319 : 08;
11320 : E8;
11321 : DD;
11322 : CB;
11323 : F8;
11324 : 02;
11325 : 17;
11326 : 22;
11327 : 05;
11328 : 37;
11329 : F7;
11330 : EB;
11331 : BE;
11332 : 10;
11333 : 1F;
11334 : 34;
11335 : 30;
11336 : F7;
11337 : FC;
11338 : 21;
11339 : 15;
11340 : 28;
11341 : F9;
11342 : C0;
11343 : FA;
11344 : E7;
11345 : F5;
11346 : F5;
11347 : FF;
11348 : BC;
11349 : 11;
11350 : 1B;
11351 : D4;
11352 : C9;
11353 : 02;
11354 : 02;
11355 : EC;
11356 : 36;
11357 : 17;
11358 : 2D;
11359 : EF;
11360 : F7;
11361 : CE;
11362 : 04;
11363 : 39;
11364 : 1C;
11365 : 2C;
11366 : E1;
11367 : ED;
11368 : 1F;
11369 : FE;
11370 : 13;
11371 : 17;
11372 : BF;
11373 : FC;
11374 : EF;
11375 : E4;
11376 : ED;
11377 : E9;
11378 : D2;
11379 : FA;
11380 : 32;
11381 : C8;
11382 : CE;
11383 : 0E;
11384 : 05;
11385 : FD;
11386 : 30;
11387 : 19;
11388 : 1D;
11389 : DA;
11390 : EC;
11391 : D8;
11392 : FB;
11393 : 20;
11394 : 22;
11395 : 18;
11396 : CC;
11397 : EC;
11398 : 24;
11399 : EC;
11400 : 0D;
11401 : 1E;
11402 : D0;
11403 : F6;
11404 : 11;
11405 : E9;
11406 : F8;
11407 : DC;
11408 : F2;
11409 : E0;
11410 : 20;
11411 : C7;
11412 : C4;
11413 : 17;
11414 : 13;
11415 : 09;
11416 : 17;
11417 : 08;
11418 : 18;
11419 : E3;
11420 : F1;
11421 : D9;
11422 : 0E;
11423 : 1B;
11424 : 0B;
11425 : 02;
11426 : CA;
11427 : F7;
11428 : 27;
11429 : EF;
11430 : FB;
11431 : 1C;
11432 : F5;
11433 : FF;
11434 : 25;
11435 : E3;
11436 : FA;
11437 : E3;
11438 : F6;
11439 : E9;
11440 : 18;
11441 : D8;
11442 : D8;
11443 : 2D;
11444 : 07;
11445 : F3;
11446 : 01;
11447 : 0D;
11448 : 0A;
11449 : F6;
11450 : FD;
11451 : E0;
11452 : 19;
11453 : FC;
11454 : FF;
11455 : 03;
11456 : CC;
11457 : 02;
11458 : 38;
11459 : F1;
11460 : F0;
11461 : 18;
11462 : FE;
11463 : F0;
11464 : 20;
11465 : F0;
11466 : 06;
11467 : F6;
11468 : F9;
11469 : F0;
11470 : 1F;
11471 : D2;
11472 : F2;
11473 : 1C;
11474 : FD;
11475 : 00;
11476 : F0;
11477 : 08;
11478 : 15;
11479 : F4;
11480 : 11;
11481 : EF;
11482 : 16;
11483 : FF;
11484 : FC;
11485 : F3;
11486 : E3;
11487 : 05;
11488 : 2D;
11489 : F4;
11490 : FA;
11491 : 17;
11492 : F5;
11493 : FB;
11494 : 1D;
11495 : 03;
11496 : 1A;
11497 : F5;
11498 : F9;
11499 : FB;
11500 : 20;
11501 : E8;
11502 : 0D;
11503 : 16;
11504 : F3;
11505 : F3;
11506 : FD;
11507 : 08;
11508 : 2A;
11509 : D8;
11510 : 1D;
11511 : F9;
11512 : 1B;
11513 : 08;
11514 : FF;
11515 : EA;
11516 : DD;
11517 : 10;
11518 : 35;
11519 : F3;
11520 : E6;
11521 : 26;
11522 : E3;
11523 : EA;
11524 : 18;
11525 : 04;
11526 : 26;
11527 : F3;
11528 : F5;
11529 : F3;
11530 : 25;
11531 : FD;
11532 : 2B;
11533 : 05;
11534 : F3;
11535 : F2;
11536 : 18;
11537 : FB;
11538 : 24;
11539 : D8;
11540 : 23;
11541 : 11;
11542 : 11;
11543 : 07;
11544 : 0A;
11545 : F5;
11546 : CE;
11547 : 0C;
11548 : 3C;
11549 : F4;
11550 : D7;
11551 : 46;
11552 : CA;
11553 : F8;
11554 : 23;
11555 : DE;
11556 : 21;
11557 : F8;
11558 : 01;
11559 : F6;
11560 : 46;
11561 : 11;
11562 : 3E;
11563 : F1;
11564 : F7;
11565 : F4;
11566 : 07;
11567 : 1F;
11568 : 0F;
11569 : D6;
11570 : 08;
11571 : 1C;
11572 : EB;
11573 : 00;
11574 : 04;
11575 : DC;
11576 : EF;
11577 : 1F;
11578 : 69;
11579 : FE;
11580 : DD;
11581 : 5D;
11582 : C4;
11583 : F8;
11584 : 1A;
11585 : F1;
11586 : 28;
11587 : 19;
11588 : 05;
11589 : E2;
11590 : 53;
11591 : 13;
11592 : 53;
11593 : D2;
11594 : E4;
11595 : EE;
11596 : E3;
11597 : 29;
11598 : E2;
11599 : F0;
11600 : F0;
11601 : 22;
11602 : CB;
11603 : E9;
11604 : 10;
11605 : B3;
11606 : F3;
11607 : 45;
11608 : 7F;
11609 : 0D;
11610 : D9;
11611 : 66;
11612 : C9;
11613 : 13;
11614 : 17;
11615 : 0E;
11616 : EB;
11617 : 25;
11618 : 0A;
11619 : DD;
11620 : 23;
11621 : 1C;
11622 : 48;
11623 : CA;
11624 : E3;
11625 : F4;
11626 : E2;
11627 : 37;
11628 : BA;
11629 : EA;
11630 : DF;
11631 : 35;
11632 : 9B;
11633 : CB;
11634 : 14;
11635 : AD;
11636 : 01;
11637 : 62;
11638 : 69;
11639 : 1F;
11640 : BF;
11641 : 4E;
11642 : D6;
11643 : 25;
11644 : F2;
11645 : 25;
11646 : E1;
11647 : 20;
11648 : FF;
11649 : 22;
11650 : C8;
11651 : 2C;
11652 : 60;
11653 : E3;
11654 : F5;
11655 : F5;
11656 : BE;
11657 : 3A;
11658 : C4;
11659 : EB;
11660 : CC;
11661 : 2C;
11662 : B4;
11663 : E2;
11664 : 03;
11665 : 9B;
11666 : FE;
11667 : 61;
11668 : 39;
11669 : 2C;
11670 : B1;
11671 : 06;
11672 : F2;
11673 : 1D;
11674 : B1;
11675 : 13;
11676 : D2;
11677 : EC;
11678 : 16;
11679 : 47;
11680 : AA;
11681 : 07;
11682 : 1C;
11683 : 10;
11684 : 30;
11685 : 10;
11686 : D0;
11687 : 07;
11688 : 08;
11689 : D4;
11690 : DE;
11691 : 29;
11692 : 16;
11693 : 07;
11694 : 11;
11695 : D6;
11696 : DB;
11697 : 46;
11698 : 0F;
11699 : 07;
11700 : DE;
11701 : CB;
11702 : 0F;
11703 : 11;
11704 : AC;
11705 : 1C;
11706 : C6;
11707 : D3;
11708 : 2C;
11709 : 4D;
11710 : B4;
11711 : FF;
11712 : 2E;
11713 : 09;
11714 : 38;
11715 : 21;
11716 : D1;
11717 : D2;
11718 : 29;
11719 : E4;
11720 : F8;
11721 : 2D;
11722 : 3E;
11723 : 0D;
11724 : 0C;
11725 : 2B;
11726 : 03;
11727 : 26;
11728 : 04;
11729 : 1E;
11730 : F7;
11731 : EF;
11732 : 05;
11733 : 0F;
11734 : E7;
11735 : 10;
11736 : D9;
11737 : F4;
11738 : 1E;
11739 : 27;
11740 : DF;
11741 : 15;
11742 : 15;
11743 : 12;
11744 : 20;
11745 : 0E;
11746 : EA;
11747 : F1;
11748 : 2A;
11749 : E6;
11750 : E5;
11751 : 0C;
11752 : 21;
11753 : FB;
11754 : FC;
11755 : 16;
11756 : FB;
11757 : 20;
11758 : 12;
11759 : 19;
11760 : FC;
11761 : EC;
11762 : E7;
11763 : 04;
11764 : 0D;
11765 : 09;
11766 : 06;
11767 : 00;
11768 : F5;
11769 : 0E;
11770 : F5;
11771 : 05;
11772 : 05;
11773 : FA;
11774 : F9;
11775 : 08;
11776 : 13;
11777 : F6;
11778 : F4;
11779 : 14;
11780 : 01;
11781 : E8;
11782 : 11;
11783 : F3;
11784 : 18;
11785 : 18;
11786 : 0E;
11787 : F2;
11788 : F7;
11789 : F7;
11790 : 0A;
11791 : F0;
11792 : FE;
11793 : E9;
11794 : 18;
11795 : E6;
11796 : 08;
11797 : FD;
11798 : E0;
11799 : 03;
11800 : 11;
11801 : FF;
11802 : 06;
11803 : FD;
11804 : 15;
11805 : F9;
11806 : 10;
11807 : 0E;
11808 : FE;
11809 : 16;
11810 : 0C;
11811 : 08;
11812 : F8;
11813 : 09;
11814 : F0;
11815 : F5;
11816 : 08;
11817 : E9;
11818 : ED;
11819 : FD;
11820 : E4;
11821 : DD;
11822 : 26;
11823 : 0A;
11824 : 33;
11825 : EC;
11826 : 18;
11827 : D3;
11828 : 12;
11829 : FC;
11830 : 2F;
11831 : EF;
11832 : 39;
11833 : DE;
11834 : 3D;
11835 : DE;
11836 : 17;
11837 : 2A;
11838 : D2;
11839 : 1A;
11840 : FD;
11841 : 24;
11842 : DB;
11843 : 20;
11844 : E3;
11845 : CB;
11846 : DE;
11847 : E0;
11848 : D2;
11849 : F4;
11850 : E7;
11851 : 25;
11852 : EC;
11853 : CD;
11854 : 15;
11855 : DE;
11856 : F4;
11857 : E0;
11858 : D2;
11859 : D5;
11860 : 16;
11861 : 06;
11862 : 0E;
11863 : 42;
11864 : FA;
11865 : F4;
11866 : E5;
11867 : FF;
11868 : FE;
11869 : FC;
11870 : E1;
11871 : 2C;
11872 : 02;
11873 : F0;
11874 : F9;
11875 : 16;
11876 : FB;
11877 : DC;
11878 : F3;
11879 : EE;
11880 : DE;
11881 : 1F;
11882 : F2;
11883 : 90;
11884 : 13;
11885 : C2;
11886 : 29;
11887 : D1;
11888 : B0;
11889 : D9;
11890 : 35;
11891 : F7;
11892 : 1F;
11893 : 20;
11894 : EC;
11895 : FA;
11896 : E9;
11897 : 0D;
11898 : 02;
11899 : EE;
11900 : F8;
11901 : F5;
11902 : FD;
11903 : 13;
11904 : 0F;
11905 : CE;
11906 : 09;
11907 : E3;
11908 : F8;
11909 : BC;
11910 : E2;
11911 : 0B;
11912 : E9;
11913 : 9F;
11914 : 13;
11915 : EE;
11916 : 3B;
11917 : EF;
11918 : CB;
11919 : CC;
11920 : 24;
11921 : 17;
11922 : 39;
11923 : 08;
11924 : C2;
11925 : FD;
11926 : F9;
11927 : 1C;
11928 : DD;
11929 : 08;
11930 : F5;
11931 : D4;
11932 : E5;
11933 : DE;
11934 : 03;
11935 : B5;
11936 : 07;
11937 : FE;
11938 : DC;
11939 : FA;
11940 : D5;
11941 : 11;
11942 : ED;
11943 : AA;
11944 : 09;
11945 : FA;
11946 : 1F;
11947 : E9;
11948 : C3;
11949 : DC;
11950 : 2B;
11951 : 17;
11952 : 23;
11953 : 0F;
11954 : C3;
11955 : 10;
11956 : D8;
11957 : 18;
11958 : E3;
11959 : F1;
11960 : E9;
11961 : CF;
11962 : D8;
11963 : DA;
11964 : 07;
11965 : D8;
11966 : 1C;
11967 : 10;
11968 : FE;
11969 : FA;
11970 : EB;
11971 : F8;
11972 : 08;
11973 : BE;
11974 : 09;
11975 : DC;
11976 : 22;
11977 : F3;
11978 : DB;
11979 : EF;
11980 : 1E;
11981 : 36;
11982 : 1B;
11983 : 06;
11984 : BA;
11985 : 0C;
11986 : E5;
11987 : 09;
11988 : E7;
11989 : FE;
11990 : F5;
11991 : C5;
11992 : D7;
11993 : CF;
11994 : 04;
11995 : D9;
11996 : 27;
11997 : FE;
11998 : FC;
11999 : FB;
12000 : F0;
12001 : DB;
12002 : F3;
12003 : B7;
12004 : 0B;
12005 : E6;
12006 : 15;
12007 : EC;
12008 : C7;
12009 : 02;
12010 : 1E;
12011 : 22;
12012 : F8;
12013 : 11;
12014 : B2;
12015 : 0E;
12016 : FB;
12017 : 18;
12018 : E4;
12019 : EF;
12020 : EE;
12021 : D7;
12022 : D0;
12023 : CC;
12024 : 12;
12025 : EE;
12026 : 15;
12027 : E9;
12028 : 07;
12029 : F8;
12030 : F8;
12031 : D4;
12032 : F8;
12033 : D5;
12034 : FB;
12035 : F6;
12036 : 10;
12037 : EC;
12038 : CE;
12039 : 0B;
12040 : 09;
12041 : 24;
12042 : 0B;
12043 : F6;
12044 : BB;
12045 : 0B;
12046 : 10;
12047 : 07;
12048 : F3;
12049 : 06;
12050 : EC;
12051 : DA;
12052 : D5;
12053 : C4;
12054 : 06;
12055 : 03;
12056 : 0C;
12057 : EC;
12058 : 04;
12059 : 0E;
12060 : E8;
12061 : F1;
12062 : F5;
12063 : F5;
12064 : 00;
12065 : F4;
12066 : 17;
12067 : E4;
12068 : F0;
12069 : 0D;
12070 : FF;
12071 : 20;
12072 : 28;
12073 : EE;
12074 : D1;
12075 : 10;
12076 : 33;
12077 : 08;
12078 : F3;
12079 : 06;
12080 : FC;
12081 : CE;
12082 : F9;
12083 : B4;
12084 : 08;
12085 : 11;
12086 : 18;
12087 : 00;
12088 : 25;
12089 : 09;
12090 : FC;
12091 : FF;
12092 : D7;
12093 : 02;
12094 : EF;
12095 : F8;
12096 : 01;
12097 : E9;
12098 : F8;
12099 : F6;
12100 : DA;
12101 : 2B;
12102 : 15;
12103 : E1;
12104 : F7;
12105 : 34;
12106 : 2F;
12107 : 05;
12108 : 1E;
12109 : FD;
12110 : FF;
12111 : C4;
12112 : 0E;
12113 : 9E;
12114 : 19;
12115 : FF;
12116 : FE;
12117 : 08;
12118 : 48;
12119 : 0E;
12120 : 2D;
12121 : E8;
12122 : D4;
12123 : 04;
12124 : E9;
12125 : F2;
12126 : 02;
12127 : 00;
12128 : E9;
12129 : 17;
12130 : BA;
12131 : 0E;
12132 : F1;
12133 : E0;
12134 : 20;
12135 : 28;
12136 : 3D;
12137 : 13;
12138 : 40;
12139 : FF;
12140 : E9;
12141 : BF;
12142 : 1B;
12143 : BC;
12144 : 20;
12145 : 09;
12146 : 0B;
12147 : 02;
12148 : 40;
12149 : 18;
12150 : 2C;
12151 : FB;
12152 : CD;
12153 : 18;
12154 : D1;
12155 : F1;
12156 : F0;
12157 : 05;
12158 : D3;
12159 : 27;
12160 : F7;
12161 : F2;
12162 : CD;
12163 : ED;
12164 : 18;
12165 : 0F;
12166 : 2F;
12167 : 0C;
12168 : 52;
12169 : EB;
12170 : D6;
12171 : E1;
12172 : 2A;
12173 : F2;
12174 : 2C;
12175 : 31;
12176 : E8;
12177 : 0D;
12178 : 2C;
12179 : 0F;
12180 : 1B;
12181 : 03;
12182 : E1;
12183 : 20;
12184 : DC;
12185 : EB;
12186 : F0;
12187 : 02;
12188 : CD;
12189 : 1A;
12190 : 20;
12191 : CD;
12192 : CC;
12193 : FD;
12194 : 0A;
12195 : 00;
12196 : 32;
12197 : 0C;
12198 : 28;
12199 : EB;
12200 : D4;
12201 : F9;
12202 : 1A;
12203 : 2D;
12204 : 22;
12205 : 32;
12206 : DE;
12207 : 00;
12208 : 09;
12209 : FF;
12210 : 10;
12211 : 11;
12212 : D5;
12213 : 0A;
12214 : 03;
12215 : DF;
12216 : F2;
12217 : E5;
12218 : D8;
12219 : 0A;
12220 : 2A;
12221 : CF;
12222 : CC;
12223 : 0E;
12224 : 0D;
12225 : 03;
12226 : 3F;
12227 : 0F;
12228 : 23;
12229 : DD;
12230 : D7;
12231 : DF;
12232 : 01;
12233 : 1F;
12234 : 25;
12235 : 11;
12236 : D9;
12237 : FF;
12238 : 12;
12239 : F2;
12240 : FE;
12241 : 20;
12242 : DD;
12243 : F8;
12244 : 12;
12245 : DD;
12246 : EF;
12247 : DA;
12248 : EA;
12249 : F7;
12250 : 13;
12251 : E4;
12252 : D2;
12253 : 1C;
12254 : 11;
12255 : 0A;
12256 : 20;
12257 : 0B;
12258 : 2B;
12259 : E5;
12260 : E7;
12261 : D0;
12262 : 06;
12263 : 16;
12264 : 16;
12265 : 03;
12266 : DA;
12267 : F0;
12268 : 1D;
12269 : EE;
12270 : EC;
12271 : 20;
12272 : DD;
12273 : E6;
12274 : 1F;
12275 : DC;
12276 : 1C;
12277 : C8;
12278 : FB;
12279 : F8;
12280 : 16;
12281 : EF;
12282 : F6;
12283 : 39;
12284 : 13;
12285 : 0F;
12286 : 02;
12287 : 08;
12288 : 20;
12289 : FF;
12290 : 0B;
12291 : E7;
12292 : 04;
12293 : FF;
12294 : 00;
12295 : EF;
12296 : D1;
12297 : FA;
12298 : 21;
12299 : D5;
12300 : DA;
12301 : 0F;
12302 : 01;
12303 : 04;
12304 : 18;
12305 : E5;
12306 : FF;
12307 : DD;
12308 : 02;
12309 : 07;
12310 : 0D;
12311 : E8;
12312 : 06;
12313 : 28;
12314 : 14;
12315 : 03;
12316 : E6;
12317 : 01;
12318 : 24;
12319 : 08;
12320 : 1B;
12321 : ED;
12322 : 0F;
12323 : F8;
12324 : F5;
12325 : F1;
12326 : CF;
12327 : FE;
12328 : F6;
12329 : F5;
12330 : CF;
12331 : 1D;
12332 : FC;
12333 : 01;
12334 : 1C;
12335 : E6;
12336 : 08;
12337 : D0;
12338 : 03;
12339 : F9;
12340 : 2B;
12341 : FC;
12342 : 19;
12343 : 18;
12344 : 02;
12345 : F3;
12346 : 07;
12347 : 0F;
12348 : 2C;
12349 : 06;
12350 : 0D;
12351 : F0;
12352 : 03;
12353 : 01;
12354 : 01;
12355 : DB;
12356 : D7;
12357 : F5;
12358 : FD;
12359 : FD;
12360 : DB;
12361 : 1D;
12362 : F3;
12363 : EB;
12364 : 20;
12365 : EF;
12366 : FB;
12367 : E9;
12368 : FE;
12369 : FB;
12370 : 3C;
12371 : 15;
12372 : 34;
12373 : FC;
12374 : 02;
12375 : FA;
12376 : FB;
12377 : 10;
12378 : 15;
12379 : 10;
12380 : 0F;
12381 : 07;
12382 : 0D;
12383 : FD;
12384 : F0;
12385 : E0;
12386 : FD;
12387 : FF;
12388 : 32;
12389 : FA;
12390 : E9;
12391 : 17;
12392 : F3;
12393 : FD;
12394 : 20;
12395 : E7;
12396 : 02;
12397 : FC;
12398 : 05;
12399 : FF;
12400 : 3F;
12401 : 1C;
12402 : 23;
12403 : F5;
12404 : 05;
12405 : E5;
12406 : 0B;
12407 : 0F;
12408 : F2;
12409 : 0A;
12410 : 02;
12411 : 13;
12412 : F5;
12413 : EA;
12414 : F3;
12415 : E1;
12416 : 1B;
12417 : 01;
12418 : 4F;
12419 : 09;
12420 : C8;
12421 : 28;
12422 : DE;
12423 : 1A;
12424 : 29;
12425 : E4;
12426 : FF;
12427 : FE;
12428 : F6;
12429 : 05;
12430 : 54;
12431 : 1D;
12432 : 26;
12433 : EA;
12434 : E3;
12435 : F1;
12436 : EE;
12437 : 30;
12438 : BF;
12439 : 1E;
12440 : E9;
12441 : 15;
12442 : E2;
12443 : EB;
12444 : FF;
12445 : D4;
12446 : 2B;
12447 : 00;
12448 : 3E;
12449 : 0C;
12450 : E1;
12451 : 27;
12452 : E3;
12453 : 24;
12454 : 10;
12455 : 0A;
12456 : F7;
12457 : 0F;
12458 : DE;
12459 : 05;
12460 : 18;
12461 : 2D;
12462 : 28;
12463 : E2;
12464 : E5;
12465 : EE;
12466 : BD;
12467 : 4B;
12468 : A5;
12469 : 2A;
12470 : DC;
12471 : 25;
12472 : A5;
12473 : E1;
12474 : FD;
12475 : C7;
12476 : 2D;
12477 : 23;
12478 : 4A;
12479 : 26;
12480 : C4;
12481 : 1C;
12482 : F5;
12483 : 29;
12484 : F5;
12485 : 31;
12486 : FC;
12487 : 1B;
12488 : ED;
12489 : 22;
12490 : D3;
12491 : 3B;
12492 : 39;
12493 : DF;
12494 : E0;
12495 : F4;
12496 : A4;
12497 : 3C;
12498 : BE;
12499 : 29;
12500 : F3;
12501 : 13;
12502 : B8;
12503 : E6;
12504 : F8;
12505 : DA;
12506 : 2E;
12507 : 44;
12508 : 40;
12509 : 26;
12510 : CD;
12511 : 0A;
12512 : F6;
12513 : 2D;
12514 : B4;
12515 : 23;
12516 : E0;
12517 : F7;
12518 : 0C;
12519 : 3A;
12520 : C6;
12521 : 18;
12522 : 2C;
12523 : 09;
12524 : 25;
12525 : 15;
12526 : AA;
12527 : 2F;
12528 : 12;
12529 : E8;
12530 : ED;
12531 : 01;
12532 : 0B;
12533 : DF;
12534 : EF;
12535 : E3;
12536 : E8;
12537 : 3D;
12538 : 20;
12539 : 0C;
12540 : CF;
12541 : C6;
12542 : 2F;
12543 : 36;
12544 : B6;
12545 : 36;
12546 : BE;
12547 : D5;
12548 : 38;
12549 : 46;
12550 : C2;
12551 : FB;
12552 : 1A;
12553 : 39;
12554 : 36;
12555 : FF;
12556 : C8;
12557 : DE;
12558 : 35;
12559 : CE;
12560 : F1;
12561 : 34;
12562 : 48;
12563 : 0F;
12564 : BC;
12565 : 25;
12566 : E4;
12567 : 2C;
12568 : 0E;
12569 : 2B;
12570 : E2;
12571 : F6;
12572 : 07;
12573 : 11;
12574 : E8;
12575 : 0B;
12576 : EA;
12577 : F5;
12578 : 1F;
12579 : 28;
12580 : E3;
12581 : 0E;
12582 : 11;
12583 : 0D;
12584 : 24;
12585 : 03;
12586 : DB;
12587 : EF;
12588 : 1E;
12589 : E4;
12590 : E9;
12591 : 1A;
12592 : 19;
12593 : F2;
12594 : FC;
12595 : 14;
12596 : E4;
12597 : 1A;
12598 : 09;
12599 : 1E;
12600 : F3;
12601 : F5;
12602 : 02;
12603 : F6;
12604 : 09;
12605 : 06;
12606 : 0B;
12607 : FB;
12608 : 02;
12609 : FF;
12610 : F6;
12611 : 09;
12612 : 13;
12613 : FC;
12614 : 01;
12615 : 0D;
12616 : 11;
12617 : FE;
12618 : F3;
12619 : 03;
12620 : FB;
12621 : ED;
12622 : 13;
12623 : F5;
12624 : 16;
12625 : 10;
12626 : 0D;
12627 : FB;
12628 : F7;
12629 : F5;
12630 : 19;
12631 : FF;
12632 : F6;
12633 : F3;
12634 : 0D;
12635 : F2;
12636 : F8;
12637 : 0A;
12638 : F8;
12639 : 01;
12640 : F7;
12641 : FF;
12642 : E5;
12643 : FF;
12644 : 05;
12645 : F3;
12646 : 09;
12647 : 0A;
12648 : 07;
12649 : 14;
12650 : 0C;
12651 : 00;
12652 : EF;
12653 : 0F;
12654 : F9;
12655 : FA;
12656 : 1A;
12657 : F4;
12658 : 07;
12659 : 12;
12660 : EB;
12661 : CF;
12662 : 22;
12663 : 04;
12664 : 30;
12665 : E1;
12666 : 00;
12667 : 13;
12668 : F4;
12669 : 24;
12670 : EB;
12671 : 00;
12672 : FA;
12673 : 10;
12674 : 31;
12675 : 0A;
12676 : 23;
12677 : 1B;
12678 : DA;
12679 : 08;
12680 : EB;
12681 : 10;
12682 : D2;
12683 : E3;
12684 : 1C;
12685 : F9;
12686 : 00;
12687 : E0;
12688 : E7;
12689 : 1D;
12690 : E2;
12691 : 0A;
12692 : F9;
12693 : F3;
12694 : F8;
12695 : EE;
12696 : DC;
12697 : DF;
12698 : CC;
12699 : EB;
12700 : FA;
12701 : F2;
12702 : 0F;
12703 : 3F;
12704 : F8;
12705 : 0F;
12706 : ED;
12707 : 1A;
12708 : 06;
12709 : E7;
12710 : DE;
12711 : 15;
12712 : 0B;
12713 : E6;
12714 : 18;
12715 : 1F;
12716 : EA;
12717 : EE;
12718 : 00;
12719 : 01;
12720 : F3;
12721 : F4;
12722 : 15;
12723 : AF;
12724 : DF;
12725 : F7;
12726 : 1B;
12727 : BF;
12728 : E9;
12729 : 03;
12730 : 0D;
12731 : F9;
12732 : 07;
12733 : 23;
12734 : E9;
12735 : 0D;
12736 : C9;
12737 : F3;
12738 : 0D;
12739 : F6;
12740 : DD;
12741 : 00;
12742 : 00;
12743 : F0;
12744 : 02;
12745 : DA;
12746 : 04;
12747 : 05;
12748 : 04;
12749 : F1;
12750 : DF;
12751 : FA;
12752 : 03;
12753 : DC;
12754 : ED;
12755 : 01;
12756 : 13;
12757 : CA;
12758 : F5;
12759 : 10;
12760 : 09;
12761 : 24;
12762 : 38;
12763 : 15;
12764 : C8;
12765 : FC;
12766 : BA;
12767 : 07;
12768 : F9;
12769 : 02;
12770 : DB;
12771 : DB;
12772 : D4;
12773 : D3;
12774 : FB;
12775 : C2;
12776 : 0C;
12777 : 26;
12778 : FE;
12779 : 2B;
12780 : DF;
12781 : E8;
12782 : 01;
12783 : F8;
12784 : F1;
12785 : F9;
12786 : 09;
12787 : CD;
12788 : E0;
12789 : 32;
12790 : 15;
12791 : 10;
12792 : 43;
12793 : 1C;
12794 : DA;
12795 : 02;
12796 : C9;
12797 : 15;
12798 : FC;
12799 : F5;
12800 : CC;
12801 : CC;
12802 : E3;
12803 : DD;
12804 : FD;
12805 : DC;
12806 : FB;
12807 : 0D;
12808 : F8;
12809 : 10;
12810 : D0;
12811 : E2;
12812 : 03;
12813 : E9;
12814 : EC;
12815 : F6;
12816 : 1F;
12817 : E2;
12818 : F2;
12819 : 20;
12820 : 17;
12821 : 25;
12822 : 22;
12823 : 04;
12824 : AF;
12825 : 09;
12826 : A3;
12827 : 10;
12828 : F5;
12829 : F9;
12830 : E0;
12831 : D2;
12832 : D3;
12833 : D4;
12834 : 02;
12835 : C3;
12836 : 07;
12837 : 16;
12838 : 0F;
12839 : 05;
12840 : DE;
12841 : DD;
12842 : F3;
12843 : EA;
12844 : FF;
12845 : FA;
12846 : 12;
12847 : EB;
12848 : F7;
12849 : 1F;
12850 : 16;
12851 : 30;
12852 : 13;
12853 : FE;
12854 : B8;
12855 : 19;
12856 : C3;
12857 : 18;
12858 : EE;
12859 : E9;
12860 : F6;
12861 : CA;
12862 : CB;
12863 : D5;
12864 : 0E;
12865 : C5;
12866 : FB;
12867 : F5;
12868 : 0F;
12869 : E7;
12870 : F4;
12871 : DD;
12872 : DE;
12873 : EA;
12874 : FE;
12875 : F5;
12876 : 0F;
12877 : FF;
12878 : F6;
12879 : 1D;
12880 : 0B;
12881 : 2A;
12882 : 0E;
12883 : DA;
12884 : CA;
12885 : 0B;
12886 : 09;
12887 : 07;
12888 : F3;
12889 : F7;
12890 : EC;
12891 : CF;
12892 : D5;
12893 : D4;
12894 : 11;
12895 : D8;
12896 : 00;
12897 : F9;
12898 : 23;
12899 : FD;
12900 : 0B;
12901 : E8;
12902 : E0;
12903 : 15;
12904 : 15;
12905 : EB;
12906 : 0D;
12907 : F9;
12908 : 05;
12909 : 0B;
12910 : FF;
12911 : 38;
12912 : 16;
12913 : E2;
12914 : EA;
12915 : 12;
12916 : 24;
12917 : FC;
12918 : 14;
12919 : F3;
12920 : 0B;
12921 : D4;
12922 : FA;
12923 : CF;
12924 : F7;
12925 : D4;
12926 : 04;
12927 : 0B;
12928 : 29;
12929 : F8;
12930 : 29;
12931 : F7;
12932 : D9;
12933 : 2B;
12934 : 1E;
12935 : E0;
12936 : 04;
12937 : 06;
12938 : 04;
12939 : 0C;
12940 : CC;
12941 : 40;
12942 : FF;
12943 : DB;
12944 : 18;
12945 : 17;
12946 : 37;
12947 : 14;
12948 : 3E;
12949 : EB;
12950 : F7;
12951 : DB;
12952 : 1F;
12953 : BC;
12954 : 0E;
12955 : D3;
12956 : 03;
12957 : FA;
12958 : 2E;
12959 : F8;
12960 : 40;
12961 : FC;
12962 : DE;
12963 : 1B;
12964 : 07;
12965 : E9;
12966 : F5;
12967 : 19;
12968 : FB;
12969 : 12;
12970 : CE;
12971 : 2A;
12972 : F0;
12973 : E1;
12974 : 24;
12975 : 16;
12976 : 3A;
12977 : 09;
12978 : 4C;
12979 : E0;
12980 : E5;
12981 : EE;
12982 : 2D;
12983 : C9;
12984 : 17;
12985 : F7;
12986 : 0B;
12987 : F5;
12988 : 29;
12989 : F6;
12990 : 28;
12991 : FD;
12992 : DB;
12993 : 26;
12994 : ED;
12995 : FE;
12996 : DD;
12997 : 20;
12998 : EF;
12999 : 3A;
13000 : F9;
13001 : F3;
13002 : C6;
13003 : EF;
13004 : 23;
13005 : 0E;
13006 : 2D;
13007 : 16;
13008 : 3B;
13009 : D7;
13010 : BE;
13011 : 0C;
13012 : 33;
13013 : F6;
13014 : 34;
13015 : 21;
13016 : E8;
13017 : F7;
13018 : 27;
13019 : 0B;
13020 : 02;
13021 : 14;
13022 : D1;
13023 : 2E;
13024 : ED;
13025 : FE;
13026 : E9;
13027 : 16;
13028 : C9;
13029 : 37;
13030 : 0B;
13031 : D7;
13032 : BF;
13033 : 19;
13034 : 25;
13035 : 08;
13036 : 26;
13037 : 19;
13038 : 24;
13039 : D2;
13040 : C4;
13041 : 00;
13042 : 15;
13043 : 1A;
13044 : 3D;
13045 : 20;
13046 : E0;
13047 : FC;
13048 : 09;
13049 : 05;
13050 : EA;
13051 : 17;
13052 : E0;
13053 : 03;
13054 : F4;
13055 : E0;
13056 : DD;
13057 : E3;
13058 : D3;
13059 : 08;
13060 : 12;
13061 : E6;
13062 : DD;
13063 : 28;
13064 : 17;
13065 : 19;
13066 : 23;
13067 : 0E;
13068 : 18;
13069 : DB;
13070 : D7;
13071 : E8;
13072 : 02;
13073 : 11;
13074 : 28;
13075 : 0D;
13076 : D5;
13077 : 06;
13078 : 1A;
13079 : F7;
13080 : CD;
13081 : 20;
13082 : DE;
13083 : FA;
13084 : FB;
13085 : DE;
13086 : F2;
13087 : CC;
13088 : DA;
13089 : 02;
13090 : FE;
13091 : 0C;
13092 : EE;
13093 : 2D;
13094 : 16;
13095 : 12;
13096 : 26;
13097 : 0A;
13098 : 2A;
13099 : E3;
13100 : E4;
13101 : DE;
13102 : 12;
13103 : FA;
13104 : 09;
13105 : F9;
13106 : E9;
13107 : 01;
13108 : 0A;
13109 : E6;
13110 : D8;
13111 : 21;
13112 : EF;
13113 : F8;
13114 : 11;
13115 : DA;
13116 : 19;
13117 : BC;
13118 : F7;
13119 : F9;
13120 : 0F;
13121 : 0C;
13122 : 01;
13123 : 32;
13124 : 07;
13125 : FE;
13126 : 0B;
13127 : 0E;
13128 : 32;
13129 : 0D;
13130 : 10;
13131 : EB;
13132 : 03;
13133 : EA;
13134 : F1;
13135 : D1;
13136 : D5;
13137 : FD;
13138 : 0D;
13139 : E6;
13140 : E4;
13141 : 14;
13142 : F7;
13143 : F0;
13144 : 12;
13145 : F5;
13146 : F5;
13147 : D5;
13148 : F0;
13149 : 03;
13150 : 21;
13151 : 03;
13152 : 1E;
13153 : 10;
13154 : 08;
13155 : FA;
13156 : EE;
13157 : 0D;
13158 : 29;
13159 : 27;
13160 : 15;
13161 : EC;
13162 : F8;
13163 : 02;
13164 : F0;
13165 : D0;
13166 : EB;
13167 : E3;
13168 : F8;
13169 : 07;
13170 : DA;
13171 : 0D;
13172 : 01;
13173 : FF;
13174 : 25;
13175 : F5;
13176 : EE;
13177 : DF;
13178 : E9;
13179 : 11;
13180 : 1E;
13181 : 11;
13182 : 17;
13183 : 10;
13184 : 14;
13185 : FB;
13186 : FC;
13187 : 1B;
13188 : 1E;
13189 : 30;
13190 : 02;
13191 : E7;
13192 : F3;
13193 : FB;
13194 : F8;
13195 : DD;
13196 : FC;
13197 : EC;
13198 : 09;
13199 : 23;
13200 : E6;
13201 : FD;
13202 : 0E;
13203 : FF;
13204 : 1C;
13205 : EA;
13206 : EE;
13207 : FE;
13208 : EE;
13209 : 0D;
13210 : 2E;
13211 : 15;
13212 : 1C;
13213 : 0D;
13214 : 0A;
13215 : E6;
13216 : DD;
13217 : 15;
13218 : FE;
13219 : 26;
13220 : FD;
13221 : 01;
13222 : EF;
13223 : 07;
13224 : E2;
13225 : CC;
13226 : 24;
13227 : EB;
13228 : 15;
13229 : 16;
13230 : D4;
13231 : EF;
13232 : FB;
13233 : 14;
13234 : 1D;
13235 : D5;
13236 : E3;
13237 : 09;
13238 : FE;
13239 : 1A;
13240 : 35;
13241 : 1A;
13242 : 0F;
13243 : 0F;
13244 : 00;
13245 : E3;
13246 : ED;
13247 : 31;
13248 : D7;
13249 : 2B;
13250 : FF;
13251 : 14;
13252 : E6;
13253 : F0;
13254 : E7;
13255 : D8;
13256 : 1C;
13257 : EB;
13258 : 12;
13259 : 10;
13260 : EE;
13261 : EE;
13262 : F8;
13263 : 0E;
13264 : 2F;
13265 : DB;
13266 : EF;
13267 : 07;
13268 : F8;
13269 : 0B;
13270 : 28;
13271 : 11;
13272 : F9;
13273 : FB;
13274 : 04;
13275 : E7;
13276 : E1;
13277 : 40;
13278 : DD;
13279 : 2B;
13280 : F0;
13281 : 18;
13282 : D5;
13283 : F2;
13284 : EC;
13285 : D7;
13286 : 12;
13287 : F3;
13288 : 31;
13289 : 00;
13290 : 06;
13291 : EE;
13292 : 03;
13293 : 1A;
13294 : 24;
13295 : 07;
13296 : F6;
13297 : 03;
13298 : FC;
13299 : 0C;
13300 : F5;
13301 : 1B;
13302 : F5;
13303 : F3;
13304 : E4;
13305 : FC;
13306 : AF;
13307 : 3E;
13308 : D2;
13309 : 34;
13310 : 0E;
13311 : 1C;
13312 : C3;
13313 : E6;
13314 : F0;
13315 : F8;
13316 : 3C;
13317 : 00;
13318 : 3B;
13319 : 04;
13320 : E6;
13321 : E1;
13322 : 0F;
13323 : 39;
13324 : F8;
13325 : 49;
13326 : FE;
13327 : 18;
13328 : 0D;
13329 : 27;
13330 : C6;
13331 : 27;
13332 : 21;
13333 : F1;
13334 : EF;
13335 : E8;
13336 : 8D;
13337 : 2F;
13338 : E4;
13339 : 36;
13340 : 11;
13341 : 0B;
13342 : FC;
13343 : E3;
13344 : E5;
13345 : 12;
13346 : 42;
13347 : 3E;
13348 : 40;
13349 : 26;
13350 : C4;
13351 : EA;
13352 : FC;
13353 : 2E;
13354 : B9;
13355 : 3F;
13356 : C7;
13357 : 0F;
13358 : 15;
13359 : 2C;
13360 : D6;
13361 : 2B;
13362 : 57;
13363 : EE;
13364 : FC;
13365 : 22;
13366 : A3;
13367 : 24;
13368 : 14;
13369 : D8;
13370 : D4;
13371 : E7;
13372 : 1B;
13373 : BB;
13374 : EF;
13375 : 17;
13376 : FF;
13377 : 3E;
13378 : 31;
13379 : 39;
13380 : BF;
13381 : BF;
13382 : 26;
13383 : 1D;
13384 : C0;
13385 : 16;
13386 : BF;
13387 : CB;
13388 : 32;
13389 : 4F;
13390 : D4;
13391 : 26;
13392 : F3;
13393 : 3B;
13394 : 3C;
13395 : 13;
13396 : B7;
13397 : ED;
13398 : 35;
13399 : C7;
13400 : F8;
13401 : 17;
13402 : 3A;
13403 : F6;
13404 : BF;
13405 : 3A;
13406 : DD;
13407 : 31;
13408 : 31;
13409 : 28;
13410 : ED;
13411 : F3;
13412 : 17;
13413 : 13;
13414 : E8;
13415 : 11;
13416 : E6;
13417 : E4;
13418 : 29;
13419 : 10;
13420 : E8;
13421 : 11;
13422 : 08;
13423 : 1E;
13424 : 13;
13425 : EE;
13426 : EB;
13427 : FA;
13428 : 11;
13429 : DA;
13430 : E1;
13431 : 23;
13432 : 0E;
13433 : FB;
13434 : DF;
13435 : 1A;
13436 : E1;
13437 : 13;
13438 : 14;
13439 : 17;
13440 : EA;
13441 : 06;
13442 : 16;
13443 : FD;
13444 : 12;
13445 : EB;
13446 : 02;
13447 : F4;
13448 : 0E;
13449 : FA;
13450 : 0E;
13451 : F7;
13452 : 0C;
13453 : 0A;
13454 : 07;
13455 : ED;
13456 : FA;
13457 : 03;
13458 : F6;
13459 : 02;
13460 : FA;
13461 : 04;
13462 : F3;
13463 : FE;
13464 : F2;
13465 : EB;
13466 : F9;
13467 : FD;
13468 : F4;
13469 : F9;
13470 : 13;
13471 : FB;
13472 : 15;
13473 : EF;
13474 : 1D;
13475 : EA;
13476 : EA;
13477 : 0E;
13478 : EE;
13479 : 13;
13480 : 03;
13481 : F4;
13482 : DB;
13483 : 0A;
13484 : 08;
13485 : F9;
13486 : 1B;
13487 : FC;
13488 : F1;
13489 : 0C;
13490 : 0F;
13491 : FD;
13492 : ED;
13493 : 05;
13494 : F4;
13495 : 04;
13496 : 1C;
13497 : EF;
13498 : 10;
13499 : 0A;
13500 : 0F;
13501 : DD;
13502 : 1E;
13503 : EE;
13504 : 13;
13505 : E3;
13506 : D8;
13507 : 25;
13508 : EC;
13509 : 27;
13510 : EF;
13511 : F7;
13512 : E4;
13513 : 1B;
13514 : 22;
13515 : F0;
13516 : E4;
13517 : EA;
13518 : FB;
13519 : 02;
13520 : 08;
13521 : 20;
13522 : F1;
13523 : 11;
13524 : F9;
13525 : 26;
13526 : 22;
13527 : EF;
13528 : FF;
13529 : 29;
13530 : 00;
13531 : D8;
13532 : 1A;
13533 : EE;
13534 : ED;
13535 : 05;
13536 : BB;
13537 : EB;
13538 : DB;
13539 : 1D;
13540 : D4;
13541 : DF;
13542 : EF;
13543 : 33;
13544 : 06;
13545 : 17;
13546 : EC;
13547 : F6;
13548 : 0F;
13549 : E4;
13550 : E6;
13551 : 06;
13552 : 0B;
13553 : FC;
13554 : 0A;
13555 : 43;
13556 : F8;
13557 : 04;
13558 : 01;
13559 : 29;
13560 : F7;
13561 : D5;
13562 : 1C;
13563 : CF;
13564 : F2;
13565 : 0C;
13566 : F9;
13567 : DE;
13568 : EE;
13569 : 31;
13570 : 01;
13571 : E8;
13572 : FA;
13573 : 30;
13574 : EE;
13575 : E8;
13576 : E0;
13577 : DD;
13578 : 07;
13579 : 0B;
13580 : EC;
13581 : 16;
13582 : 0B;
13583 : 00;
13584 : EC;
13585 : FF;
13586 : 05;
13587 : 16;
13588 : 0B;
13589 : 2C;
13590 : F2;
13591 : CA;
13592 : 0A;
13593 : FB;
13594 : E2;
13595 : 18;
13596 : 0E;
13597 : D5;
13598 : 01;
13599 : 25;
13600 : 06;
13601 : 0B;
13602 : 41;
13603 : 2B;
13604 : D2;
13605 : F2;
13606 : DF;
13607 : F5;
13608 : 08;
13609 : 0C;
13610 : D8;
13611 : EF;
13612 : EC;
13613 : E4;
13614 : F1;
13615 : E4;
13616 : F4;
13617 : 0E;
13618 : 0F;
13619 : 30;
13620 : D8;
13621 : D0;
13622 : EA;
13623 : 12;
13624 : DA;
13625 : 18;
13626 : 0B;
13627 : CD;
13628 : F9;
13629 : 2A;
13630 : 0D;
13631 : 0E;
13632 : 45;
13633 : 11;
13634 : D1;
13635 : F9;
13636 : C3;
13637 : 1F;
13638 : 05;
13639 : 06;
13640 : D2;
13641 : CB;
13642 : F2;
13643 : F2;
13644 : F9;
13645 : DA;
13646 : D7;
13647 : 25;
13648 : F3;
13649 : 15;
13650 : D0;
13651 : D4;
13652 : E4;
13653 : 03;
13654 : F3;
13655 : EE;
13656 : 0E;
13657 : CB;
13658 : 04;
13659 : 20;
13660 : 1B;
13661 : 08;
13662 : 23;
13663 : 16;
13664 : CD;
13665 : 0B;
13666 : A9;
13667 : 23;
13668 : 01;
13669 : EB;
13670 : E7;
13671 : DC;
13672 : D5;
13673 : EC;
13674 : F5;
13675 : BA;
13676 : C9;
13677 : 08;
13678 : 16;
13679 : 06;
13680 : DD;
13681 : DF;
13682 : D9;
13683 : EA;
13684 : F5;
13685 : F4;
13686 : 1C;
13687 : E1;
13688 : FC;
13689 : 28;
13690 : 2D;
13691 : 0D;
13692 : 15;
13693 : FE;
13694 : EC;
13695 : 08;
13696 : C0;
13697 : 14;
13698 : 06;
13699 : E7;
13700 : F5;
13701 : DE;
13702 : C6;
13703 : FD;
13704 : 01;
13705 : A4;
13706 : B6;
13707 : 11;
13708 : 22;
13709 : DF;
13710 : 04;
13711 : F3;
13712 : E2;
13713 : 19;
13714 : 0C;
13715 : F3;
13716 : 05;
13717 : 00;
13718 : 07;
13719 : 2B;
13720 : F8;
13721 : 14;
13722 : 0B;
13723 : E3;
13724 : FE;
13725 : 01;
13726 : DB;
13727 : 0D;
13728 : FB;
13729 : CC;
13730 : F2;
13731 : E3;
13732 : DA;
13733 : E9;
13734 : F3;
13735 : BA;
13736 : C5;
13737 : 0E;
13738 : 2B;
13739 : F1;
13740 : 31;
13741 : F6;
13742 : EA;
13743 : 2E;
13744 : 0E;
13745 : 01;
13746 : FD;
13747 : 09;
13748 : 1D;
13749 : 1C;
13750 : EE;
13751 : 23;
13752 : 06;
13753 : DC;
13754 : F6;
13755 : 00;
13756 : 02;
13757 : F9;
13758 : 11;
13759 : C8;
13760 : 02;
13761 : F2;
13762 : F6;
13763 : EE;
13764 : F8;
13765 : AC;
13766 : DD;
13767 : 02;
13768 : 2A;
13769 : F5;
13770 : 4C;
13771 : 13;
13772 : DF;
13773 : 2D;
13774 : 1E;
13775 : EC;
13776 : E9;
13777 : 17;
13778 : 13;
13779 : FD;
13780 : D8;
13781 : 3C;
13782 : F7;
13783 : DB;
13784 : 15;
13785 : 12;
13786 : 0A;
13787 : 11;
13788 : 32;
13789 : C2;
13790 : F7;
13791 : E2;
13792 : 29;
13793 : D5;
13794 : FC;
13795 : A3;
13796 : EB;
13797 : 01;
13798 : 30;
13799 : FB;
13800 : 2D;
13801 : FE;
13802 : E1;
13803 : 27;
13804 : 11;
13805 : E0;
13806 : F2;
13807 : 1E;
13808 : 01;
13809 : 0E;
13810 : DF;
13811 : 23;
13812 : F9;
13813 : CF;
13814 : 3A;
13815 : 17;
13816 : 13;
13817 : 03;
13818 : 66;
13819 : DE;
13820 : EC;
13821 : F5;
13822 : 3C;
13823 : E9;
13824 : 10;
13825 : E5;
13826 : FA;
13827 : 02;
13828 : 17;
13829 : ED;
13830 : 01;
13831 : 03;
13832 : DD;
13833 : 2E;
13834 : EE;
13835 : EA;
13836 : E5;
13837 : 1C;
13838 : E9;
13839 : 33;
13840 : F8;
13841 : EA;
13842 : E2;
13843 : 10;
13844 : 39;
13845 : 20;
13846 : 0F;
13847 : 14;
13848 : 46;
13849 : D6;
13850 : DE;
13851 : 0F;
13852 : 1E;
13853 : FC;
13854 : 29;
13855 : 24;
13856 : DE;
13857 : F2;
13858 : 14;
13859 : 02;
13860 : DD;
13861 : 25;
13862 : E0;
13863 : 27;
13864 : ED;
13865 : EB;
13866 : DD;
13867 : 0B;
13868 : DB;
13869 : 20;
13870 : 0F;
13871 : F2;
13872 : E4;
13873 : 26;
13874 : 17;
13875 : 27;
13876 : 1F;
13877 : 1A;
13878 : 0A;
13879 : CE;
13880 : C0;
13881 : FE;
13882 : 13;
13883 : 0A;
13884 : 2D;
13885 : 11;
13886 : C3;
13887 : ED;
13888 : FC;
13889 : 0F;
13890 : C7;
13891 : 18;
13892 : D9;
13893 : FD;
13894 : E9;
13895 : E1;
13896 : FA;
13897 : C1;
13898 : E1;
13899 : 0D;
13900 : 0B;
13901 : 04;
13902 : FB;
13903 : 30;
13904 : 20;
13905 : 1F;
13906 : 2B;
13907 : 0C;
13908 : 19;
13909 : D8;
13910 : DB;
13911 : E0;
13912 : 13;
13913 : F6;
13914 : 27;
13915 : 02;
13916 : D5;
13917 : FF;
13918 : 06;
13919 : F0;
13920 : C8;
13921 : 18;
13922 : DF;
13923 : FF;
13924 : F5;
13925 : E7;
13926 : FB;
13927 : C3;
13928 : EE;
13929 : FE;
13930 : 03;
13931 : 1F;
13932 : 0E;
13933 : 31;
13934 : 03;
13935 : 12;
13936 : 1A;
13937 : 1B;
13938 : 31;
13939 : E5;
13940 : EC;
13941 : ED;
13942 : 1A;
13943 : E1;
13944 : 02;
13945 : F8;
13946 : E6;
13947 : 1D;
13948 : 11;
13949 : E6;
13950 : CD;
13951 : 0A;
13952 : E6;
13953 : E3;
13954 : 05;
13955 : DA;
13956 : 03;
13957 : B7;
13958 : E2;
13959 : FF;
13960 : 02;
13961 : 24;
13962 : 21;
13963 : 2F;
13964 : 07;
13965 : 00;
13966 : F3;
13967 : 10;
13968 : 28;
13969 : 1C;
13970 : 06;
13971 : EB;
13972 : 0A;
13973 : EF;
13974 : FF;
13975 : E5;
13976 : EC;
13977 : 11;
13978 : 02;
13979 : FA;
13980 : DC;
13981 : 00;
13982 : 07;
13983 : F8;
13984 : 0F;
13985 : EA;
13986 : E1;
13987 : D7;
13988 : D2;
13989 : 02;
13990 : 0B;
13991 : 09;
13992 : 1D;
13993 : 14;
13994 : 15;
13995 : EF;
13996 : EA;
13997 : 19;
13998 : 19;
13999 : 29;
14000 : 0F;
14001 : E7;
14002 : FB;
14003 : F3;
14004 : EC;
14005 : F6;
14006 : 00;
14007 : F2;
14008 : 0F;
14009 : 1B;
14010 : D7;
14011 : FF;
14012 : 02;
14013 : 08;
14014 : 1D;
14015 : F3;
14016 : E0;
14017 : EE;
14018 : D8;
14019 : 1B;
14020 : 1A;
14021 : 10;
14022 : 19;
14023 : 13;
14024 : 1F;
14025 : F4;
14026 : CB;
14027 : 1B;
14028 : F7;
14029 : 37;
14030 : F3;
14031 : E7;
14032 : EF;
14033 : EE;
14034 : F2;
14035 : F5;
14036 : 22;
14037 : DB;
14038 : 09;
14039 : 1E;
14040 : E4;
14041 : EB;
14042 : 04;
14043 : 03;
14044 : FE;
14045 : E4;
14046 : EB;
14047 : F8;
14048 : E4;
14049 : 0D;
14050 : 29;
14051 : 26;
14052 : 18;
14053 : 06;
14054 : 18;
14055 : 03;
14056 : DA;
14057 : 34;
14058 : EE;
14059 : 37;
14060 : FF;
14061 : F0;
14062 : EA;
14063 : E8;
14064 : D5;
14065 : EB;
14066 : 26;
14067 : E1;
14068 : 11;
14069 : 0F;
14070 : DD;
14071 : D3;
14072 : FA;
14073 : 0E;
14074 : FE;
14075 : DC;
14076 : EC;
14077 : 05;
14078 : 07;
14079 : 1C;
14080 : 0B;
14081 : 2C;
14082 : 00;
14083 : 05;
14084 : 19;
14085 : 04;
14086 : E0;
14087 : 44;
14088 : E8;
14089 : 1F;
14090 : E6;
14091 : FB;
14092 : E4;
14093 : ED;
14094 : ED;
14095 : F8;
14096 : 2A;
14097 : D7;
14098 : 0F;
14099 : 1C;
14100 : F2;
14101 : CE;
14102 : 14;
14103 : 09;
14104 : 1C;
14105 : F8;
14106 : E9;
14107 : 09;
14108 : F6;
14109 : 12;
14110 : F0;
14111 : 1C;
14112 : F1;
14113 : 06;
14114 : 0B;
14115 : FD;
14116 : D8;
14117 : 35;
14118 : F6;
14119 : 1C;
14120 : F3;
14121 : 16;
14122 : F3;
14123 : FD;
14124 : ED;
14125 : FA;
14126 : 22;
14127 : DD;
14128 : 2D;
14129 : 08;
14130 : 0F;
14131 : C7;
14132 : 0E;
14133 : 0F;
14134 : 0B;
14135 : 0F;
14136 : E6;
14137 : 0C;
14138 : F5;
14139 : 23;
14140 : C4;
14141 : 03;
14142 : E6;
14143 : 06;
14144 : 02;
14145 : 14;
14146 : B0;
14147 : 14;
14148 : EE;
14149 : 2B;
14150 : 01;
14151 : 28;
14152 : EE;
14153 : E0;
14154 : 01;
14155 : 01;
14156 : 21;
14157 : FB;
14158 : 43;
14159 : 1D;
14160 : F9;
14161 : C9;
14162 : 10;
14163 : 34;
14164 : 05;
14165 : 3F;
14166 : DB;
14167 : 0F;
14168 : FD;
14169 : 1B;
14170 : C6;
14171 : 1E;
14172 : 09;
14173 : 0E;
14174 : 02;
14175 : 13;
14176 : 80;
14177 : 1F;
14178 : 0E;
14179 : 23;
14180 : FF;
14181 : 0B;
14182 : F5;
14183 : CD;
14184 : 03;
14185 : 24;
14186 : 32;
14187 : 1A;
14188 : 41;
14189 : 31;
14190 : A4;
14191 : D9;
14192 : 06;
14193 : 53;
14194 : AF;
14195 : 60;
14196 : B1;
14197 : 05;
14198 : 19;
14199 : 2F;
14200 : B3;
14201 : 52;
14202 : 5D;
14203 : FF;
14204 : 0E;
14205 : 25;
14206 : 89;
14207 : 2A;
14208 : 1F;
14209 : A7;
14210 : B2;
14211 : EC;
14212 : 24;
14213 : C7;
14214 : F8;
14215 : 27;
14216 : FF;
14217 : 46;
14218 : 50;
14219 : 4C;
14220 : B8;
14221 : C1;
14222 : 30;
14223 : 2B;
14224 : B6;
14225 : 36;
14226 : C3;
14227 : BB;
14228 : 46;
14229 : 5D;
14230 : BF;
14231 : 1C;
14232 : 0D;
14233 : 43;
14234 : 4D;
14235 : 10;
14236 : BA;
14237 : F3;
14238 : 44;
14239 : AD;
14240 : CE;
14241 : 28;
14242 : 34;
14243 : FC;
14244 : C6;
14245 : 41;
14246 : CE;
14247 : 33;
14248 : 0B;
14249 : 40;
14250 : EB;
14251 : F4;
14252 : 1E;
14253 : 15;
14254 : D4;
14255 : 13;
14256 : E6;
14257 : ED;
14258 : 26;
14259 : 25;
14260 : D8;
14261 : 15;
14262 : 18;
14263 : 13;
14264 : 1B;
14265 : F7;
14266 : E3;
14267 : E1;
14268 : 17;
14269 : EA;
14270 : F7;
14271 : 1B;
14272 : 25;
14273 : F6;
14274 : DE;
14275 : 16;
14276 : E8;
14277 : 2A;
14278 : 1C;
14279 : 12;
14280 : 01;
14281 : FC;
14282 : 05;
14283 : FE;
14284 : FD;
14285 : 0A;
14286 : 06;
14287 : F9;
14288 : F8;
14289 : 0A;
14290 : 06;
14291 : F7;
14292 : 0A;
14293 : 07;
14294 : 04;
14295 : 07;
14296 : FA;
14297 : 04;
14298 : 05;
14299 : 01;
14300 : FA;
14301 : 01;
14302 : F9;
14303 : F9;
14304 : FF;
14305 : 09;
14306 : F5;
14307 : 06;
14308 : 01;
14309 : 01;
14310 : 13;
14311 : ED;
14312 : 11;
14313 : F9;
14314 : 1D;
14315 : F4;
14316 : FC;
14317 : 21;
14318 : D8;
14319 : 15;
14320 : 11;
14321 : E2;
14322 : E7;
14323 : 20;
14324 : 10;
14325 : EE;
14326 : 15;
14327 : 0A;
14328 : F9;
14329 : 1D;
14330 : 0B;
14331 : 15;
14332 : E4;
14333 : 15;
14334 : E6;
14335 : 0B;
14336 : 1D;
14337 : E0;
14338 : FE;
14339 : 20;
14340 : FF;
14341 : F4;
14342 : 0F;
14343 : F7;
14344 : 0F;
14345 : F0;
14346 : E9;
14347 : 1F;
14348 : D9;
14349 : 37;
14350 : EB;
14351 : 07;
14352 : F1;
14353 : 1F;
14354 : 31;
14355 : 11;
14356 : DC;
14357 : FC;
14358 : 0F;
14359 : F9;
14360 : F0;
14361 : 01;
14362 : 02;
14363 : F8;
14364 : E7;
14365 : 1B;
14366 : 2B;
14367 : EE;
14368 : 19;
14369 : 12;
14370 : 0C;
14371 : C8;
14372 : 27;
14373 : 03;
14374 : 12;
14375 : F4;
14376 : B3;
14377 : F6;
14378 : D0;
14379 : 33;
14380 : C6;
14381 : C2;
14382 : F0;
14383 : 25;
14384 : 16;
14385 : FF;
14386 : EA;
14387 : D9;
14388 : 18;
14389 : FE;
14390 : F8;
14391 : FC;
14392 : 05;
14393 : 18;
14394 : FB;
14395 : 47;
14396 : 1C;
14397 : 08;
14398 : 01;
14399 : 3B;
14400 : F5;
14401 : BC;
14402 : 30;
14403 : FB;
14404 : FF;
14405 : 21;
14406 : E8;
14407 : D6;
14408 : 08;
14409 : 4A;
14410 : D4;
14411 : CC;
14412 : FE;
14413 : 28;
14414 : 16;
14415 : F9;
14416 : F1;
14417 : D3;
14418 : 07;
14419 : 27;
14420 : F0;
14421 : FF;
14422 : 09;
14423 : 00;
14424 : F2;
14425 : 0E;
14426 : 11;
14427 : F9;
14428 : 0E;
14429 : 3B;
14430 : F1;
14431 : A7;
14432 : 06;
14433 : F7;
14434 : EA;
14435 : 2F;
14436 : 06;
14437 : CB;
14438 : FC;
14439 : 27;
14440 : EE;
14441 : 11;
14442 : 39;
14443 : 01;
14444 : DB;
14445 : F9;
14446 : F3;
14447 : DA;
14448 : 0B;
14449 : 21;
14450 : F3;
14451 : E1;
14452 : FC;
14453 : F4;
14454 : F2;
14455 : 06;
14456 : 13;
14457 : 01;
14458 : F5;
14459 : 2A;
14460 : F9;
14461 : A1;
14462 : EB;
14463 : 11;
14464 : ED;
14465 : 3D;
14466 : 08;
14467 : D7;
14468 : FC;
14469 : 28;
14470 : EF;
14471 : 14;
14472 : 49;
14473 : 00;
14474 : E5;
14475 : 03;
14476 : ED;
14477 : EE;
14478 : 12;
14479 : 11;
14480 : EB;
14481 : C6;
14482 : 0F;
14483 : F7;
14484 : 08;
14485 : F2;
14486 : F6;
14487 : 0D;
14488 : F7;
14489 : 01;
14490 : F1;
14491 : C3;
14492 : C9;
14493 : FD;
14494 : F7;
14495 : 21;
14496 : 06;
14497 : E0;
14498 : FD;
14499 : 25;
14500 : 06;
14501 : 18;
14502 : 2A;
14503 : FD;
14504 : EB;
14505 : 15;
14506 : C1;
14507 : 0C;
14508 : 1B;
14509 : FB;
14510 : ED;
14511 : CC;
14512 : F0;
14513 : F7;
14514 : 0E;
14515 : D8;
14516 : CE;
14517 : 23;
14518 : 18;
14519 : 0D;
14520 : F5;
14521 : DA;
14522 : B3;
14523 : FA;
14524 : EE;
14525 : 29;
14526 : 0B;
14527 : DE;
14528 : 02;
14529 : 11;
14530 : 13;
14531 : 14;
14532 : 25;
14533 : ED;
14534 : F9;
14535 : 05;
14536 : BC;
14537 : 0E;
14538 : 0E;
14539 : D7;
14540 : 01;
14541 : E0;
14542 : E8;
14543 : 03;
14544 : 00;
14545 : B9;
14546 : B7;
14547 : 16;
14548 : 2B;
14549 : F8;
14550 : 01;
14551 : 04;
14552 : BE;
14553 : 0D;
14554 : FF;
14555 : 30;
14556 : 1F;
14557 : 01;
14558 : 09;
14559 : 16;
14560 : FA;
14561 : 22;
14562 : 15;
14563 : D8;
14564 : 12;
14565 : 02;
14566 : D3;
14567 : 08;
14568 : 08;
14569 : D3;
14570 : F1;
14571 : E4;
14572 : E4;
14573 : 08;
14574 : 01;
14575 : A8;
14576 : B2;
14577 : 16;
14578 : 22;
14579 : F3;
14580 : 38;
14581 : 24;
14582 : C0;
14583 : 2E;
14584 : F6;
14585 : 1F;
14586 : 0A;
14587 : 04;
14588 : 18;
14589 : 04;
14590 : FC;
14591 : 3A;
14592 : 1B;
14593 : D3;
14594 : 06;
14595 : F8;
14596 : D9;
14597 : 15;
14598 : 19;
14599 : C7;
14600 : FF;
14601 : E4;
14602 : FB;
14603 : F5;
14604 : FA;
14605 : A9;
14606 : BF;
14607 : 03;
14608 : 19;
14609 : 07;
14610 : 20;
14611 : 21;
14612 : D5;
14613 : 2F;
14614 : 01;
14615 : 1B;
14616 : 14;
14617 : 0B;
14618 : 19;
14619 : E1;
14620 : EA;
14621 : 1C;
14622 : 15;
14623 : C3;
14624 : 0F;
14625 : 1A;
14626 : E1;
14627 : 12;
14628 : 35;
14629 : CD;
14630 : FA;
14631 : F5;
14632 : 2C;
14633 : E6;
14634 : 07;
14635 : A4;
14636 : D5;
14637 : 0E;
14638 : 1B;
14639 : 04;
14640 : E6;
14641 : 2A;
14642 : CE;
14643 : 27;
14644 : EF;
14645 : F9;
14646 : 01;
14647 : 09;
14648 : 0E;
14649 : FA;
14650 : EA;
14651 : 08;
14652 : 09;
14653 : DF;
14654 : 29;
14655 : 23;
14656 : EC;
14657 : 15;
14658 : 5B;
14659 : CD;
14660 : F3;
14661 : FB;
14662 : 2E;
14663 : FA;
14664 : 0C;
14665 : DF;
14666 : BC;
14667 : 03;
14668 : 11;
14669 : FA;
14670 : B6;
14671 : 19;
14672 : C7;
14673 : 29;
14674 : DE;
14675 : 00;
14676 : 14;
14677 : F9;
14678 : E1;
14679 : 0B;
14680 : 05;
14681 : F7;
14682 : 08;
14683 : 20;
14684 : 22;
14685 : 16;
14686 : 00;
14687 : 24;
14688 : 3C;
14689 : E0;
14690 : E7;
14691 : 07;
14692 : 24;
14693 : 14;
14694 : 23;
14695 : FD;
14696 : B5;
14697 : E0;
14698 : F4;
14699 : FF;
14700 : BD;
14701 : 14;
14702 : C4;
14703 : 20;
14704 : D0;
14705 : FC;
14706 : 09;
14707 : DF;
14708 : DC;
14709 : 1B;
14710 : 0A;
14711 : 03;
14712 : 0A;
14713 : 47;
14714 : 06;
14715 : 1F;
14716 : 13;
14717 : 23;
14718 : 0E;
14719 : CF;
14720 : EA;
14721 : FF;
14722 : 18;
14723 : 08;
14724 : 32;
14725 : 05;
14726 : CB;
14727 : E0;
14728 : E6;
14729 : 05;
14730 : CD;
14731 : 1A;
14732 : E1;
14733 : 00;
14734 : F1;
14735 : ED;
14736 : 02;
14737 : C0;
14738 : DC;
14739 : 13;
14740 : 0F;
14741 : 1E;
14742 : 16;
14743 : 1D;
14744 : 0D;
14745 : 0B;
14746 : 11;
14747 : 11;
14748 : 09;
14749 : E0;
14750 : E3;
14751 : E7;
14752 : 1F;
14753 : F1;
14754 : 0D;
14755 : 00;
14756 : DA;
14757 : 07;
14758 : FF;
14759 : F0;
14760 : DD;
14761 : 03;
14762 : E2;
14763 : E9;
14764 : FC;
14765 : EF;
14766 : F8;
14767 : C3;
14768 : E1;
14769 : 0C;
14770 : 00;
14771 : 1E;
14772 : 16;
14773 : 10;
14774 : 12;
14775 : 0F;
14776 : F9;
14777 : 07;
14778 : 1C;
14779 : 01;
14780 : F2;
14781 : EE;
14782 : 15;
14783 : D7;
14784 : 04;
14785 : 06;
14786 : EA;
14787 : 18;
14788 : FF;
14789 : FF;
14790 : DE;
14791 : 00;
14792 : F8;
14793 : E1;
14794 : 1B;
14795 : F3;
14796 : F2;
14797 : D0;
14798 : D6;
14799 : 0B;
14800 : 02;
14801 : 25;
14802 : 2B;
14803 : 14;
14804 : 01;
14805 : 00;
14806 : ED;
14807 : 00;
14808 : 10;
14809 : 24;
14810 : 12;
14811 : EB;
14812 : 0C;
14813 : DE;
14814 : F5;
14815 : 13;
14816 : 06;
14817 : 15;
14818 : 00;
14819 : 09;
14820 : E5;
14821 : EB;
14822 : 04;
14823 : F0;
14824 : 15;
14825 : 02;
14826 : E5;
14827 : E4;
14828 : C7;
14829 : FC;
14830 : 10;
14831 : 23;
14832 : 14;
14833 : 1A;
14834 : 0A;
14835 : F7;
14836 : E9;
14837 : 19;
14838 : F9;
14839 : 20;
14840 : ED;
14841 : EB;
14842 : 11;
14843 : E5;
14844 : F8;
14845 : 08;
14846 : 12;
14847 : F2;
14848 : 04;
14849 : 1A;
14850 : FE;
14851 : E9;
14852 : 03;
14853 : E8;
14854 : 18;
14855 : 15;
14856 : D5;
14857 : 08;
14858 : D6;
14859 : FF;
14860 : 04;
14861 : 11;
14862 : 12;
14863 : 18;
14864 : 16;
14865 : 00;
14866 : D8;
14867 : 1D;
14868 : FD;
14869 : 2C;
14870 : EC;
14871 : FA;
14872 : FD;
14873 : 02;
14874 : EE;
14875 : 06;
14876 : 20;
14877 : D8;
14878 : 21;
14879 : 13;
14880 : ED;
14881 : E5;
14882 : FE;
14883 : EA;
14884 : F9;
14885 : 03;
14886 : E1;
14887 : FC;
14888 : E5;
14889 : F9;
14890 : 0C;
14891 : 27;
14892 : 0B;
14893 : F8;
14894 : 01;
14895 : 08;
14896 : F8;
14897 : 22;
14898 : FE;
14899 : 22;
14900 : EB;
14901 : 02;
14902 : F5;
14903 : F3;
14904 : F5;
14905 : 03;
14906 : 23;
14907 : D2;
14908 : 09;
14909 : 0D;
14910 : F1;
14911 : D7;
14912 : 01;
14913 : 0C;
14914 : FE;
14915 : FC;
14916 : EF;
14917 : F7;
14918 : 06;
14919 : 11;
14920 : FF;
14921 : 1F;
14922 : 01;
14923 : 03;
14924 : FE;
14925 : 01;
14926 : E7;
14927 : 3C;
14928 : 0C;
14929 : 0C;
14930 : EC;
14931 : FC;
14932 : F4;
14933 : 01;
14934 : FD;
14935 : 11;
14936 : 14;
14937 : D9;
14938 : 24;
14939 : 18;
14940 : FA;
14941 : D7;
14942 : F9;
14943 : FE;
14944 : 14;
14945 : 16;
14946 : E5;
14947 : FC;
14948 : FB;
14949 : 05;
14950 : D1;
14951 : 0F;
14952 : EC;
14953 : 0B;
14954 : 00;
14955 : F8;
14956 : E6;
14957 : 20;
14958 : F8;
14959 : 14;
14960 : 02;
14961 : 21;
14962 : EC;
14963 : F5;
14964 : E7;
14965 : 00;
14966 : 1D;
14967 : D7;
14968 : 2F;
14969 : 24;
14970 : FD;
14971 : C1;
14972 : 08;
14973 : 02;
14974 : 0F;
14975 : 2B;
14976 : ED;
14977 : FD;
14978 : 02;
14979 : 06;
14980 : C0;
14981 : F6;
14982 : F3;
14983 : 10;
14984 : F4;
14985 : 0A;
14986 : C5;
14987 : 02;
14988 : 08;
14989 : 0D;
14990 : FD;
14991 : 19;
14992 : EC;
14993 : E9;
14994 : 08;
14995 : 19;
14996 : 08;
14997 : E9;
14998 : 2A;
14999 : 1C;
15000 : DF;
15001 : CF;
15002 : FC;
15003 : 26;
15004 : F5;
15005 : 3E;
15006 : EB;
15007 : E9;
15008 : 0A;
15009 : 12;
15010 : BD;
15011 : 10;
15012 : 3A;
15013 : 01;
15014 : E3;
15015 : 0A;
15016 : 8D;
15017 : 0E;
15018 : 16;
15019 : 12;
15020 : F7;
15021 : 1B;
15022 : 18;
15023 : E6;
15024 : F4;
15025 : 33;
15026 : 04;
15027 : 0C;
15028 : 28;
15029 : 15;
15030 : 80;
15031 : EE;
15032 : 26;
15033 : 64;
15034 : C0;
15035 : 3A;
15036 : BD;
15037 : D0;
15038 : 26;
15039 : 2D;
15040 : D0;
15041 : 66;
15042 : 68;
15043 : 2A;
15044 : 12;
15045 : E4;
15046 : 9A;
15047 : 15;
15048 : 19;
15049 : C3;
15050 : C7;
15051 : 1C;
15052 : 2D;
15053 : E3;
15054 : B9;
15055 : 2F;
15056 : 07;
15057 : 23;
15058 : 2B;
15059 : 68;
15060 : B7;
15061 : E5;
15062 : 2F;
15063 : 21;
15064 : D3;
15065 : 2B;
15066 : DB;
15067 : BE;
15068 : 43;
15069 : 46;
15070 : D4;
15071 : 00;
15072 : 19;
15073 : 2A;
15074 : 32;
15075 : F7;
15076 : CF;
15077 : 10;
15078 : 32;
15079 : E1;
15080 : EB;
15081 : 40;
15082 : 1C;
15083 : 09;
15084 : C6;
15085 : 3B;
15086 : CB;
15087 : 1B;
15088 : F4;
15089 : 35;
15090 : FF;
15091 : DF;
15092 : 10;
15093 : 24;
15094 : E3;
15095 : 19;
15096 : 01;
15097 : F3;
15098 : 2B;
15099 : 2B;
15100 : D9;
15101 : 28;
15102 : 19;
15103 : EF;
15104 : 01;
15105 : F2;
15106 : DD;
15107 : E0;
15108 : 00;
15109 : FF;
15110 : 0A;
15111 : 1D;
15112 : 06;
15113 : FB;
15114 : E5;
15115 : 0C;
15116 : FB;
15117 : 22;
15118 : 04;
15119 : 15;
15120 : F6;
15121 : 12;
15122 : 02;
15123 : 09;
15124 : 02;
15125 : 0B;
15126 : 09;
15127 : EA;
15128 : 14;
15129 : 0A;
15130 : 13;
15131 : EC;
15132 : 05;
15133 : FA;
15134 : 0B;
15135 : EC;
15136 : E7;
15137 : 03;
15138 : E9;
15139 : 03;
15140 : 0B;
15141 : 19;
15142 : F0;
15143 : 14;
15144 : EA;
15145 : F1;
15146 : EC;
15147 : 0C;
15148 : F1;
15149 : EA;
15150 : 03;
15151 : 01;
15152 : 07;
15153 : F9;
15154 : 0A;
15155 : F5;
15156 : 0C;
15157 : 09;
15158 : EB;
15159 : 09;
15160 : 0B;
15161 : F4;
15162 : F0;
15163 : 20;
15164 : 17;
15165 : F2;
15166 : 0A;
15167 : 16;
15168 : F4;
15169 : 06;
15170 : 04;
15171 : 07;
15172 : E1;
15173 : 22;
15174 : EE;
15175 : FA;
15176 : 08;
15177 : F6;
15178 : F5;
15179 : 0D;
15180 : 09;
15181 : E5;
15182 : 07;
15183 : E2;
15184 : 26;
15185 : DD;
15186 : 01;
15187 : 17;
15188 : D2;
15189 : 2A;
15190 : F3;
15191 : E5;
15192 : DC;
15193 : 15;
15194 : 45;
15195 : F9;
15196 : EF;
15197 : 0D;
15198 : F9;
15199 : 19;
15200 : 01;
15201 : 0E;
15202 : E9;
15203 : 01;
15204 : E2;
15205 : 14;
15206 : 19;
15207 : D4;
15208 : FD;
15209 : 12;
15210 : 0E;
15211 : C4;
15212 : 16;
15213 : 03;
15214 : 4B;
15215 : E4;
15216 : BA;
15217 : 17;
15218 : D6;
15219 : 44;
15220 : BE;
15221 : C3;
15222 : D2;
15223 : 35;
15224 : 28;
15225 : F9;
15226 : E8;
15227 : EF;
15228 : 15;
15229 : 0E;
15230 : ED;
15231 : 07;
15232 : FB;
15233 : 2B;
15234 : EF;
15235 : 49;
15236 : 1D;
15237 : F1;
15238 : 0D;
15239 : 2C;
15240 : FB;
15241 : B2;
15242 : 2C;
15243 : 0C;
15244 : 12;
15245 : 21;
15246 : E6;
15247 : D2;
15248 : FA;
15249 : 45;
15250 : D8;
15251 : F3;
15252 : 0A;
15253 : 0D;
15254 : 09;
15255 : 0B;
15256 : 0D;
15257 : CE;
15258 : 0D;
15259 : 24;
15260 : FA;
15261 : FC;
15262 : 1F;
15263 : F9;
15264 : F1;
15265 : 1B;
15266 : 2A;
15267 : FE;
15268 : 09;
15269 : 26;
15270 : 0A;
15271 : 91;
15272 : FE;
15273 : 0B;
15274 : FF;
15275 : 38;
15276 : 05;
15277 : CA;
15278 : FE;
15279 : 3A;
15280 : E3;
15281 : 05;
15282 : 24;
15283 : 07;
15284 : FD;
15285 : 02;
15286 : 01;
15287 : CB;
15288 : 21;
15289 : 39;
15290 : 0B;
15291 : DF;
15292 : 15;
15293 : 05;
15294 : 0A;
15295 : 0B;
15296 : 1B;
15297 : 11;
15298 : 0E;
15299 : 0E;
15300 : 1E;
15301 : 80;
15302 : D8;
15303 : F5;
15304 : 01;
15305 : 5D;
15306 : FC;
15307 : D9;
15308 : F0;
15309 : 2A;
15310 : DE;
15311 : 15;
15312 : 1E;
15313 : FE;
15314 : F6;
15315 : 15;
15316 : 0B;
15317 : C0;
15318 : 15;
15319 : 2D;
15320 : FC;
15321 : D0;
15322 : 1E;
15323 : 06;
15324 : 0C;
15325 : 09;
15326 : 08;
15327 : 12;
15328 : 07;
15329 : 02;
15330 : 26;
15331 : A8;
15332 : D2;
15333 : 0E;
15334 : FC;
15335 : 5E;
15336 : 02;
15337 : E4;
15338 : 17;
15339 : 14;
15340 : F9;
15341 : 2F;
15342 : 24;
15343 : F3;
15344 : F7;
15345 : 0E;
15346 : EE;
15347 : E9;
15348 : 10;
15349 : FD;
15350 : 0A;
15351 : DE;
15352 : 0A;
15353 : FA;
15354 : 0E;
15355 : ED;
15356 : E9;
15357 : 12;
15358 : 05;
15359 : 20;
15360 : 13;
15361 : E3;
15362 : C8;
15363 : 06;
15364 : FD;
15365 : 57;
15366 : 07;
15367 : 00;
15368 : 09;
15369 : 03;
15370 : FF;
15371 : 26;
15372 : 0F;
15373 : E0;
15374 : 0E;
15375 : 06;
15376 : D8;
15377 : 01;
15378 : FE;
15379 : F9;
15380 : F5;
15381 : F1;
15382 : FB;
15383 : FA;
15384 : FA;
15385 : EE;
15386 : CD;
15387 : 08;
15388 : 10;
15389 : 15;
15390 : 1E;
15391 : 2A;
15392 : BB;
15393 : 07;
15394 : F5;
15395 : 77;
15396 : 17;
15397 : 03;
15398 : 0D;
15399 : FE;
15400 : 0B;
15401 : 2C;
15402 : 1C;
15403 : D6;
15404 : 1A;
15405 : F6;
15406 : CF;
15407 : 08;
15408 : 0F;
15409 : E7;
15410 : FC;
15411 : EC;
15412 : ED;
15413 : FA;
15414 : 0B;
15415 : EC;
15416 : BE;
15417 : 14;
15418 : FE;
15419 : 1C;
15420 : 02;
15421 : 45;
15422 : BF;
15423 : 28;
15424 : E9;
15425 : 68;
15426 : 10;
15427 : 0A;
15428 : 15;
15429 : E3;
15430 : F4;
15431 : 26;
15432 : 26;
15433 : CE;
15434 : 13;
15435 : ED;
15436 : CA;
15437 : FD;
15438 : 1A;
15439 : E8;
15440 : 05;
15441 : EF;
15442 : 04;
15443 : FA;
15444 : F5;
15445 : E3;
15446 : CA;
15447 : 15;
15448 : 05;
15449 : 13;
15450 : CF;
15451 : 3E;
15452 : BC;
15453 : 19;
15454 : EF;
15455 : 47;
15456 : 14;
15457 : F6;
15458 : 1B;
15459 : DB;
15460 : 0C;
15461 : 17;
15462 : 2D;
15463 : C9;
15464 : 2C;
15465 : 07;
15466 : D5;
15467 : 0D;
15468 : 29;
15469 : E7;
15470 : 18;
15471 : E7;
15472 : 10;
15473 : FF;
15474 : 05;
15475 : D6;
15476 : CD;
15477 : 01;
15478 : F9;
15479 : 0E;
15480 : 9D;
15481 : 2B;
15482 : B1;
15483 : 37;
15484 : D8;
15485 : 3D;
15486 : 1B;
15487 : F4;
15488 : 13;
15489 : DC;
15490 : F7;
15491 : 0E;
15492 : 38;
15493 : E4;
15494 : 27;
15495 : 25;
15496 : F1;
15497 : 21;
15498 : 31;
15499 : E0;
15500 : F7;
15501 : F5;
15502 : 1D;
15503 : E5;
15504 : 20;
15505 : E6;
15506 : D1;
15507 : EA;
15508 : F7;
15509 : 24;
15510 : 97;
15511 : 1D;
15512 : CC;
15513 : 3F;
15514 : DF;
15515 : 2C;
15516 : 1C;
15517 : DD;
15518 : F5;
15519 : 05;
15520 : 02;
15521 : FD;
15522 : 31;
15523 : 24;
15524 : 12;
15525 : 19;
15526 : 0B;
15527 : 28;
15528 : 14;
15529 : F2;
15530 : F0;
15531 : F8;
15532 : 24;
15533 : FB;
15534 : 2A;
15535 : 09;
15536 : D4;
15537 : D3;
15538 : EF;
15539 : 24;
15540 : CD;
15541 : 0A;
15542 : DE;
15543 : 28;
15544 : E0;
15545 : 1E;
15546 : 11;
15547 : CC;
15548 : E5;
15549 : 02;
15550 : 0B;
15551 : 03;
15552 : 2E;
15553 : 4D;
15554 : 00;
15555 : 04;
15556 : 11;
15557 : 2C;
15558 : F2;
15559 : E0;
15560 : FD;
15561 : E7;
15562 : 28;
15563 : FC;
15564 : 10;
15565 : 16;
15566 : EB;
15567 : DB;
15568 : E9;
15569 : 11;
15570 : F6;
15571 : 10;
15572 : EA;
15573 : FF;
15574 : F2;
15575 : 11;
15576 : F3;
15577 : C6;
15578 : DE;
15579 : 14;
15580 : 11;
15581 : 0F;
15582 : 1E;
15583 : 1A;
15584 : FE;
15585 : 09;
15586 : 12;
15587 : 0C;
15588 : F6;
15589 : F4;
15590 : F3;
15591 : E6;
15592 : 1B;
15593 : F2;
15594 : 12;
15595 : 16;
15596 : 06;
15597 : 0A;
15598 : FA;
15599 : 13;
15600 : FC;
15601 : F6;
15602 : FE;
15603 : F6;
15604 : 18;
15605 : 0D;
15606 : D7;
15607 : E0;
15608 : D8;
15609 : 0D;
15610 : 01;
15611 : 2B;
15612 : 1A;
15613 : 1E;
15614 : F4;
15615 : 09;
15616 : F0;
15617 : 12;
15618 : EF;
15619 : 09;
15620 : EE;
15621 : E9;
15622 : 19;
15623 : F1;
15624 : 05;
15625 : 18;
15626 : 23;
15627 : 1F;
15628 : FB;
15629 : 19;
15630 : F2;
15631 : EB;
15632 : 13;
15633 : FD;
15634 : 19;
15635 : 11;
15636 : CF;
15637 : 07;
15638 : E1;
15639 : FC;
15640 : FD;
15641 : 13;
15642 : 14;
15643 : 1C;
15644 : FA;
15645 : F6;
15646 : E6;
15647 : 15;
15648 : E7;
15649 : 20;
15650 : 04;
15651 : FC;
15652 : 08;
15653 : 01;
15654 : 00;
15655 : 1F;
15656 : 1E;
15657 : 22;
15658 : 03;
15659 : 1A;
15660 : F1;
15661 : E9;
15662 : 0B;
15663 : 02;
15664 : 16;
15665 : 1A;
15666 : E5;
15667 : 0F;
15668 : E0;
15669 : 04;
15670 : 00;
15671 : 19;
15672 : 12;
15673 : 24;
15674 : 01;
15675 : E8;
15676 : E8;
15677 : 12;
15678 : EE;
15679 : 1B;
15680 : ED;
15681 : FA;
15682 : 02;
15683 : F9;
15684 : 09;
15685 : 15;
15686 : 12;
15687 : 06;
15688 : 0C;
15689 : 13;
15690 : 0A;
15691 : F2;
15692 : FD;
15693 : F5;
15694 : FF;
15695 : 20;
15696 : DA;
15697 : 03;
15698 : E1;
15699 : FE;
15700 : F4;
15701 : 1E;
15702 : 0A;
15703 : 18;
15704 : 09;
15705 : F5;
15706 : E0;
15707 : 08;
15708 : F5;
15709 : 05;
15710 : F3;
15711 : F3;
15712 : 05;
15713 : 05;
15714 : FE;
15715 : 1D;
15716 : 17;
15717 : E8;
15718 : 0F;
15719 : 0C;
15720 : 01;
15721 : F8;
15722 : FD;
15723 : E9;
15724 : 07;
15725 : 0B;
15726 : EE;
15727 : F9;
15728 : E7;
15729 : FE;
15730 : FE;
15731 : 19;
15732 : 06;
15733 : FD;
15734 : EF;
15735 : 0C;
15736 : FB;
15737 : 06;
15738 : 00;
15739 : 04;
15740 : E7;
15741 : 0A;
15742 : 00;
15743 : 0A;
15744 : FE;
15745 : 28;
15746 : 1B;
15747 : D8;
15748 : 0D;
15749 : FD;
15750 : F6;
15751 : EB;
15752 : 0D;
15753 : F4;
15754 : 08;
15755 : F6;
15756 : E8;
15757 : F2;
15758 : FD;
15759 : FD;
15760 : E1;
15761 : 17;
15762 : F5;
15763 : 0B;
15764 : F8;
15765 : 00;
15766 : E7;
15767 : FB;
15768 : F6;
15769 : FE;
15770 : E8;
15771 : 11;
15772 : F4;
15773 : 1B;
15774 : FB;
15775 : 14;
15776 : 24;
15777 : E3;
15778 : 34;
15779 : 29;
15780 : 06;
15781 : D3;
15782 : 05;
15783 : FA;
15784 : 00;
15785 : 24;
15786 : E3;
15787 : 12;
15788 : 0F;
15789 : 0B;
15790 : AD;
15791 : F8;
15792 : ED;
15793 : 06;
15794 : EF;
15795 : F4;
15796 : D1;
15797 : E2;
15798 : 08;
15799 : 01;
15800 : 07;
15801 : 1C;
15802 : F5;
15803 : 0D;
15804 : FF;
15805 : 1E;
15806 : 1D;
15807 : FD;
15808 : 48;
15809 : 2F;
15810 : D8;
15811 : C3;
15812 : 07;
15813 : 02;
15814 : 01;
15815 : 49;
15816 : DA;
15817 : F5;
15818 : 10;
15819 : 14;
15820 : A0;
15821 : 0A;
15822 : 02;
15823 : 1B;
15824 : EB;
15825 : 1E;
15826 : AC;
15827 : D4;
15828 : 15;
15829 : FA;
15830 : EE;
15831 : 11;
15832 : 03;
15833 : F2;
15834 : 10;
15835 : 20;
15836 : 10;
15837 : 11;
15838 : 43;
15839 : 29;
15840 : BD;
15841 : B7;
15842 : FA;
15843 : 2E;
15844 : EF;
15845 : 65;
15846 : E1;
15847 : EB;
15848 : 1C;
15849 : 0B;
15850 : 94;
15851 : 0F;
15852 : 58;
15853 : F6;
15854 : E3;
15855 : 0D;
15856 : 9E;
15857 : EB;
15858 : 28;
15859 : EF;
15860 : D5;
15861 : 0D;
15862 : 25;
15863 : D0;
15864 : FE;
15865 : 40;
15866 : F1;
15867 : 11;
15868 : 32;
15869 : 30;
15870 : 86;
15871 : E3;
15872 : 28;
15873 : 66;
15874 : C9;
15875 : 3E;
15876 : D1;
15877 : D6;
15878 : 17;
15879 : 35;
15880 : CC;
15881 : 5C;
15882 : 4F;
15883 : 41;
15884 : F0;
15885 : D8;
15886 : B2;
15887 : EA;
15888 : 06;
15889 : B1;
15890 : AE;
15891 : F5;
15892 : 27;
15893 : D5;
15894 : C7;
15895 : 2D;
15896 : FC;
15897 : 21;
15898 : 23;
15899 : 56;
15900 : C4;
15901 : F9;
15902 : 35;
15903 : 3D;
15904 : DB;
15905 : F7;
15906 : 03;
15907 : C5;
15908 : 3F;
15909 : 35;
15910 : EA;
15911 : 0A;
15912 : 06;
15913 : 35;
15914 : 0C;
15915 : E3;
15916 : 02;
15917 : 09;
15918 : 09;
15919 : F5;
15920 : F5;
15921 : 2B;
15922 : FB;
15923 : 05;
15924 : F8;
15925 : 26;
15926 : D4;
15927 : 07;
15928 : E8;
15929 : 1D;
15930 : DE;
15931 : F8;
15932 : 17;
15933 : 23;
15934 : E1;
15935 : 0A;
15936 : EC;
15937 : E7;
15938 : 1A;
15939 : 31;
15940 : 03;
15941 : F8;
15942 : F4;
15943 : 17;
15944 : FB;
15945 : 01;
15946 : F5;
15947 : 0A;
15948 : 1D;
15949 : E9;
15950 : E3;
15951 : 17;
15952 : 16;
15953 : 0E;
15954 : F6;
15955 : 18;
15956 : F0;
15957 : 0A;
15958 : F7;
15959 : 1F;
15960 : 0D;
15961 : 05;
15962 : 03;
15963 : F9;
15964 : 09;
15965 : 08;
15966 : 13;
15967 : 04;
15968 : F6;
15969 : FF;
15970 : 06;
15971 : 06;
15972 : FA;
15973 : 02;
15974 : F2;
15975 : 07;
15976 : 02;
15977 : 0A;
15978 : F5;
15979 : F4;
15980 : 01;
15981 : 02;
15982 : F6;
15983 : FC;
15984 : 05;
15985 : FB;
15986 : FE;
15987 : ED;
15988 : ED;
15989 : 08;
15990 : FB;
15991 : DC;
15992 : 0C;
15993 : F3;
15994 : 17;
15995 : 00;
15996 : 0D;
15997 : 0E;
15998 : 14;
15999 : 19;
16000 : 05;
16001 : F4;
16002 : 11;
16003 : EC;
16004 : F9;
16005 : DE;
16006 : F2;
16007 : F9;
16008 : EF;
16009 : 1C;
16010 : 09;
16011 : 0F;
16012 : D8;
16013 : 03;
16014 : EC;
16015 : EE;
16016 : F4;
16017 : 0D;
16018 : F0;
16019 : 20;
16020 : F8;
16021 : DD;
16022 : 08;
16023 : BA;
16024 : 2C;
16025 : E9;
16026 : 08;
16027 : 1C;
16028 : CC;
16029 : 15;
16030 : F3;
16031 : FB;
16032 : FE;
16033 : FB;
16034 : FC;
16035 : F9;
16036 : 00;
16037 : 03;
16038 : EB;
16039 : 15;
16040 : 2B;
16041 : 1B;
16042 : 11;
16043 : 06;
16044 : E2;
16045 : 09;
16046 : 1F;
16047 : D3;
16048 : DF;
16049 : 00;
16050 : F7;
16051 : AE;
16052 : 28;
16053 : 05;
16054 : 42;
16055 : D2;
16056 : BA;
16057 : 1B;
16058 : CE;
16059 : 32;
16060 : CA;
16061 : F4;
16062 : C7;
16063 : 2E;
16064 : 1F;
16065 : F9;
16066 : FA;
16067 : EE;
16068 : 1A;
16069 : 1B;
16070 : F7;
16071 : FF;
16072 : 05;
16073 : 2A;
16074 : F6;
16075 : 1F;
16076 : 35;
16077 : ED;
16078 : 1F;
16079 : 3C;
16080 : F0;
16081 : A2;
16082 : 39;
16083 : 0D;
16084 : 2A;
16085 : 08;
16086 : E2;
16087 : E0;
16088 : FC;
16089 : 3F;
16090 : DB;
16091 : 01;
16092 : 13;
16093 : 1A;
16094 : FA;
16095 : 06;
16096 : F5;
16097 : BE;
16098 : 12;
16099 : 27;
16100 : 0F;
16101 : FD;
16102 : 2D;
16103 : 15;
16104 : E7;
16105 : 0F;
16106 : 27;
16107 : F9;
16108 : 1E;
16109 : 21;
16110 : 09;
16111 : A8;
16112 : 0E;
16113 : F5;
16114 : FA;
16115 : 21;
16116 : E4;
16117 : E2;
16118 : F9;
16119 : 2A;
16120 : D7;
16121 : F0;
16122 : 16;
16123 : 0A;
16124 : 0D;
16125 : 11;
16126 : 02;
16127 : B4;
16128 : 12;
16129 : 2C;
16130 : 22;
16131 : E8;
16132 : 12;
16133 : FF;
16134 : FE;
16135 : 09;
16136 : 16;
16137 : 20;
16138 : 2A;
16139 : FC;
16140 : 2A;
16141 : 94;
16142 : EE;
16143 : F1;
16144 : F7;
16145 : 38;
16146 : E8;
16147 : 03;
16148 : FD;
16149 : 0E;
16150 : E9;
16151 : 15;
16152 : 0B;
16153 : FE;
16154 : 15;
16155 : 05;
16156 : F3;
16157 : BE;
16158 : 13;
16159 : 17;
16160 : 08;
16161 : F1;
16162 : 0E;
16163 : 08;
16164 : 09;
16165 : 0B;
16166 : 20;
16167 : 09;
16168 : 01;
16169 : 0F;
16170 : 28;
16171 : B2;
16172 : E7;
16173 : FB;
16174 : FD;
16175 : 5C;
16176 : FB;
16177 : 08;
16178 : 18;
16179 : 16;
16180 : DC;
16181 : 12;
16182 : 03;
16183 : 09;
16184 : 12;
16185 : ED;
16186 : EE;
16187 : CA;
16188 : 11;
16189 : FA;
16190 : FD;
16191 : 04;
16192 : 09;
16193 : ED;
16194 : 00;
16195 : 00;
16196 : 0B;
16197 : 14;
16198 : FD;
16199 : 19;
16200 : 37;
16201 : DC;
16202 : E6;
16203 : 08;
16204 : F6;
16205 : 67;
16206 : EC;
16207 : F7;
16208 : 14;
16209 : F9;
16210 : DF;
16211 : 1F;
16212 : 03;
16213 : E3;
16214 : 1A;
16215 : F2;
16216 : F7;
16217 : E1;
16218 : 0A;
16219 : 17;
16220 : 09;
16221 : 0A;
16222 : 0A;
16223 : F6;
16224 : 02;
16225 : 0C;
16226 : 0B;
16227 : 16;
16228 : FB;
16229 : 2C;
16230 : 31;
16231 : 1C;
16232 : D7;
16233 : 1B;
16234 : EE;
16235 : 7F;
16236 : F9;
16237 : 03;
16238 : 1E;
16239 : FA;
16240 : E0;
16241 : 11;
16242 : F6;
16243 : D7;
16244 : 1B;
16245 : E4;
16246 : D8;
16247 : ED;
16248 : 09;
16249 : 15;
16250 : F9;
16251 : 05;
16252 : F8;
16253 : F5;
16254 : 16;
16255 : 0A;
16256 : 0B;
16257 : 12;
16258 : E3;
16259 : 30;
16260 : 04;
16261 : 3B;
16262 : E1;
16263 : 15;
16264 : E3;
16265 : 6B;
16266 : EA;
16267 : 0C;
16268 : 1D;
16269 : E6;
16270 : E9;
16271 : 16;
16272 : 05;
16273 : C6;
16274 : 25;
16275 : F3;
16276 : D8;
16277 : F8;
16278 : 08;
16279 : FA;
16280 : EF;
16281 : F3;
16282 : E7;
16283 : EA;
16284 : 08;
16285 : 0C;
16286 : 0B;
16287 : 1E;
16288 : F0;
16289 : 38;
16290 : DA;
16291 : 3A;
16292 : E6;
16293 : 23;
16294 : DC;
16295 : 59;
16296 : F6;
16297 : 04;
16298 : 12;
16299 : DD;
16300 : 01;
16301 : 23;
16302 : 20;
16303 : BF;
16304 : 1A;
16305 : F6;
16306 : D6;
16307 : 1E;
16308 : EE;
16309 : 04;
16310 : EF;
16311 : E1;
16312 : FF;
16313 : DB;
16314 : 15;
16315 : EC;
16316 : 1D;
16317 : 0C;
16318 : FB;
16319 : 45;
16320 : B4;
16321 : 28;
16322 : EF;
16323 : 2E;
16324 : CD;
16325 : 6A;
16326 : 13;
16327 : 02;
16328 : 17;
16329 : DF;
16330 : F2;
16331 : 09;
16332 : 36;
16333 : EB;
16334 : 11;
16335 : 01;
16336 : E2;
16337 : 1E;
16338 : F6;
16339 : 03;
16340 : 0E;
16341 : FB;
16342 : FB;
16343 : E1;
16344 : 14;
16345 : EE;
16346 : 1D;
16347 : FA;
16348 : F8;
16349 : 48;
16350 : C8;
16351 : 0E;
16352 : ED;
16353 : 2C;
16354 : CD;
16355 : 49;
16356 : 08;
16357 : FC;
16358 : 03;
16359 : 01;
16360 : 03;
16361 : 02;
16362 : 2F;
16363 : 22;
16364 : 05;
16365 : ED;
16366 : F1;
16367 : 14;
16368 : E3;
16369 : F1;
16370 : FF;
16371 : F7;
16372 : 0E;
16373 : F9;
16374 : 19;
16375 : 00;
16376 : 20;
16377 : E1;
16378 : E7;
16379 : 30;
16380 : E4;
16381 : 09;
16382 : 07;
16383 : 2A;
16384 : F0;
16385 : 30;
16386 : FF;
16387 : F1;
16388 : 09;
16389 : F8;
16390 : 04;
16391 : 08;
16392 : 31;
16393 : 45;
16394 : F0;
16395 : ED;
16396 : 04;
16397 : 1B;
16398 : E1;
16399 : FA;
16400 : FC;
16401 : F1;
16402 : 1C;
16403 : F3;
16404 : 0B;
16405 : F5;
16406 : 20;
16407 : F4;
16408 : F0;
16409 : 22;
16410 : F8;
16411 : 09;
16412 : 0E;
16413 : 0D;
16414 : 08;
16415 : 22;
16416 : DF;
16417 : 02;
16418 : 02;
16419 : 11;
16420 : F6;
16421 : 12;
16422 : 16;
16423 : 1C;
16424 : EE;
16425 : 02;
16426 : 07;
16427 : 14;
16428 : D8;
16429 : E7;
16430 : ED;
16431 : E1;
16432 : 0F;
16433 : DE;
16434 : 27;
16435 : 13;
16436 : 27;
16437 : 15;
16438 : 02;
16439 : 27;
16440 : 02;
16441 : F9;
16442 : 0B;
16443 : FD;
16444 : 0F;
16445 : 20;
16446 : C2;
16447 : 1F;
16448 : F2;
16449 : 08;
16450 : EF;
16451 : 1B;
16452 : 09;
16453 : 24;
16454 : F2;
16455 : 05;
16456 : F5;
16457 : 0E;
16458 : F3;
16459 : EB;
16460 : DA;
16461 : F7;
16462 : 0C;
16463 : F3;
16464 : 12;
16465 : 22;
16466 : 1A;
16467 : 0D;
16468 : 0C;
16469 : 21;
16470 : 0E;
16471 : F1;
16472 : 0A;
16473 : FE;
16474 : 0D;
16475 : 1A;
16476 : D0;
16477 : 2A;
16478 : E9;
16479 : 00;
16480 : E8;
16481 : 11;
16482 : 0B;
16483 : 1D;
16484 : 03;
16485 : F7;
16486 : E0;
16487 : 04;
16488 : EE;
16489 : FA;
16490 : E6;
16491 : 0E;
16492 : 03;
16493 : FA;
16494 : 18;
16495 : 28;
16496 : 1B;
16497 : 0A;
16498 : 18;
16499 : 26;
16500 : 14;
16501 : E8;
16502 : 0A;
16503 : FB;
16504 : 0A;
16505 : 24;
16506 : DB;
16507 : 2C;
16508 : F7;
16509 : F3;
16510 : DB;
16511 : 1A;
16512 : F1;
16513 : 2A;
16514 : F9;
16515 : 0D;
16516 : F4;
16517 : F1;
16518 : F4;
16519 : 00;
16520 : F6;
16521 : 05;
16522 : 09;
16523 : F4;
16524 : 07;
16525 : 27;
16526 : 1E;
16527 : FD;
16528 : 14;
16529 : 1C;
16530 : 03;
16531 : EA;
16532 : 0C;
16533 : DD;
16534 : 05;
16535 : 0D;
16536 : D3;
16537 : 16;
16538 : F0;
16539 : F3;
16540 : EE;
16541 : 09;
16542 : ED;
16543 : 24;
16544 : F4;
16545 : 09;
16546 : FC;
16547 : EE;
16548 : F5;
16549 : F1;
16550 : FF;
16551 : 09;
16552 : FC;
16553 : 0F;
16554 : 00;
16555 : 22;
16556 : 12;
16557 : EF;
16558 : 09;
16559 : 0C;
16560 : 07;
16561 : EF;
16562 : 0C;
16563 : F2;
16564 : 01;
16565 : 0A;
16566 : CF;
16567 : 05;
16568 : EE;
16569 : 03;
16570 : DD;
16571 : 11;
16572 : F6;
16573 : 07;
16574 : EF;
16575 : 15;
16576 : FD;
16577 : D3;
16578 : 0A;
16579 : ED;
16580 : F3;
16581 : 03;
16582 : 08;
16583 : 0B;
16584 : F5;
16585 : 11;
16586 : 0C;
16587 : DB;
16588 : 11;
16589 : 12;
16590 : 08;
16591 : E2;
16592 : 1A;
16593 : FB;
16594 : 07;
16595 : FC;
16596 : EF;
16597 : 01;
16598 : FF;
16599 : FB;
16600 : D3;
16601 : 0F;
16602 : F8;
16603 : 10;
16604 : E9;
16605 : 1A;
16606 : E7;
16607 : CA;
16608 : 09;
16609 : E6;
16610 : F1;
16611 : 08;
16612 : FB;
16613 : F1;
16614 : 0D;
16615 : 1C;
16616 : 08;
16617 : EC;
16618 : 40;
16619 : 25;
16620 : 05;
16621 : CE;
16622 : FA;
16623 : 01;
16624 : F0;
16625 : 2A;
16626 : D8;
16627 : 26;
16628 : 0A;
16629 : FD;
16630 : 91;
16631 : FD;
16632 : F7;
16633 : F8;
16634 : D6;
16635 : 27;
16636 : C9;
16637 : A0;
16638 : 04;
16639 : F3;
16640 : F5;
16641 : 1E;
16642 : F7;
16643 : 02;
16644 : 0B;
16645 : 13;
16646 : 0C;
16647 : FB;
16648 : 4D;
16649 : 2C;
16650 : E0;
16651 : B9;
16652 : FF;
16653 : 01;
16654 : 08;
16655 : 4B;
16656 : D2;
16657 : F7;
16658 : 0B;
16659 : EC;
16660 : 9B;
16661 : F5;
16662 : 13;
16663 : 12;
16664 : E4;
16665 : 1C;
16666 : BF;
16667 : 9C;
16668 : 10;
16669 : EF;
16670 : 12;
16671 : FB;
16672 : 13;
16673 : FD;
16674 : 16;
16675 : 19;
16676 : 07;
16677 : 01;
16678 : 40;
16679 : 03;
16680 : D5;
16681 : D0;
16682 : F7;
16683 : 14;
16684 : FC;
16685 : 62;
16686 : E4;
16687 : E2;
16688 : 14;
16689 : 07;
16690 : B9;
16691 : 19;
16692 : 44;
16693 : F7;
16694 : D4;
16695 : F4;
16696 : C3;
16697 : D4;
16698 : F8;
16699 : F3;
16700 : EA;
16701 : F0;
16702 : 2B;
16703 : EE;
16704 : 07;
16705 : 20;
16706 : 07;
16707 : 00;
16708 : 1B;
16709 : 09;
16710 : B0;
16711 : E8;
16712 : 2C;
16713 : 4B;
16714 : D3;
16715 : 2A;
16716 : F2;
16717 : F0;
16718 : 29;
16719 : 34;
16720 : D3;
16721 : 53;
16722 : 2B;
16723 : 3D;
16724 : F2;
16725 : E4;
16726 : C4;
16727 : CF;
16728 : 18;
16729 : B0;
16730 : CC;
16731 : 04;
16732 : 27;
16733 : E6;
16734 : F0;
16735 : 26;
16736 : EF;
16737 : 05;
16738 : F8;
16739 : 49;
16740 : C2;
16741 : F1;
16742 : 2A;
16743 : 33;
16744 : D4;
16745 : 05;
16746 : F4;
16747 : DB;
16748 : 31;
16749 : 42;
16750 : D8;
16751 : 2A;
16752 : 0D;
16753 : 30;
16754 : 12;
16755 : 04;
16756 : E1;
16757 : F5;
16758 : 30;
16759 : D3;
16760 : C2;
16761 : 23;
16762 : 1B;
16763 : FC;
16764 : F7;
16765 : 1A;
16766 : DE;
16767 : 13;
16768 : F8;
16769 : 2D;
16770 : E7;
16771 : 01;
16772 : 11;
16773 : 1B;
16774 : E8;
16775 : 10;
16776 : 12;
16777 : FA;
16778 : 05;
16779 : 14;
16780 : 0E;
16781 : 03;
16782 : E8;
16783 : 11;
16784 : EE;
16785 : F5;
16786 : FF;
16787 : 19;
16788 : 0D;
16789 : F6;
16790 : EE;
16791 : 0D;
16792 : 08;
16793 : 00;
16794 : F7;
16795 : 0E;
16796 : EF;
16797 : 0A;
16798 : F9;
16799 : 10;
16800 : 04;
16801 : FD;
16802 : 04;
16803 : FE;
16804 : 05;
16805 : F6;
16806 : FA;
16807 : F7;
16808 : FE;
16809 : 08;
16810 : 05;
16811 : FF;
16812 : 0A;
16813 : 05;
16814 : 05;
16815 : FA;
16816 : 08;
16817 : FF;
16818 : 0A;
16819 : 04;
16820 : 00;
16821 : F8;
16822 : 0A;
16823 : 02;
16824 : 0A;
16825 : F6;
16826 : 02;
16827 : F9;
16828 : FC;
16829 : 06;
16830 : 22;
16831 : DD;
16832 : 0D;
16833 : EF;
16834 : 07;
16835 : 00;
16836 : 02;
16837 : 0D;
16838 : 03;
16839 : 0C;
16840 : EA;
16841 : 02;
16842 : 14;
16843 : F6;
16844 : F5;
16845 : F4;
16846 : E9;
16847 : FA;
16848 : FC;
16849 : 1A;
16850 : 16;
16851 : 0E;
16852 : E7;
16853 : FF;
16854 : F1;
16855 : F6;
16856 : 09;
16857 : 0D;
16858 : 06;
16859 : 1C;
16860 : F6;
16861 : D0;
16862 : 04;
16863 : D8;
16864 : 0D;
16865 : F1;
16866 : ED;
16867 : F7;
16868 : D3;
16869 : 15;
16870 : DF;
16871 : 1C;
16872 : 1D;
16873 : E3;
16874 : FE;
16875 : F6;
16876 : FB;
16877 : E4;
16878 : 04;
16879 : 24;
16880 : 09;
16881 : E3;
16882 : 12;
16883 : E2;
16884 : E6;
16885 : 08;
16886 : 22;
16887 : E4;
16888 : 0A;
16889 : 19;
16890 : 03;
16891 : AA;
16892 : 37;
16893 : 08;
16894 : 34;
16895 : C5;
16896 : B3;
16897 : 08;
16898 : D8;
16899 : 39;
16900 : CC;
16901 : 04;
16902 : DD;
16903 : 32;
16904 : 0D;
16905 : F5;
16906 : FB;
16907 : B9;
16908 : 1B;
16909 : 1C;
16910 : 00;
16911 : E1;
16912 : 16;
16913 : 0B;
16914 : E1;
16915 : 32;
16916 : 42;
16917 : E4;
16918 : 29;
16919 : 48;
16920 : DD;
16921 : A0;
16922 : 3F;
16923 : 0E;
16924 : 10;
16925 : F4;
16926 : DC;
16927 : FF;
16928 : FE;
16929 : 32;
16930 : B9;
16931 : 13;
16932 : 03;
16933 : 0B;
16934 : FC;
16935 : EF;
16936 : F5;
16937 : B8;
16938 : 07;
16939 : 14;
16940 : 0A;
16941 : 13;
16942 : 23;
16943 : FC;
16944 : E7;
16945 : 24;
16946 : 27;
16947 : 1C;
16948 : 35;
16949 : 34;
16950 : 18;
16951 : 99;
16952 : 2B;
16953 : F5;
16954 : F8;
16955 : 0D;
16956 : DE;
16957 : FF;
16958 : FF;
16959 : 18;
16960 : BA;
16961 : 0C;
16962 : 10;
16963 : FE;
16964 : 03;
16965 : EB;
16966 : 06;
16967 : 8A;
16968 : 08;
16969 : 31;
16970 : 22;
16971 : 0F;
16972 : 26;
16973 : 08;
16974 : EF;
16975 : 0A;
16976 : 26;
16977 : 2F;
16978 : 1D;
16979 : 0D;
16980 : 1F;
16981 : B2;
16982 : 08;
16983 : F4;
16984 : F9;
16985 : 23;
16986 : ED;
16987 : 15;
16988 : 00;
16989 : 16;
16990 : CA;
16991 : 08;
16992 : FE;
16993 : 0A;
16994 : 15;
16995 : F5;
16996 : FA;
16997 : BC;
16998 : 18;
16999 : 06;
17000 : 0A;
17001 : 1B;
17002 : 06;
17003 : 1E;
17004 : 00;
17005 : 15;
17006 : 1F;
17007 : 14;
17008 : 15;
17009 : 1D;
17010 : 1F;
17011 : D0;
17012 : 03;
17013 : F8;
17014 : ED;
17015 : 39;
17016 : D5;
17017 : 1A;
17018 : 23;
17019 : 18;
17020 : D7;
17021 : 02;
17022 : F3;
17023 : 00;
17024 : 1A;
17025 : F4;
17026 : EE;
17027 : CD;
17028 : 0E;
17029 : F4;
17030 : FE;
17031 : 24;
17032 : 01;
17033 : 0D;
17034 : 0D;
17035 : 0B;
17036 : 20;
17037 : 12;
17038 : 06;
17039 : 23;
17040 : 2F;
17041 : DA;
17042 : 09;
17043 : FD;
17044 : F6;
17045 : 36;
17046 : E6;
17047 : 0C;
17048 : 12;
17049 : 0D;
17050 : DD;
17051 : 1F;
17052 : 00;
17053 : F7;
17054 : 18;
17055 : E8;
17056 : FF;
17057 : D8;
17058 : 03;
17059 : 05;
17060 : 01;
17061 : 23;
17062 : 01;
17063 : 0C;
17064 : 0D;
17065 : 18;
17066 : 2B;
17067 : 0A;
17068 : F6;
17069 : 22;
17070 : 2B;
17071 : 0E;
17072 : 13;
17073 : 08;
17074 : EA;
17075 : 3C;
17076 : CB;
17077 : 0F;
17078 : 03;
17079 : EE;
17080 : CC;
17081 : 18;
17082 : F1;
17083 : E0;
17084 : 1A;
17085 : D8;
17086 : F8;
17087 : E3;
17088 : 07;
17089 : 07;
17090 : ED;
17091 : 16;
17092 : F0;
17093 : E8;
17094 : 0E;
17095 : 20;
17096 : 32;
17097 : 15;
17098 : F0;
17099 : 29;
17100 : 29;
17101 : 28;
17102 : 0D;
17103 : 0F;
17104 : E0;
17105 : 34;
17106 : EA;
17107 : 1B;
17108 : 16;
17109 : E8;
17110 : E2;
17111 : 13;
17112 : 0D;
17113 : CF;
17114 : 14;
17115 : E1;
17116 : F0;
17117 : FD;
17118 : F4;
17119 : 00;
17120 : ED;
17121 : 0D;
17122 : D9;
17123 : D9;
17124 : 19;
17125 : 19;
17126 : 3C;
17127 : 0F;
17128 : F4;
17129 : 32;
17130 : FB;
17131 : 27;
17132 : 26;
17133 : 19;
17134 : DA;
17135 : 44;
17136 : E9;
17137 : 1F;
17138 : 19;
17139 : 02;
17140 : E9;
17141 : 10;
17142 : 1F;
17143 : C8;
17144 : 04;
17145 : FB;
17146 : E2;
17147 : 13;
17148 : E7;
17149 : 03;
17150 : E7;
17151 : 0B;
17152 : DD;
17153 : DB;
17154 : 1C;
17155 : F4;
17156 : 44;
17157 : 0A;
17158 : F1;
17159 : 3D;
17160 : E8;
17161 : 22;
17162 : 27;
17163 : 1C;
17164 : D4;
17165 : 45;
17166 : FA;
17167 : 21;
17168 : 19;
17169 : F0;
17170 : F6;
17171 : 0A;
17172 : 20;
17173 : CA;
17174 : F9;
17175 : F1;
17176 : F0;
17177 : 20;
17178 : D2;
17179 : 0C;
17180 : EE;
17181 : 19;
17182 : EC;
17183 : D8;
17184 : 10;
17185 : DE;
17186 : 46;
17187 : 06;
17188 : F7;
17189 : 23;
17190 : EF;
17191 : 13;
17192 : 2A;
17193 : 17;
17194 : F9;
17195 : 38;
17196 : F6;
17197 : 26;
17198 : 14;
17199 : F0;
17200 : F8;
17201 : F2;
17202 : 23;
17203 : 05;
17204 : F2;
17205 : E9;
17206 : F7;
17207 : 09;
17208 : D6;
17209 : 01;
17210 : F7;
17211 : 02;
17212 : 03;
17213 : E3;
17214 : 07;
17215 : E8;
17216 : 30;
17217 : 06;
17218 : F5;
17219 : 12;
17220 : F8;
17221 : 0D;
17222 : 20;
17223 : 0F;
17224 : 15;
17225 : 18;
17226 : F5;
17227 : 3A;
17228 : 04;
17229 : EF;
17230 : 09;
17231 : F4;
17232 : 17;
17233 : 10;
17234 : FF;
17235 : ED;
17236 : FC;
17237 : 0F;
17238 : D3;
17239 : E7;
17240 : E3;
17241 : 09;
17242 : FE;
17243 : E0;
17244 : 0A;
17245 : E5;
17246 : 25;
17247 : EC;
17248 : 02;
17249 : 22;
17250 : 02;
17251 : F4;
17252 : 1E;
17253 : 09;
17254 : 10;
17255 : 1A;
17256 : E3;
17257 : 39;
17258 : 05;
17259 : FC;
17260 : F1;
17261 : 01;
17262 : 14;
17263 : 08;
17264 : 02;
17265 : F8;
17266 : 00;
17267 : 0E;
17268 : D8;
17269 : E8;
17270 : DF;
17271 : 05;
17272 : F8;
17273 : DF;
17274 : 21;
17275 : F6;
17276 : 1B;
17277 : 0B;
17278 : 09;
17279 : 1A;
17280 : 0F;
17281 : 05;
17282 : 26;
17283 : ED;
17284 : 1D;
17285 : 0F;
17286 : EC;
17287 : 29;
17288 : F9;
17289 : 0F;
17290 : FA;
17291 : 08;
17292 : 01;
17293 : 1A;
17294 : EC;
17295 : 0B;
17296 : EB;
17297 : 0E;
17298 : E0;
17299 : F0;
17300 : DD;
17301 : F9;
17302 : 06;
17303 : F1;
17304 : 18;
17305 : 1F;
17306 : 16;
17307 : F6;
17308 : 03;
17309 : 1D;
17310 : 17;
17311 : FE;
17312 : 17;
17313 : F7;
17314 : 00;
17315 : 15;
17316 : E6;
17317 : 2A;
17318 : EB;
17319 : F8;
17320 : E5;
17321 : 08;
17322 : 01;
17323 : 1F;
17324 : E9;
17325 : 17;
17326 : F6;
17327 : 09;
17328 : E6;
17329 : E8;
17330 : E5;
17331 : 06;
17332 : 06;
17333 : FE;
17334 : 21;
17335 : 28;
17336 : 01;
17337 : EE;
17338 : F6;
17339 : 0F;
17340 : 1C;
17341 : FD;
17342 : 0F;
17343 : F1;
17344 : 01;
17345 : 12;
17346 : DE;
17347 : 34;
17348 : F1;
17349 : FA;
17350 : CF;
17351 : 02;
17352 : EB;
17353 : 1E;
17354 : F9;
17355 : 1C;
17356 : E2;
17357 : FA;
17358 : E9;
17359 : DF;
17360 : E0;
17361 : 07;
17362 : 05;
17363 : F1;
17364 : 27;
17365 : 1C;
17366 : 12;
17367 : F2;
17368 : 06;
17369 : 2C;
17370 : 14;
17371 : EC;
17372 : 15;
17373 : FC;
17374 : F3;
17375 : 10;
17376 : DA;
17377 : 1B;
17378 : EB;
17379 : 04;
17380 : D1;
17381 : 0F;
17382 : FE;
17383 : 06;
17384 : EC;
17385 : 18;
17386 : E4;
17387 : D3;
17388 : 00;
17389 : E6;
17390 : F0;
17391 : 0D;
17392 : 06;
17393 : F8;
17394 : 09;
17395 : 14;
17396 : 0B;
17397 : E3;
17398 : 0E;
17399 : 18;
17400 : 11;
17401 : E2;
17402 : 0C;
17403 : FD;
17404 : 00;
17405 : 02;
17406 : D8;
17407 : 2E;
17408 : F5;
17409 : 01;
17410 : C2;
17411 : F9;
17412 : F2;
17413 : 08;
17414 : FA;
17415 : 27;
17416 : E5;
17417 : A9;
17418 : 03;
17419 : DC;
17420 : E6;
17421 : 18;
17422 : FA;
17423 : FD;
17424 : 23;
17425 : 1A;
17426 : 0E;
17427 : ED;
17428 : 37;
17429 : 25;
17430 : 0A;
17431 : D7;
17432 : 0C;
17433 : F0;
17434 : EC;
17435 : 0A;
17436 : E7;
17437 : 1E;
17438 : 08;
17439 : 0C;
17440 : BC;
17441 : 02;
17442 : 01;
17443 : FF;
17444 : EA;
17445 : 34;
17446 : E0;
17447 : A7;
17448 : 0A;
17449 : E4;
17450 : E4;
17451 : 10;
17452 : 03;
17453 : E7;
17454 : 1A;
17455 : 0C;
17456 : FD;
17457 : E9;
17458 : 32;
17459 : 18;
17460 : F2;
17461 : B1;
17462 : 09;
17463 : ED;
17464 : F4;
17465 : 26;
17466 : E7;
17467 : 22;
17468 : 04;
17469 : 00;
17470 : AB;
17471 : 02;
17472 : 13;
17473 : E7;
17474 : DF;
17475 : 38;
17476 : DB;
17477 : 88;
17478 : FD;
17479 : F7;
17480 : FD;
17481 : 0E;
17482 : 0C;
17483 : 04;
17484 : 19;
17485 : 27;
17486 : 0C;
17487 : E8;
17488 : 47;
17489 : FE;
17490 : CF;
17491 : CD;
17492 : 07;
17493 : FD;
17494 : 07;
17495 : 2E;
17496 : DA;
17497 : F2;
17498 : 0F;
17499 : FE;
17500 : BF;
17501 : 06;
17502 : 0F;
17503 : F7;
17504 : EB;
17505 : 1C;
17506 : D9;
17507 : 9D;
17508 : 0D;
17509 : EC;
17510 : 01;
17511 : EB;
17512 : 36;
17513 : 0F;
17514 : 01;
17515 : 27;
17516 : 07;
17517 : FC;
17518 : 47;
17519 : FA;
17520 : CA;
17521 : F2;
17522 : EB;
17523 : 12;
17524 : F8;
17525 : 3D;
17526 : FB;
17527 : D4;
17528 : 0B;
17529 : 03;
17530 : E2;
17531 : 2C;
17532 : 30;
17533 : 1B;
17534 : E6;
17535 : E9;
17536 : C1;
17537 : BF;
17538 : 08;
17539 : CF;
17540 : F4;
17541 : E2;
17542 : 31;
17543 : 09;
17544 : F5;
17545 : 15;
17546 : 0C;
17547 : E5;
17548 : 2C;
17549 : FD;
17550 : BF;
17551 : EA;
17552 : 27;
17553 : 26;
17554 : FD;
17555 : 09;
17556 : FA;
17557 : D9;
17558 : 0E;
17559 : 1A;
17560 : EB;
17561 : 29;
17562 : 1D;
17563 : 29;
17564 : EC;
17565 : E0;
17566 : DD;
17567 : CF;
17568 : 23;
17569 : B0;
17570 : F9;
17571 : 07;
17572 : 25;
17573 : 0C;
17574 : D8;
17575 : 18;
17576 : 09;
17577 : EC;
17578 : 15;
17579 : 26;
17580 : C9;
17581 : 0E;
17582 : 1F;
17583 : 37;
17584 : E3;
17585 : 01;
17586 : 06;
17587 : FE;
17588 : 2F;
17589 : 2B;
17590 : E9;
17591 : 19;
17592 : FB;
17593 : 33;
17594 : 07;
17595 : F8;
17596 : 01;
17597 : 12;
17598 : 07;
17599 : E3;
17600 : C8;
17601 : 28;
17602 : F7;
17603 : 02;
17604 : FD;
17605 : 17;
17606 : F7;
17607 : 06;
17608 : EE;
17609 : 42;
17610 : FE;
17611 : FB;
17612 : 04;
17613 : FA;
17614 : 06;
17615 : 02;
17616 : 10;
17617 : 03;
17618 : F1;
17619 : 05;
17620 : 11;
17621 : 01;
17622 : FC;
17623 : 05;
17624 : 01;
17625 : F3;
17626 : 14;
17627 : FC;
17628 : F5;
17629 : F5;
17630 : F5;
17631 : FE;
17632 : F7;
17633 : 07;
17634 : 02;
17635 : 0D;
17636 : 07;
17637 : F6;
17638 : FD;
17639 : FC;
17640 : 0F;
17641 : 01;
17642 : F6;
17643 : 0D;
17644 : F2;
17645 : 0D;
17646 : 0E;
17647 : 09;
17648 : F2;
17649 : 0F;
17650 : 09;
17651 : F8;
17652 : EF;
17653 : 01;
17654 : FF;
17655 : EF;
17656 : 12;
17657 : 06;
17658 : FE;
17659 : F0;
17660 : 00;
17661 : F9;
17662 : FA;
17663 : 0C;
17664 : 0F;
17665 : FE;
17666 : 05;
17667 : EE;
17668 : FA;
17669 : 15;
17670 : 12;
17671 : E3;
17672 : 0F;
17673 : EC;
17674 : FF;
17675 : F1;
17676 : F6;
17677 : FB;
17678 : 08;
17679 : 0B;
17680 : F1;
17681 : 04;
17682 : F5;
17683 : 0A;
17684 : 03;
17685 : F2;
17686 : FF;
17687 : F3;
17688 : 18;
17689 : 01;
17690 : F7;
17691 : F8;
17692 : EA;
17693 : FC;
17694 : 02;
17695 : 03;
17696 : FB;
17697 : 08;
17698 : 0F;
17699 : 0C;
17700 : FA;
17701 : CF;
17702 : 28;
17703 : EE;
17704 : 04;
17705 : EC;
17706 : CD;
17707 : 02;
17708 : E0;
17709 : 46;
17710 : DF;
17711 : 10;
17712 : FC;
17713 : 14;
17714 : 28;
17715 : 01;
17716 : F0;
17717 : D3;
17718 : 13;
17719 : 2D;
17720 : EF;
17721 : DA;
17722 : F5;
17723 : F2;
17724 : E3;
17725 : 1A;
17726 : 23;
17727 : F6;
17728 : 36;
17729 : 30;
17730 : FA;
17731 : AB;
17732 : 35;
17733 : 0F;
17734 : 16;
17735 : CE;
17736 : C9;
17737 : 06;
17738 : BF;
17739 : 26;
17740 : B7;
17741 : 2C;
17742 : EE;
17743 : 0C;
17744 : F6;
17745 : DD;
17746 : 03;
17747 : B3;
17748 : 0F;
17749 : 10;
17750 : F0;
17751 : E2;
17752 : 0D;
17753 : FC;
17754 : EF;
17755 : 1E;
17756 : 37;
17757 : F9;
17758 : 22;
17759 : 49;
17760 : FC;
17761 : B7;
17762 : 28;
17763 : 10;
17764 : FC;
17765 : E9;
17766 : D0;
17767 : 02;
17768 : DC;
17769 : 28;
17770 : D5;
17771 : 1C;
17772 : 03;
17773 : FA;
17774 : F7;
17775 : F6;
17776 : 1B;
17777 : A7;
17778 : 01;
17779 : 13;
17780 : FB;
17781 : 0E;
17782 : 16;
17783 : 04;
17784 : FB;
17785 : 23;
17786 : 2C;
17787 : 09;
17788 : 11;
17789 : 3B;
17790 : 0A;
17791 : BB;
17792 : 18;
17793 : 10;
17794 : F1;
17795 : 03;
17796 : F2;
17797 : 07;
17798 : 08;
17799 : 0F;
17800 : D8;
17801 : 06;
17802 : F6;
17803 : F2;
17804 : EB;
17805 : E3;
17806 : 0B;
17807 : D0;
17808 : F4;
17809 : FA;
17810 : FA;
17811 : 42;
17812 : 15;
17813 : 1A;
17814 : E7;
17815 : 06;
17816 : 09;
17817 : FF;
17818 : F4;
17819 : 27;
17820 : 14;
17821 : BD;
17822 : 24;
17823 : F5;
17824 : E9;
17825 : 1A;
17826 : F2;
17827 : 2A;
17828 : 10;
17829 : 20;
17830 : D4;
17831 : F4;
17832 : 00;
17833 : 05;
17834 : 11;
17835 : EE;
17836 : 0A;
17837 : C9;
17838 : 0D;
17839 : FF;
17840 : 10;
17841 : 5C;
17842 : FC;
17843 : 1C;
17844 : FF;
17845 : 14;
17846 : 11;
17847 : 03;
17848 : EC;
17849 : 18;
17850 : 1B;
17851 : D6;
17852 : 18;
17853 : F5;
17854 : F0;
17855 : 13;
17856 : E7;
17857 : 32;
17858 : 17;
17859 : 19;
17860 : EE;
17861 : 08;
17862 : FD;
17863 : EA;
17864 : 14;
17865 : F0;
17866 : 14;
17867 : CC;
17868 : 06;
17869 : 03;
17870 : 02;
17871 : 52;
17872 : 0A;
17873 : 17;
17874 : 0E;
17875 : 0B;
17876 : 19;
17877 : 0B;
17878 : F5;
17879 : 1E;
17880 : 17;
17881 : F7;
17882 : 1A;
17883 : F8;
17884 : F2;
17885 : 0A;
17886 : D9;
17887 : 24;
17888 : F9;
17889 : FC;
17890 : F7;
17891 : 10;
17892 : FC;
17893 : F6;
17894 : 0B;
17895 : EA;
17896 : 0B;
17897 : DA;
17898 : 02;
17899 : EA;
17900 : F8;
17901 : 3A;
17902 : 09;
17903 : 0C;
17904 : 08;
17905 : 0A;
17906 : 20;
17907 : FA;
17908 : EF;
17909 : 0A;
17910 : 1B;
17911 : 1B;
17912 : 24;
17913 : FC;
17914 : D7;
17915 : 11;
17916 : E5;
17917 : 25;
17918 : 0C;
17919 : F5;
17920 : E5;
17921 : 10;
17922 : 0E;
17923 : DC;
17924 : FD;
17925 : F6;
17926 : 03;
17927 : E2;
17928 : 06;
17929 : F6;
17930 : F8;
17931 : 23;
17932 : 07;
17933 : EC;
17934 : 1D;
17935 : 1D;
17936 : 23;
17937 : 06;
17938 : FA;
17939 : 13;
17940 : 20;
17941 : 22;
17942 : 22;
17943 : 0E;
17944 : DD;
17945 : 01;
17946 : E8;
17947 : 29;
17948 : FF;
17949 : F7;
17950 : E6;
17951 : 06;
17952 : 08;
17953 : DD;
17954 : FB;
17955 : F2;
17956 : 0B;
17957 : F3;
17958 : FB;
17959 : F9;
17960 : EC;
17961 : 1D;
17962 : FE;
17963 : E6;
17964 : 10;
17965 : 09;
17966 : 28;
17967 : F4;
17968 : EF;
17969 : 24;
17970 : 1C;
17971 : 18;
17972 : 35;
17973 : 02;
17974 : F1;
17975 : 07;
17976 : F1;
17977 : 24;
17978 : 04;
17979 : F4;
17980 : E5;
17981 : 00;
17982 : 19;
17983 : CE;
17984 : 06;
17985 : FC;
17986 : 01;
17987 : 00;
17988 : DD;
17989 : FA;
17990 : EE;
17991 : 1B;
17992 : F3;
17993 : DE;
17994 : 0E;
17995 : FF;
17996 : 32;
17997 : 10;
17998 : F4;
17999 : 11;
18000 : 12;
18001 : 09;
18002 : 2B;
18003 : 08;
18004 : F3;
18005 : 09;
18006 : F8;
18007 : 44;
18008 : 0E;
18009 : E8;
18010 : E9;
18011 : F8;
18012 : 20;
18013 : D9;
18014 : F3;
18015 : F6;
18016 : F9;
18017 : FC;
18018 : E0;
18019 : 0C;
18020 : ED;
18021 : 1D;
18022 : F7;
18023 : D7;
18024 : 05;
18025 : DD;
18026 : 24;
18027 : 17;
18028 : 00;
18029 : 00;
18030 : 12;
18031 : 0A;
18032 : 2F;
18033 : 05;
18034 : 0A;
18035 : 17;
18036 : E1;
18037 : 55;
18038 : 03;
18039 : DA;
18040 : E7;
18041 : FA;
18042 : 22;
18043 : E0;
18044 : FB;
18045 : F2;
18046 : F5;
18047 : F7;
18048 : E8;
18049 : F2;
18050 : E0;
18051 : 24;
18052 : 00;
18053 : E7;
18054 : 12;
18055 : DB;
18056 : 20;
18057 : 0D;
18058 : 02;
18059 : FA;
18060 : FE;
18061 : 01;
18062 : 28;
18063 : 0A;
18064 : 11;
18065 : 17;
18066 : DD;
18067 : 51;
18068 : 03;
18069 : E4;
18070 : F5;
18071 : F3;
18072 : 14;
18073 : F3;
18074 : FD;
18075 : F7;
18076 : 0C;
18077 : F4;
18078 : D6;
18079 : F4;
18080 : D9;
18081 : 21;
18082 : 05;
18083 : E0;
18084 : 1E;
18085 : E8;
18086 : 10;
18087 : F1;
18088 : F6;
18089 : 0C;
18090 : 06;
18091 : F7;
18092 : 25;
18093 : 09;
18094 : 1F;
18095 : 0D;
18096 : EB;
18097 : 4A;
18098 : 01;
18099 : F4;
18100 : FC;
18101 : F3;
18102 : FD;
18103 : 09;
18104 : F5;
18105 : 05;
18106 : 06;
18107 : FA;
18108 : DA;
18109 : 00;
18110 : DF;
18111 : 28;
18112 : FA;
18113 : E6;
18114 : 17;
18115 : EC;
18116 : 05;
18117 : F5;
18118 : F7;
18119 : 0C;
18120 : 14;
18121 : 08;
18122 : 15;
18123 : 09;
18124 : 12;
18125 : 0B;
18126 : E6;
18127 : 35;
18128 : FB;
18129 : 00;
18130 : FD;
18131 : FC;
18132 : FB;
18133 : 1E;
18134 : EA;
18135 : 08;
18136 : EE;
18137 : F5;
18138 : E9;
18139 : 01;
18140 : DA;
18141 : 0D;
18142 : FC;
18143 : FA;
18144 : 10;
18145 : 03;
18146 : FE;
18147 : F7;
18148 : F3;
18149 : 11;
18150 : 11;
18151 : 05;
18152 : 0D;
18153 : FF;
18154 : 08;
18155 : 11;
18156 : E2;
18157 : 3F;
18158 : E9;
18159 : 10;
18160 : D7;
18161 : FB;
18162 : FF;
18163 : 06;
18164 : F0;
18165 : 1F;
18166 : EA;
18167 : F8;
18168 : E6;
18169 : ED;
18170 : D5;
18171 : 0E;
18172 : 07;
18173 : ED;
18174 : 1E;
18175 : 14;
18176 : FC;
18177 : E3;
18178 : 08;
18179 : 1F;
18180 : 19;
18181 : F7;
18182 : 1A;
18183 : 1A;
18184 : 0A;
18185 : 15;
18186 : DD;
18187 : 2A;
18188 : F2;
18189 : 0C;
18190 : CC;
18191 : EE;
18192 : 03;
18193 : 01;
18194 : ED;
18195 : 19;
18196 : D8;
18197 : EB;
18198 : F3;
18199 : EB;
18200 : D8;
18201 : 06;
18202 : 11;
18203 : F2;
18204 : 21;
18205 : 20;
18206 : F0;
18207 : FB;
18208 : 1A;
18209 : 26;
18210 : 0F;
18211 : E2;
18212 : 15;
18213 : 15;
18214 : F6;
18215 : 0C;
18216 : D6;
18217 : 29;
18218 : FF;
18219 : 08;
18220 : CB;
18221 : FD;
18222 : F0;
18223 : 10;
18224 : 03;
18225 : 20;
18226 : CE;
18227 : D8;
18228 : FF;
18229 : E2;
18230 : E5;
18231 : 0C;
18232 : 08;
18233 : F8;
18234 : 18;
18235 : 21;
18236 : F6;
18237 : E8;
18238 : 16;
18239 : 25;
18240 : 19;
18241 : E7;
18242 : 0B;
18243 : 00;
18244 : 09;
18245 : 19;
18246 : E3;
18247 : 36;
18248 : F0;
18249 : 03;
18250 : C7;
18251 : EF;
18252 : 0B;
18253 : FE;
18254 : F2;
18255 : 18;
18256 : DE;
18257 : C0;
18258 : E7;
18259 : DE;
18260 : E1;
18261 : 08;
18262 : F9;
18263 : FE;
18264 : 30;
18265 : 1B;
18266 : FD;
18267 : D0;
18268 : 13;
18269 : 10;
18270 : F5;
18271 : DA;
18272 : 11;
18273 : F0;
18274 : FE;
18275 : 1D;
18276 : FC;
18277 : 1C;
18278 : FF;
18279 : 0A;
18280 : CA;
18281 : 03;
18282 : 0A;
18283 : EF;
18284 : D8;
18285 : 1D;
18286 : E3;
18287 : B5;
18288 : FB;
18289 : EC;
18290 : EF;
18291 : 08;
18292 : 0A;
18293 : EB;
18294 : 20;
18295 : 1D;
18296 : FA;
18297 : DA;
18298 : 17;
18299 : F5;
18300 : CD;
18301 : CA;
18302 : 17;
18303 : FA;
18304 : FB;
18305 : 30;
18306 : F1;
18307 : 1D;
18308 : 20;
18309 : F5;
18310 : C6;
18311 : FB;
18312 : 15;
18313 : E0;
18314 : F0;
18315 : 45;
18316 : E5;
18317 : 9F;
18318 : 0D;
18319 : F1;
18320 : F1;
18321 : F1;
18322 : 2E;
18323 : F9;
18324 : 22;
18325 : 0E;
18326 : 18;
18327 : FA;
18328 : 3A;
18329 : E3;
18330 : AE;
18331 : D2;
18332 : 27;
18333 : 0C;
18334 : F4;
18335 : 3B;
18336 : EC;
18337 : F1;
18338 : 28;
18339 : F6;
18340 : E3;
18341 : 16;
18342 : 38;
18343 : 01;
18344 : F6;
18345 : 2B;
18346 : D1;
18347 : AD;
18348 : 0E;
18349 : CE;
18350 : EC;
18351 : E3;
18352 : 4E;
18353 : FB;
18354 : 03;
18355 : 23;
18356 : 20;
18357 : F4;
18358 : 4D;
18359 : EE;
18360 : B1;
18361 : F0;
18362 : 14;
18363 : 19;
18364 : F2;
18365 : 29;
18366 : FD;
18367 : DD;
18368 : 1A;
18369 : 03;
18370 : 09;
18371 : 21;
18372 : 2F;
18373 : 22;
18374 : D2;
18375 : E6;
18376 : D8;
18377 : C9;
18378 : 0C;
18379 : C3;
18380 : EE;
18381 : E4;
18382 : 3B;
18383 : 0E;
18384 : DD;
18385 : 17;
18386 : 0E;
18387 : DF;
18388 : 1A;
18389 : F7;
18390 : D6;
18391 : ED;
18392 : 16;
18393 : 30;
18394 : E0;
18395 : 07;
18396 : F2;
18397 : E7;
18398 : 09;
18399 : 11;
18400 : FB;
18401 : 06;
18402 : 23;
18403 : 1B;
18404 : DB;
18405 : EC;
18406 : D2;
18407 : DA;
18408 : 31;
18409 : C3;
18410 : 03;
18411 : 14;
18412 : 35;
18413 : 0C;
18414 : E4;
18415 : 30;
18416 : FB;
18417 : 0E;
18418 : 12;
18419 : 1C;
18420 : DB;
18421 : F0;
18422 : 2C;
18423 : 1F;
18424 : EE;
18425 : 19;
18426 : FA;
18427 : F7;
18428 : 0F;
18429 : 16;
18430 : FC;
18431 : 39;
18432 : 22;
18433 : FB;
18434 : E3;
18435 : 0A;
18436 : ED;
18437 : 03;
18438 : FB;
18439 : E8;
18440 : FC;
18441 : 0F;
18442 : FA;
18443 : D8;
18444 : EB;
18445 : 08;
18446 : 04;
18447 : FF;
18448 : F9;
18449 : 2A;
18450 : 05;
18451 : 0A;
18452 : 0A;
18453 : FE;
18454 : F5;
18455 : FB;
18456 : 0F;
18457 : F7;
18458 : FB;
18459 : 0B;
18460 : FA;
18461 : FC;
18462 : 04;
18463 : F5;
18464 : FC;
18465 : F3;
18466 : F7;
18467 : F9;
18468 : FF;
18469 : 02;
18470 : 0A;
18471 : 07;
18472 : F8;
18473 : 06;
18474 : F2;
18475 : FD;
18476 : 08;
18477 : 09;
18478 : 0A;
18479 : 0A;
18480 : 08;
18481 : 00;
18482 : FE;
18483 : 13;
18484 : 06;
18485 : 0B;
18486 : 0F;
18487 : 0B;
18488 : FD;
18489 : 0D;
18490 : 02;
18491 : 03;
18492 : EF;
18493 : FD;
18494 : F9;
18495 : FD;
18496 : FE;
18497 : 0D;
18498 : F5;
18499 : EB;
18500 : F0;
18501 : FD;
18502 : F6;
18503 : 03;
18504 : 17;
18505 : 03;
18506 : FC;
18507 : FD;
18508 : F6;
18509 : 07;
18510 : 12;
18511 : 06;
18512 : FD;
18513 : F7;
18514 : 07;
18515 : 00;
18516 : 05;
18517 : FE;
18518 : F2;
18519 : 0D;
18520 : FB;
18521 : FF;
18522 : F4;
18523 : 0E;
18524 : FF;
18525 : 05;
18526 : FD;
18527 : 0A;
18528 : 0B;
18529 : 06;
18530 : F6;
18531 : 03;
18532 : FC;
18533 : FD;
18534 : FC;
18535 : 09;
18536 : 09;
18537 : F4;
18538 : FF;
18539 : 08;
18540 : F5;
18541 : D9;
18542 : 20;
18543 : 09;
18544 : FA;
18545 : D9;
18546 : DB;
18547 : 03;
18548 : F7;
18549 : 31;
18550 : DA;
18551 : 14;
18552 : FA;
18553 : 21;
18554 : 2A;
18555 : FE;
18556 : F7;
18557 : E8;
18558 : 38;
18559 : 1F;
18560 : EA;
18561 : E7;
18562 : F0;
18563 : FC;
18564 : E2;
18565 : 29;
18566 : 2F;
18567 : 0D;
18568 : 27;
18569 : 37;
18570 : EF;
18571 : D9;
18572 : 18;
18573 : 0F;
18574 : 0C;
18575 : C5;
18576 : C8;
18577 : 1E;
18578 : D7;
18579 : 1D;
18580 : B2;
18581 : 22;
18582 : E4;
18583 : 1F;
18584 : 0F;
18585 : F6;
18586 : 05;
18587 : BA;
18588 : 15;
18589 : 10;
18590 : E0;
18591 : E7;
18592 : 02;
18593 : FA;
18594 : EF;
18595 : 30;
18596 : 2A;
18597 : F7;
18598 : 22;
18599 : 39;
18600 : E6;
18601 : D1;
18602 : 0E;
18603 : 2C;
18604 : E5;
18605 : EB;
18606 : C4;
18607 : 06;
18608 : DC;
18609 : 28;
18610 : E4;
18611 : 0F;
18612 : 06;
18613 : F4;
18614 : 00;
18615 : 0A;
18616 : 0A;
18617 : CE;
18618 : 02;
18619 : ED;
18620 : EC;
18621 : 01;
18622 : 13;
18623 : 04;
18624 : 08;
18625 : 32;
18626 : 16;
18627 : F8;
18628 : 03;
18629 : 27;
18630 : EE;
18631 : E3;
18632 : 0F;
18633 : 30;
18634 : DC;
18635 : F4;
18636 : EA;
18637 : 16;
18638 : 05;
18639 : 2E;
18640 : 00;
18641 : F2;
18642 : E8;
18643 : 02;
18644 : 0B;
18645 : D7;
18646 : 0D;
18647 : 14;
18648 : F7;
18649 : F3;
18650 : C4;
18651 : 6B;
18652 : 01;
18653 : 06;
18654 : EF;
18655 : 0F;
18656 : 0E;
18657 : E9;
18658 : E6;
18659 : 28;
18660 : 00;
18661 : E1;
18662 : 1C;
18663 : 15;
18664 : D9;
18665 : F7;
18666 : F3;
18667 : 34;
18668 : 1B;
18669 : 31;
18670 : 05;
18671 : F5;
18672 : ED;
18673 : F9;
18674 : 0E;
18675 : DF;
18676 : 09;
18677 : FC;
18678 : 0B;
18679 : FB;
18680 : FA;
18681 : 6F;
18682 : F9;
18683 : 07;
18684 : E3;
18685 : 0F;
18686 : EA;
18687 : 0E;
18688 : F3;
18689 : 20;
18690 : EB;
18691 : E2;
18692 : 13;
18693 : FB;
18694 : D4;
18695 : F6;
18696 : FB;
18697 : 30;
18698 : 2D;
18699 : 1F;
18700 : 03;
18701 : EF;
18702 : 02;
18703 : F3;
18704 : 13;
18705 : F9;
18706 : 07;
18707 : E6;
18708 : 0C;
18709 : F9;
18710 : 20;
18711 : 59;
18712 : 08;
18713 : 12;
18714 : E4;
18715 : 22;
18716 : 06;
18717 : 15;
18718 : EA;
18719 : 0A;
18720 : FD;
18721 : F6;
18722 : 2D;
18723 : 06;
18724 : CD;
18725 : EB;
18726 : FE;
18727 : 25;
18728 : 12;
18729 : 03;
18730 : 03;
18731 : 0A;
18732 : 06;
18733 : EB;
18734 : FE;
18735 : E9;
18736 : 0D;
18737 : E1;
18738 : 04;
18739 : F6;
18740 : 1E;
18741 : 44;
18742 : FF;
18743 : FE;
18744 : EE;
18745 : 03;
18746 : 0E;
18747 : 05;
18748 : F9;
18749 : 09;
18750 : F9;
18751 : FE;
18752 : 35;
18753 : 08;
18754 : D6;
18755 : FA;
18756 : EF;
18757 : 27;
18758 : 16;
18759 : FD;
18760 : F4;
18761 : 0A;
18762 : FF;
18763 : E9;
18764 : EE;
18765 : EC;
18766 : F5;
18767 : E6;
18768 : F7;
18769 : EA;
18770 : 08;
18771 : 3F;
18772 : 04;
18773 : F4;
18774 : 06;
18775 : 12;
18776 : 1A;
18777 : F9;
18778 : EE;
18779 : 0F;
18780 : 12;
18781 : 06;
18782 : 1A;
18783 : F6;
18784 : DE;
18785 : EA;
18786 : 05;
18787 : 23;
18788 : 20;
18789 : E7;
18790 : F7;
18791 : 12;
18792 : 14;
18793 : FE;
18794 : F2;
18795 : F3;
18796 : 08;
18797 : EA;
18798 : F2;
18799 : EF;
18800 : 05;
18801 : 2A;
18802 : 03;
18803 : F6;
18804 : 07;
18805 : 10;
18806 : 1E;
18807 : 0C;
18808 : EA;
18809 : 05;
18810 : 1C;
18811 : FD;
18812 : 2B;
18813 : F0;
18814 : F1;
18815 : FC;
18816 : F7;
18817 : 30;
18818 : 0C;
18819 : FA;
18820 : DB;
18821 : 06;
18822 : 0D;
18823 : EA;
18824 : 03;
18825 : 0D;
18826 : FB;
18827 : D5;
18828 : 00;
18829 : F7;
18830 : F8;
18831 : 23;
18832 : FD;
18833 : E8;
18834 : 04;
18835 : F7;
18836 : 1B;
18837 : 11;
18838 : 00;
18839 : E1;
18840 : 21;
18841 : F8;
18842 : 16;
18843 : ED;
18844 : 07;
18845 : FE;
18846 : 02;
18847 : 2B;
18848 : 1D;
18849 : E4;
18850 : D8;
18851 : 01;
18852 : 18;
18853 : E8;
18854 : 07;
18855 : 0C;
18856 : 04;
18857 : D6;
18858 : F1;
18859 : 04;
18860 : F8;
18861 : 18;
18862 : 00;
18863 : DC;
18864 : 06;
18865 : E2;
18866 : 1E;
18867 : 1F;
18868 : 06;
18869 : D9;
18870 : 17;
18871 : F4;
18872 : 11;
18873 : E9;
18874 : 09;
18875 : 0A;
18876 : 0F;
18877 : 47;
18878 : 17;
18879 : D8;
18880 : D2;
18881 : EE;
18882 : 0F;
18883 : D6;
18884 : 06;
18885 : 0E;
18886 : 06;
18887 : CD;
18888 : EF;
18889 : 15;
18890 : F5;
18891 : 1E;
18892 : 06;
18893 : DD;
18894 : 02;
18895 : DF;
18896 : 15;
18897 : 16;
18898 : 04;
18899 : E3;
18900 : 10;
18901 : FD;
18902 : 12;
18903 : F4;
18904 : 14;
18905 : 19;
18906 : 07;
18907 : 37;
18908 : 11;
18909 : F0;
18910 : E2;
18911 : E7;
18912 : 0B;
18913 : E1;
18914 : 01;
18915 : 04;
18916 : FC;
18917 : E1;
18918 : E9;
18919 : 04;
18920 : F3;
18921 : 1F;
18922 : FC;
18923 : FE;
18924 : 03;
18925 : EC;
18926 : 05;
18927 : 02;
18928 : F7;
18929 : EA;
18930 : 1A;
18931 : 0A;
18932 : 16;
18933 : FB;
18934 : 1E;
18935 : 15;
18936 : 0A;
18937 : 2E;
18938 : 04;
18939 : F1;
18940 : DF;
18941 : F6;
18942 : 0E;
18943 : F8;
18944 : 08;
18945 : 10;
18946 : 03;
18947 : F3;
18948 : D7;
18949 : 16;
18950 : E7;
18951 : 23;
18952 : EF;
18953 : EF;
18954 : 09;
18955 : DB;
18956 : F5;
18957 : FA;
18958 : 03;
18959 : FC;
18960 : 18;
18961 : 0C;
18962 : 08;
18963 : 01;
18964 : 1D;
18965 : 0F;
18966 : 02;
18967 : 29;
18968 : E6;
18969 : 08;
18970 : E2;
18971 : F6;
18972 : 04;
18973 : FD;
18974 : 04;
18975 : 0C;
18976 : F2;
18977 : E3;
18978 : DF;
18979 : 18;
18980 : E6;
18981 : 19;
18982 : 0B;
18983 : F3;
18984 : 07;
18985 : F7;
18986 : 01;
18987 : F6;
18988 : FA;
18989 : F8;
18990 : 1E;
18991 : F8;
18992 : 14;
18993 : FD;
18994 : 0A;
18995 : 1A;
18996 : FE;
18997 : 32;
18998 : E5;
18999 : 16;
19000 : E8;
19001 : E9;
19002 : EC;
19003 : 04;
19004 : F5;
19005 : 17;
19006 : E9;
19007 : E9;
19008 : DD;
19009 : 05;
19010 : ED;
19011 : 12;
19012 : 0D;
19013 : EE;
19014 : 1E;
19015 : 13;
19016 : FE;
19017 : E2;
19018 : FE;
19019 : 05;
19020 : 0A;
19021 : F3;
19022 : 0C;
19023 : 08;
19024 : 04;
19025 : 19;
19026 : F6;
19027 : 35;
19028 : ED;
19029 : 15;
19030 : C6;
19031 : F5;
19032 : F4;
19033 : 0E;
19034 : 02;
19035 : 1A;
19036 : D8;
19037 : FA;
19038 : EE;
19039 : EB;
19040 : DB;
19041 : 13;
19042 : 0D;
19043 : F5;
19044 : 1F;
19045 : 16;
19046 : 00;
19047 : EB;
19048 : 09;
19049 : FD;
19050 : FC;
19051 : DE;
19052 : 1D;
19053 : 05;
19054 : 01;
19055 : 0F;
19056 : E6;
19057 : 38;
19058 : 02;
19059 : 12;
19060 : CB;
19061 : E9;
19062 : E8;
19063 : 0B;
19064 : FF;
19065 : 22;
19066 : E1;
19067 : EB;
19068 : E7;
19069 : DE;
19070 : E0;
19071 : 0B;
19072 : 0B;
19073 : F0;
19074 : 1F;
19075 : 12;
19076 : 11;
19077 : D4;
19078 : 04;
19079 : 10;
19080 : F9;
19081 : E4;
19082 : 11;
19083 : 03;
19084 : 08;
19085 : 25;
19086 : DC;
19087 : 33;
19088 : F3;
19089 : 06;
19090 : CA;
19091 : F6;
19092 : EF;
19093 : 05;
19094 : F3;
19095 : 21;
19096 : D9;
19097 : E3;
19098 : FA;
19099 : DA;
19100 : F1;
19101 : 17;
19102 : FF;
19103 : F0;
19104 : 21;
19105 : 12;
19106 : 0B;
19107 : CD;
19108 : 1C;
19109 : FE;
19110 : D9;
19111 : DF;
19112 : 0B;
19113 : FA;
19114 : F2;
19115 : 32;
19116 : 05;
19117 : 12;
19118 : FE;
19119 : 02;
19120 : DA;
19121 : FB;
19122 : 02;
19123 : 0D;
19124 : EC;
19125 : 3A;
19126 : D6;
19127 : D7;
19128 : FE;
19129 : DA;
19130 : E4;
19131 : EE;
19132 : 01;
19133 : E1;
19134 : 1A;
19135 : 1A;
19136 : 08;
19137 : E2;
19138 : 25;
19139 : ED;
19140 : A0;
19141 : ED;
19142 : 16;
19143 : F3;
19144 : F5;
19145 : 2B;
19146 : F0;
19147 : 0B;
19148 : 18;
19149 : 0E;
19150 : CE;
19151 : FB;
19152 : 1F;
19153 : FD;
19154 : EC;
19155 : 33;
19156 : C1;
19157 : CB;
19158 : 14;
19159 : E7;
19160 : 0C;
19161 : F8;
19162 : 25;
19163 : 07;
19164 : 05;
19165 : 1E;
19166 : 23;
19167 : F8;
19168 : 3F;
19169 : E2;
19170 : AF;
19171 : F8;
19172 : 15;
19173 : F0;
19174 : E7;
19175 : 2D;
19176 : EA;
19177 : DD;
19178 : 06;
19179 : 00;
19180 : F8;
19181 : FE;
19182 : 2C;
19183 : 14;
19184 : F2;
19185 : 16;
19186 : D6;
19187 : C2;
19188 : 1C;
19189 : DE;
19190 : 18;
19191 : D7;
19192 : 4A;
19193 : 0E;
19194 : EE;
19195 : 27;
19196 : 28;
19197 : DF;
19198 : 46;
19199 : F3;
19200 : CD;
19201 : 02;
19202 : 04;
19203 : 03;
19204 : E3;
19205 : 29;
19206 : F2;
19207 : BA;
19208 : FC;
19209 : 10;
19210 : 13;
19211 : 19;
19212 : 4B;
19213 : 23;
19214 : EA;
19215 : 10;
19216 : DF;
19217 : CA;
19218 : 2E;
19219 : CB;
19220 : 12;
19221 : D7;
19222 : 3E;
19223 : 11;
19224 : D9;
19225 : 2D;
19226 : 0D;
19227 : 0A;
19228 : 10;
19229 : F9;
19230 : F6;
19231 : F4;
19232 : 09;
19233 : 01;
19234 : E5;
19235 : 08;
19236 : F0;
19237 : E8;
19238 : 04;
19239 : F6;
19240 : FC;
19241 : 09;
19242 : 18;
19243 : 11;
19244 : FF;
19245 : 04;
19246 : DF;
19247 : F2;
19248 : 22;
19249 : CC;
19250 : 03;
19251 : F5;
19252 : 0F;
19253 : 0F;
19254 : 0C;
19255 : 1F;
19256 : 04;
19257 : FD;
19258 : 09;
19259 : 0A;
19260 : F5;
19261 : F4;
19262 : 1E;
19263 : 01;
19264 : 11;
19265 : 17;
19266 : 0E;
19267 : 13;
19268 : E3;
19269 : F1;
19270 : 19;
19271 : 1D;
19272 : EF;
19273 : F5;
19274 : F3;
19275 : 0C;
19276 : 19;
19277 : 15;
19278 : E8;
19279 : 03;
19280 : F8;
19281 : EE;
19282 : E7;
19283 : E5;
19284 : 22;
19285 : 03;
19286 : 0C;
19287 : E9;
19288 : E2;
19289 : 0F;
19290 : FB;
19291 : 10;
19292 : 00;
19293 : F4;
19294 : FA;
19295 : 09;
19296 : 04;
19297 : FA;
19298 : 06;
19299 : 01;
19300 : FF;
19301 : 06;
19302 : F9;
19303 : 0A;
19304 : 03;
19305 : FA;
19306 : F9;
19307 : 03;
19308 : FB;
19309 : 0E;
19310 : 0A;
19311 : 08;
19312 : 03;
19313 : FA;
19314 : 00;
19315 : 01;
19316 : 03;
19317 : 0D;
19318 : FB;
19319 : FD;
19320 : 00;
19321 : 04;
19322 : F8;
19323 : 08;
19324 : F7;
19325 : 01;
19326 : 09;
19327 : F7;
19328 : 04;
19329 : 00;
19330 : F8;
19331 : F6;
19332 : 07;
19333 : FD;
19334 : FC;
19335 : 02;
19336 : FD;
19337 : 0B;
19338 : FD;
19339 : 04;
19340 : FF;
19341 : F6;
19342 : 03;
19343 : 05;
19344 : FF;
19345 : 06;
19346 : FD;
19347 : FC;
19348 : 09;
19349 : F7;
19350 : 01;
19351 : 00;
19352 : FE;
19353 : FB;
19354 : 09;
19355 : 05;
19356 : 07;
19357 : FA;
19358 : 0A;
19359 : 09;
19360 : FA;
19361 : 05;
19362 : 01;
19363 : FA;
19364 : 07;
19365 : FB;
19366 : 08;
19367 : FB;
19368 : 00;
19369 : 01;
19370 : F8;
19371 : F9;
19372 : FF;
19373 : FE;
19374 : FC;
19375 : 07;
19376 : F5;
19377 : 09;
19378 : 02;
19379 : FE;
19380 : 2E;
19381 : D8;
19382 : 0E;
19383 : F5;
19384 : 16;
19385 : FB;
19386 : D9;
19387 : 22;
19388 : DF;
19389 : 2C;
19390 : E1;
19391 : 0A;
19392 : DE;
19393 : 0D;
19394 : 27;
19395 : 03;
19396 : E8;
19397 : E1;
19398 : 13;
19399 : 1E;
19400 : 01;
19401 : E7;
19402 : D0;
19403 : 14;
19404 : FF;
19405 : 24;
19406 : 23;
19407 : 0C;
19408 : 31;
19409 : 29;
19410 : 38;
19411 : D3;
19412 : 17;
19413 : E1;
19414 : 38;
19415 : C9;
19416 : B7;
19417 : 43;
19418 : B8;
19419 : 1A;
19420 : B9;
19421 : FF;
19422 : DA;
19423 : 0E;
19424 : F7;
19425 : 17;
19426 : 0A;
19427 : BC;
19428 : 0D;
19429 : 1B;
19430 : 0C;
19431 : BD;
19432 : EC;
19433 : 11;
19434 : EA;
19435 : 41;
19436 : 3E;
19437 : 0C;
19438 : 34;
19439 : 30;
19440 : E7;
19441 : DD;
19442 : 2C;
19443 : 20;
19444 : 1B;
19445 : C4;
19446 : CE;
19447 : 0F;
19448 : DE;
19449 : 27;
19450 : E8;
19451 : EF;
19452 : D5;
19453 : 07;
19454 : 1B;
19455 : F4;
19456 : 06;
19457 : F7;
19458 : FE;
19459 : 29;
19460 : 01;
19461 : F4;
19462 : FF;
19463 : 14;
19464 : F5;
19465 : 39;
19466 : 27;
19467 : E7;
19468 : 0E;
19469 : 14;
19470 : EB;
19471 : DF;
19472 : 16;
19473 : 46;
19474 : 10;
19475 : D7;
19476 : E1;
19477 : 0F;
19478 : DE;
19479 : 18;
19480 : FF;
19481 : E1;
19482 : E7;
19483 : FF;
19484 : 01;
19485 : D9;
19486 : 09;
19487 : 1C;
19488 : F9;
19489 : 16;
19490 : F0;
19491 : 1C;
19492 : EF;
19493 : 16;
19494 : D5;
19495 : 11;
19496 : 32;
19497 : C4;
19498 : D8;
19499 : 2C;
19500 : F3;
19501 : DA;
19502 : 1A;
19503 : 26;
19504 : F5;
19505 : DF;
19506 : EE;
19507 : 1A;
19508 : F5;
19509 : 19;
19510 : 0F;
19511 : F4;
19512 : F2;
19513 : 08;
19514 : 21;
19515 : E7;
19516 : F5;
19517 : 30;
19518 : 01;
19519 : 02;
19520 : 06;
19521 : 20;
19522 : F4;
19523 : 0A;
19524 : C9;
19525 : FD;
19526 : 07;
19527 : E8;
19528 : EF;
19529 : 20;
19530 : EF;
19531 : EB;
19532 : 27;
19533 : 16;
19534 : DA;
19535 : E1;
19536 : F7;
19537 : 06;
19538 : 0F;
19539 : 17;
19540 : 13;
19541 : 06;
19542 : F3;
19543 : 0B;
19544 : 22;
19545 : E9;
19546 : F8;
19547 : 18;
19548 : 00;
19549 : 18;
19550 : 21;
19551 : 2C;
19552 : F8;
19553 : F2;
19554 : B8;
19555 : 0B;
19556 : 0E;
19557 : 05;
19558 : FC;
19559 : FC;
19560 : FD;
19561 : E6;
19562 : 0A;
19563 : F5;
19564 : E1;
19565 : F1;
19566 : 08;
19567 : 20;
19568 : 07;
19569 : 0B;
19570 : FA;
19571 : 01;
19572 : 05;
19573 : F0;
19574 : EE;
19575 : 05;
19576 : FB;
19577 : 04;
19578 : F7;
19579 : E8;
19580 : 13;
19581 : 22;
19582 : 09;
19583 : 06;
19584 : F1;
19585 : 14;
19586 : 0C;
19587 : 0B;
19588 : 0F;
19589 : 01;
19590 : F9;
19591 : E7;
19592 : 10;
19593 : F7;
19594 : E2;
19595 : F6;
19596 : FB;
19597 : 29;
19598 : 05;
19599 : 0C;
19600 : FE;
19601 : 03;
19602 : 0A;
19603 : F8;
19604 : F0;
19605 : FF;
19606 : 04;
19607 : 06;
19608 : F0;
19609 : FD;
19610 : 26;
19611 : 1F;
19612 : F6;
19613 : 04;
19614 : EB;
19615 : 11;
19616 : 2B;
19617 : 08;
19618 : FD;
19619 : FC;
19620 : 14;
19621 : ED;
19622 : 1C;
19623 : EB;
19624 : 00;
19625 : F8;
19626 : 01;
19627 : 1F;
19628 : 11;
19629 : 06;
19630 : 00;
19631 : 02;
19632 : 05;
19633 : F3;
19634 : EC;
19635 : 05;
19636 : FC;
19637 : E2;
19638 : FA;
19639 : 06;
19640 : 29;
19641 : 09;
19642 : F8;
19643 : 01;
19644 : F1;
19645 : 05;
19646 : 23;
19647 : FC;
19648 : F6;
19649 : 0A;
19650 : 10;
19651 : E7;
19652 : 23;
19653 : F8;
19654 : FA;
19655 : F0;
19656 : 16;
19657 : 30;
19658 : 20;
19659 : FC;
19660 : E3;
19661 : 09;
19662 : 12;
19663 : FA;
19664 : F0;
19665 : 16;
19666 : FF;
19667 : E0;
19668 : 01;
19669 : 15;
19670 : 2A;
19671 : 1A;
19672 : EC;
19673 : 07;
19674 : F8;
19675 : 01;
19676 : 24;
19677 : 08;
19678 : 02;
19679 : EB;
19680 : 1E;
19681 : 08;
19682 : 10;
19683 : F5;
19684 : FB;
19685 : F9;
19686 : 2B;
19687 : 2D;
19688 : 28;
19689 : 02;
19690 : E2;
19691 : 13;
19692 : 14;
19693 : F0;
19694 : 02;
19695 : 09;
19696 : 01;
19697 : EA;
19698 : F5;
19699 : 01;
19700 : 1E;
19701 : 10;
19702 : F8;
19703 : 03;
19704 : FF;
19705 : F6;
19706 : 15;
19707 : 0F;
19708 : F5;
19709 : EA;
19710 : 1E;
19711 : FA;
19712 : 0F;
19713 : ED;
19714 : F2;
19715 : 05;
19716 : 27;
19717 : 38;
19718 : 19;
19719 : FB;
19720 : E0;
19721 : F1;
19722 : 13;
19723 : F3;
19724 : 18;
19725 : 16;
19726 : 10;
19727 : EF;
19728 : 01;
19729 : 15;
19730 : 06;
19731 : 20;
19732 : F0;
19733 : 00;
19734 : 0D;
19735 : EB;
19736 : 18;
19737 : 16;
19738 : 0A;
19739 : D7;
19740 : 11;
19741 : 08;
19742 : 09;
19743 : F1;
19744 : 00;
19745 : 12;
19746 : 1E;
19747 : 35;
19748 : 0F;
19749 : 04;
19750 : DA;
19751 : 04;
19752 : 1A;
19753 : F0;
19754 : 13;
19755 : 15;
19756 : 02;
19757 : EA;
19758 : E2;
19759 : 11;
19760 : 10;
19761 : 13;
19762 : F8;
19763 : 0A;
19764 : 0C;
19765 : E8;
19766 : 03;
19767 : 1E;
19768 : 12;
19769 : D4;
19770 : 15;
19771 : 08;
19772 : 0A;
19773 : F4;
19774 : 03;
19775 : 0D;
19776 : 23;
19777 : 36;
19778 : 00;
19779 : 06;
19780 : E4;
19781 : F7;
19782 : 0F;
19783 : F8;
19784 : 16;
19785 : 09;
19786 : 03;
19787 : DC;
19788 : E3;
19789 : 1C;
19790 : FA;
19791 : 1A;
19792 : F1;
19793 : 14;
19794 : 05;
19795 : EF;
19796 : 0A;
19797 : 14;
19798 : 08;
19799 : E6;
19800 : 0C;
19801 : FD;
19802 : FE;
19803 : 00;
19804 : 05;
19805 : 21;
19806 : 25;
19807 : 34;
19808 : E7;
19809 : 06;
19810 : E7;
19811 : F9;
19812 : 10;
19813 : F5;
19814 : 13;
19815 : 17;
19816 : FF;
19817 : EC;
19818 : EE;
19819 : 00;
19820 : FA;
19821 : 12;
19822 : 07;
19823 : 09;
19824 : 12;
19825 : F2;
19826 : 02;
19827 : F8;
19828 : 0B;
19829 : DE;
19830 : 1A;
19831 : 06;
19832 : 10;
19833 : F5;
19834 : FF;
19835 : 15;
19836 : 1A;
19837 : 33;
19838 : D9;
19839 : 23;
19840 : EA;
19841 : E7;
19842 : E1;
19843 : 08;
19844 : 0D;
19845 : 0A;
19846 : F8;
19847 : 03;
19848 : E8;
19849 : F0;
19850 : FE;
19851 : 28;
19852 : F9;
19853 : 18;
19854 : 0C;
19855 : 04;
19856 : 0E;
19857 : ED;
19858 : 0D;
19859 : D9;
19860 : FA;
19861 : 10;
19862 : 0E;
19863 : FC;
19864 : FA;
19865 : 0A;
19866 : FF;
19867 : 24;
19868 : EF;
19869 : 1E;
19870 : E5;
19871 : F6;
19872 : DE;
19873 : 07;
19874 : 08;
19875 : 23;
19876 : D2;
19877 : FB;
19878 : F5;
19879 : DC;
19880 : F4;
19881 : 1C;
19882 : F8;
19883 : FE;
19884 : 18;
19885 : 16;
19886 : 03;
19887 : F9;
19888 : 0F;
19889 : D7;
19890 : F5;
19891 : FF;
19892 : FD;
19893 : 09;
19894 : F9;
19895 : 1B;
19896 : ED;
19897 : 26;
19898 : F9;
19899 : 0E;
19900 : D7;
19901 : F5;
19902 : EA;
19903 : 10;
19904 : 07;
19905 : 2B;
19906 : D6;
19907 : 02;
19908 : FE;
19909 : C9;
19910 : EB;
19911 : 06;
19912 : 11;
19913 : 06;
19914 : 1C;
19915 : 28;
19916 : 0C;
19917 : E0;
19918 : 15;
19919 : EC;
19920 : D6;
19921 : FF;
19922 : 04;
19923 : F7;
19924 : EF;
19925 : 35;
19926 : 06;
19927 : 23;
19928 : E4;
19929 : 01;
19930 : D9;
19931 : EB;
19932 : F5;
19933 : 11;
19934 : FB;
19935 : 48;
19936 : C4;
19937 : 00;
19938 : 10;
19939 : D0;
19940 : 02;
19941 : F9;
19942 : 1B;
19943 : 0B;
19944 : 0F;
19945 : 28;
19946 : 19;
19947 : E8;
19948 : 39;
19949 : D0;
19950 : D1;
19951 : 0B;
19952 : FD;
19953 : 08;
19954 : DB;
19955 : 28;
19956 : 0C;
19957 : 01;
19958 : 01;
19959 : 00;
19960 : ED;
19961 : F5;
19962 : 08;
19963 : 0E;
19964 : E4;
19965 : 2B;
19966 : BE;
19967 : EF;
19968 : 1F;
19969 : D2;
19970 : F5;
19971 : EC;
19972 : 29;
19973 : F8;
19974 : 08;
19975 : 13;
19976 : 03;
19977 : 04;
19978 : 43;
19979 : DB;
19980 : B1;
19981 : 11;
19982 : 0C;
19983 : FF;
19984 : DD;
19985 : 1E;
19986 : F8;
19987 : FC;
19988 : 0E;
19989 : 02;
19990 : FB;
19991 : FC;
19992 : 23;
19993 : 20;
19994 : DC;
19995 : 0D;
19996 : CD;
19997 : E8;
19998 : 2C;
19999 : C9;
20000 : 01;
20001 : E6;
20002 : 48;
20003 : FE;
20004 : EE;
20005 : 1C;
20006 : 13;
20007 : 09;
20008 : 45;
20009 : E3;
20010 : C6;
20011 : F1;
20012 : 01;
20013 : EE;
20014 : CC;
20015 : 1D;
20016 : F8;
20017 : F2;
20018 : FA;
20019 : 05;
20020 : F3;
20021 : F5;
20022 : 33;
20023 : FB;
20024 : DB;
20025 : FD;
20026 : D9;
20027 : BB;
20028 : 32;
20029 : E6;
20030 : 2C;
20031 : E5;
20032 : 54;
20033 : 10;
20034 : F3;
20035 : 3E;
20036 : 19;
20037 : F8;
20038 : 48;
20039 : E4;
20040 : FF;
20041 : F7;
20042 : 1F;
20043 : FD;
20044 : DE;
20045 : 04;
20046 : F0;
20047 : DF;
20048 : F0;
20049 : FC;
20050 : 08;
20051 : FE;
20052 : 25;
20053 : 18;
20054 : EE;
20055 : FD;
20056 : E0;
20057 : D3;
20058 : 28;
20059 : F3;
20060 : 2F;
20061 : DD;
20062 : 2A;
20063 : 06;
20064 : E3;
20065 : 3A;
20066 : 11;
20067 : 04;
20068 : 25;
20069 : 02;
20070 : 0C;
20071 : DC;
20072 : 1B;
20073 : 0A;
20074 : DF;
20075 : 0D;
20076 : F9;
20077 : E8;
20078 : EF;
20079 : FD;
20080 : FA;
20081 : 1B;
20082 : 0D;
20083 : 07;
20084 : 06;
20085 : 23;
20086 : D2;
20087 : F5;
20088 : 1E;
20089 : D7;
20090 : 10;
20091 : E3;
20092 : 0F;
20093 : 00;
20094 : 06;
20095 : 24;
20096 : 12;
20097 : EE;
20098 : 18;
20099 : FF;
20100 : F3;
20101 : E7;
20102 : 0E;
20103 : 1E;
20104 : 0D;
20105 : EE;
20106 : FC;
20107 : 01;
20108 : E2;
20109 : 0D;
20110 : 03;
20111 : 0B;
20112 : F1;
20113 : 07;
20114 : EF;
20115 : EE;
20116 : 16;
20117 : 18;
20118 : F8;
20119 : FA;
20120 : FC;
20121 : FB;
20122 : E4;
20123 : 04;
20124 : 25;
20125 : 29;
20126 : 23;
20127 : E4;
20128 : EA;
20129 : 12;
20130 : 00;
20131 : 07;
20132 : F8;
20133 : F9;
20134 : F8;
20135 : 05;
20136 : FE;
20137 : FF;
20138 : FA;
20139 : 09;
20140 : 05;
20141 : F5;
20142 : F9;
20143 : FA;
20144 : 00;
20145 : FC;
20146 : F8;
20147 : 03;
20148 : 0B;
20149 : FB;
20150 : FC;
20151 : 07;
20152 : 03;
20153 : 01;
20154 : 09;
20155 : FE;
20156 : 0A;
20157 : F9;
20158 : F6;
20159 : F8;
20160 : 0A;
20161 : FB;
20162 : F9;
20163 : 07;
20164 : 05;
20165 : FE;
20166 : 00;
20167 : 0A;
20168 : 06;
20169 : FF;
20170 : 00;
20171 : 08;
20172 : 04;
20173 : FB;
20174 : 0B;
20175 : 00;
20176 : FA;
20177 : 03;
20178 : 09;
20179 : F9;
20180 : FB;
20181 : F5;
20182 : 02;
20183 : F9;
20184 : FB;
20185 : 08;
20186 : FA;
20187 : FF;
20188 : 02;
20189 : F8;
20190 : 06;
20191 : 02;
20192 : 02;
20193 : 05;
20194 : 0A;
20195 : F9;
20196 : FB;
20197 : 0A;
20198 : 01;
20199 : F6;
20200 : 01;
20201 : F6;
20202 : F9;
20203 : 00;
20204 : FA;
20205 : 09;
20206 : 0A;
20207 : F8;
20208 : 05;
20209 : 00;
20210 : FC;
20211 : F9;
20212 : 08;
20213 : 05;
20214 : 07;
20215 : FC;
20216 : 05;
20217 : 06;
20218 : 04;
20219 : F6;
20220 : 0F;
20221 : 01;
20222 : 0E;
20223 : F8;
20224 : 1B;
20225 : E7;
20226 : FC;
20227 : 02;
20228 : F3;
20229 : 07;
20230 : FF;
20231 : DC;
20232 : ED;
20233 : 05;
20234 : 28;
20235 : EF;
20236 : FB;
20237 : 00;
20238 : F7;
20239 : 19;
20240 : FD;
20241 : F9;
20242 : E9;
20243 : 17;
20244 : 02;
20245 : 00;
20246 : 05;
20247 : 1F;
20248 : 12;
20249 : 07;
20250 : 18;
20251 : D0;
20252 : 29;
20253 : DA;
20254 : 3C;
20255 : D9;
20256 : E9;
20257 : 27;
20258 : C4;
20259 : 1B;
20260 : E2;
20261 : D3;
20262 : E3;
20263 : 06;
20264 : 08;
20265 : F3;
20266 : 0F;
20267 : FB;
20268 : F6;
20269 : 3A;
20270 : 27;
20271 : E9;
20272 : D5;
20273 : 22;
20274 : E2;
20275 : 15;
20276 : 3A;
20277 : 06;
20278 : 26;
20279 : 08;
20280 : 0A;
20281 : EF;
20282 : 4D;
20283 : 02;
20284 : 22;
20285 : B7;
20286 : D7;
20287 : 03;
20288 : C7;
20289 : 06;
20290 : 19;
20291 : DA;
20292 : BA;
20293 : 2A;
20294 : 24;
20295 : C4;
20296 : 00;
20297 : 15;
20298 : EA;
20299 : 5A;
20300 : 20;
20301 : CB;
20302 : E3;
20303 : 2A;
20304 : D5;
20305 : 11;
20306 : 24;
20307 : FD;
20308 : 24;
20309 : ED;
20310 : 01;
20311 : F1;
20312 : 44;
20313 : 22;
20314 : 15;
20315 : BE;
20316 : F4;
20317 : E3;
20318 : D3;
20319 : F5;
20320 : 2D;
20321 : DF;
20322 : BD;
20323 : 18;
20324 : 0C;
20325 : C9;
20326 : 0D;
20327 : 31;
20328 : F2;
20329 : 62;
20330 : 14;
20331 : D4;
20332 : E0;
20333 : 42;
20334 : C8;
20335 : E5;
20336 : 21;
20337 : E2;
20338 : EB;
20339 : F1;
20340 : 0F;
20341 : EF;
20342 : 47;
20343 : 07;
20344 : 1F;
20345 : AF;
20346 : E5;
20347 : F2;
20348 : E0;
20349 : F5;
20350 : 1A;
20351 : F5;
20352 : DD;
20353 : 28;
20354 : 03;
20355 : D5;
20356 : 03;
20357 : 28;
20358 : F4;
20359 : 3A;
20360 : 22;
20361 : C9;
20362 : F2;
20363 : 38;
20364 : C5;
20365 : 07;
20366 : 1F;
20367 : E8;
20368 : F5;
20369 : EC;
20370 : 19;
20371 : EB;
20372 : 35;
20373 : 03;
20374 : 17;
20375 : B6;
20376 : DA;
20377 : F9;
20378 : E2;
20379 : FC;
20380 : 0E;
20381 : EB;
20382 : E0;
20383 : 16;
20384 : FC;
20385 : D8;
20386 : 02;
20387 : 18;
20388 : 04;
20389 : 24;
20390 : 2A;
20391 : E7;
20392 : FC;
20393 : 2D;
20394 : BC;
20395 : 09;
20396 : 15;
20397 : F7;
20398 : 04;
20399 : CF;
20400 : 21;
20401 : E3;
20402 : 19;
20403 : F4;
20404 : 0D;
20405 : DE;
20406 : DC;
20407 : 12;
20408 : FE;
20409 : F7;
20410 : FF;
20411 : D2;
20412 : FE;
20413 : FA;
20414 : 05;
20415 : ED;
20416 : 0B;
20417 : F5;
20418 : F5;
20419 : 14;
20420 : 1D;
20421 : E5;
20422 : 04;
20423 : 3E;
20424 : DD;
20425 : 0D;
20426 : 15;
20427 : 03;
20428 : 0A;
20429 : DE;
20430 : 1B;
20431 : E2;
20432 : 18;
20433 : FA;
20434 : 21;
20435 : F8;
20436 : ED;
20437 : 28;
20438 : F7;
20439 : 06;
20440 : EE;
20441 : E1;
20442 : 03;
20443 : EA;
20444 : 09;
20445 : 14;
20446 : 0C;
20447 : 06;
20448 : E6;
20449 : 1C;
20450 : 15;
20451 : F1;
20452 : FA;
20453 : 47;
20454 : 0C;
20455 : 0C;
20456 : 26;
20457 : FE;
20458 : FE;
20459 : EB;
20460 : 2A;
20461 : F0;
20462 : 13;
20463 : E0;
20464 : 28;
20465 : E3;
20466 : EB;
20467 : 2B;
20468 : FC;
20469 : F0;
20470 : 00;
20471 : D6;
20472 : F3;
20473 : FA;
20474 : 04;
20475 : 09;
20476 : 0F;
20477 : F8;
20478 : F8;
20479 : 1F;
20480 : 28;
20481 : F7;
20482 : 0B;
20483 : 44;
20484 : FD;
20485 : E7;
20486 : 0F;
20487 : 09;
20488 : 09;
20489 : F5;
20490 : 14;
20491 : F9;
20492 : 0E;
20493 : F6;
20494 : 2A;
20495 : 00;
20496 : ED;
20497 : 18;
20498 : 00;
20499 : 10;
20500 : ED;
20501 : E0;
20502 : 06;
20503 : FF;
20504 : 14;
20505 : 1C;
20506 : 08;
20507 : F7;
20508 : F9;
20509 : 1D;
20510 : 33;
20511 : 00;
20512 : 0B;
20513 : 40;
20514 : 09;
20515 : FC;
20516 : 0B;
20517 : FF;
20518 : 05;
20519 : EF;
20520 : 23;
20521 : F5;
20522 : 0B;
20523 : FA;
20524 : 0F;
20525 : 0C;
20526 : F4;
20527 : 27;
20528 : 1E;
20529 : 0C;
20530 : ED;
20531 : F0;
20532 : 13;
20533 : EF;
20534 : 20;
20535 : 12;
20536 : 09;
20537 : F2;
20538 : 01;
20539 : 16;
20540 : 36;
20541 : 11;
20542 : 03;
20543 : 36;
20544 : 17;
20545 : E5;
20546 : 11;
20547 : 17;
20548 : 0D;
20549 : F6;
20550 : 17;
20551 : F0;
20552 : 16;
20553 : F7;
20554 : 16;
20555 : 10;
20556 : F6;
20557 : 22;
20558 : 2B;
20559 : 06;
20560 : EB;
20561 : F1;
20562 : 0D;
20563 : EC;
20564 : 2C;
20565 : 15;
20566 : 13;
20567 : F0;
20568 : 0E;
20569 : 1D;
20570 : 41;
20571 : 07;
20572 : FB;
20573 : 34;
20574 : FF;
20575 : E1;
20576 : 13;
20577 : 14;
20578 : 09;
20579 : EE;
20580 : FE;
20581 : E6;
20582 : 10;
20583 : FE;
20584 : 1F;
20585 : 0F;
20586 : F6;
20587 : 2C;
20588 : 2A;
20589 : 12;
20590 : D5;
20591 : EE;
20592 : 1F;
20593 : F9;
20594 : 2B;
20595 : 23;
20596 : 10;
20597 : FD;
20598 : 0D;
20599 : 0C;
20600 : 1A;
20601 : 0C;
20602 : F6;
20603 : 28;
20604 : 02;
20605 : EE;
20606 : 17;
20607 : 28;
20608 : 10;
20609 : F9;
20610 : FF;
20611 : FC;
20612 : F8;
20613 : FA;
20614 : 1D;
20615 : 11;
20616 : 16;
20617 : 2E;
20618 : 24;
20619 : F5;
20620 : E5;
20621 : F9;
20622 : 18;
20623 : E9;
20624 : 1B;
20625 : 20;
20626 : 0F;
20627 : E0;
20628 : FA;
20629 : FF;
20630 : 20;
20631 : 10;
20632 : 0A;
20633 : 29;
20634 : 09;
20635 : EE;
20636 : 11;
20637 : 1F;
20638 : 25;
20639 : E4;
20640 : 0D;
20641 : FA;
20642 : 09;
20643 : E6;
20644 : 0F;
20645 : 09;
20646 : 13;
20647 : 22;
20648 : 07;
20649 : FA;
20650 : E8;
20651 : ED;
20652 : FF;
20653 : F0;
20654 : 21;
20655 : 0D;
20656 : 0D;
20657 : E9;
20658 : 07;
20659 : E7;
20660 : 22;
20661 : 0C;
20662 : FE;
20663 : 0F;
20664 : FC;
20665 : 01;
20666 : 12;
20667 : 2B;
20668 : 33;
20669 : D1;
20670 : 03;
20671 : F2;
20672 : 0C;
20673 : 02;
20674 : 1A;
20675 : 11;
20676 : 16;
20677 : 14;
20678 : F8;
20679 : FD;
20680 : F9;
20681 : EF;
20682 : F8;
20683 : FC;
20684 : 09;
20685 : F7;
20686 : EF;
20687 : E4;
20688 : EF;
20689 : D4;
20690 : 1B;
20691 : 03;
20692 : 11;
20693 : 19;
20694 : FE;
20695 : 1B;
20696 : 1C;
20697 : 0E;
20698 : 1E;
20699 : DE;
20700 : F2;
20701 : 03;
20702 : 0A;
20703 : FB;
20704 : FE;
20705 : 2E;
20706 : 1B;
20707 : 12;
20708 : F0;
20709 : 0C;
20710 : F9;
20711 : 09;
20712 : E9;
20713 : EF;
20714 : EF;
20715 : 19;
20716 : 00;
20717 : EE;
20718 : 0E;
20719 : C4;
20720 : 15;
20721 : FD;
20722 : 0E;
20723 : 10;
20724 : 0B;
20725 : 25;
20726 : 10;
20727 : 09;
20728 : 10;
20729 : E1;
20730 : DF;
20731 : 0A;
20732 : E1;
20733 : EE;
20734 : D6;
20735 : 30;
20736 : 05;
20737 : 17;
20738 : EF;
20739 : F8;
20740 : EA;
20741 : F4;
20742 : EC;
20743 : FF;
20744 : F1;
20745 : 19;
20746 : F5;
20747 : 00;
20748 : 15;
20749 : BC;
20750 : 22;
20751 : FF;
20752 : 1F;
20753 : 1A;
20754 : 12;
20755 : 39;
20756 : 00;
20757 : 00;
20758 : 17;
20759 : C5;
20760 : E1;
20761 : 0E;
20762 : D3;
20763 : E7;
20764 : E9;
20765 : 11;
20766 : FD;
20767 : 03;
20768 : E4;
20769 : F6;
20770 : FC;
20771 : F4;
20772 : E3;
20773 : 1D;
20774 : EA;
20775 : 1B;
20776 : E7;
20777 : F5;
20778 : 17;
20779 : C2;
20780 : 12;
20781 : E8;
20782 : 3B;
20783 : 24;
20784 : F3;
20785 : 2D;
20786 : 08;
20787 : F6;
20788 : 21;
20789 : BC;
20790 : E0;
20791 : 23;
20792 : E0;
20793 : FE;
20794 : DD;
20795 : 0D;
20796 : FE;
20797 : DA;
20798 : EB;
20799 : F2;
20800 : 09;
20801 : E7;
20802 : FD;
20803 : 28;
20804 : D0;
20805 : 04;
20806 : D9;
20807 : FE;
20808 : 18;
20809 : DD;
20810 : 16;
20811 : CD;
20812 : 31;
20813 : 2A;
20814 : E8;
20815 : 27;
20816 : 16;
20817 : F6;
20818 : 22;
20819 : DB;
20820 : E3;
20821 : 04;
20822 : FF;
20823 : F5;
20824 : E2;
20825 : 10;
20826 : FA;
20827 : EF;
20828 : DD;
20829 : F8;
20830 : FD;
20831 : F3;
20832 : 16;
20833 : 13;
20834 : D4;
20835 : EF;
20836 : E2;
20837 : F8;
20838 : 11;
20839 : DF;
20840 : 1F;
20841 : CF;
20842 : 3B;
20843 : 0E;
20844 : E8;
20845 : 2A;
20846 : 0B;
20847 : DF;
20848 : 36;
20849 : D3;
20850 : F5;
20851 : 18;
20852 : ED;
20853 : F3;
20854 : DB;
20855 : 02;
20856 : EA;
20857 : E7;
20858 : EC;
20859 : EE;
20860 : 00;
20861 : F9;
20862 : 0B;
20863 : 0D;
20864 : DE;
20865 : EC;
20866 : F5;
20867 : E4;
20868 : 32;
20869 : DD;
20870 : 23;
20871 : C9;
20872 : 3A;
20873 : 21;
20874 : EB;
20875 : 3E;
20876 : 06;
20877 : E3;
20878 : 32;
20879 : DD;
20880 : E5;
20881 : F2;
20882 : 20;
20883 : 2F;
20884 : DF;
20885 : 19;
20886 : CE;
20887 : F4;
20888 : 21;
20889 : 1B;
20890 : DB;
20891 : EE;
20892 : 28;
20893 : FC;
20894 : F2;
20895 : F8;
20896 : E8;
20897 : D1;
20898 : 1C;
20899 : F4;
20900 : 03;
20901 : D6;
20902 : 33;
20903 : 13;
20904 : DD;
20905 : 2E;
20906 : 1A;
20907 : 15;
20908 : 26;
20909 : 1F;
20910 : E9;
20911 : FD;
20912 : 03;
20913 : 23;
20914 : D4;
20915 : 21;
20916 : F4;
20917 : EB;
20918 : 29;
20919 : 2E;
20920 : F3;
20921 : 1A;
20922 : FE;
20923 : 25;
20924 : FE;
20925 : FE;
20926 : D9;
20927 : 0A;
20928 : 0F;
20929 : DE;
20930 : ED;
20931 : E3;
20932 : 02;
20933 : F4;
20934 : 0A;
20935 : 1D;
20936 : 0A;
20937 : 08;
20938 : 11;
20939 : 28;
20940 : EB;
20941 : 09;
20942 : 02;
20943 : 15;
20944 : FC;
20945 : 05;
20946 : F4;
20947 : F4;
20948 : 0C;
20949 : 21;
20950 : ED;
20951 : 06;
20952 : EE;
20953 : 1A;
20954 : 05;
20955 : E8;
20956 : F1;
20957 : 06;
20958 : F2;
20959 : E4;
20960 : DE;
20961 : 0A;
20962 : F2;
20963 : EB;
20964 : 07;
20965 : 0D;
20966 : FA;
20967 : FB;
20968 : FF;
20969 : 0E;
20970 : F7;
20971 : F7;
20972 : 0A;
20973 : F7;
20974 : 01;
20975 : F9;
20976 : 08;
20977 : F8;
20978 : F7;
20979 : 05;
20980 : FE;
20981 : FF;
20982 : F8;
20983 : FE;
20984 : 06;
20985 : FE;
20986 : 01;
20987 : 03;
20988 : FE;
20989 : F6;
20990 : 01;
20991 : 06;
20992 : 0A;
20993 : F8;
20994 : F9;
20995 : 09;
20996 : 01;
20997 : F7;
20998 : 01;
20999 : FF;
21000 : 06;
21001 : 01;
21002 : FB;
21003 : FA;
21004 : 07;
21005 : FA;
21006 : 03;
21007 : 0A;
21008 : 00;
21009 : F6;
21010 : 06;
21011 : F8;
21012 : 00;
21013 : F8;
21014 : FE;
21015 : 04;
21016 : 03;
21017 : F8;
21018 : 00;
21019 : 00;
21020 : FD;
21021 : 06;
21022 : 09;
21023 : FA;
21024 : 03;
21025 : 0A;
21026 : F9;
21027 : 04;
21028 : F5;
21029 : 02;
21030 : FB;
21031 : FF;
21032 : FC;
21033 : F7;
21034 : 07;
21035 : 07;
21036 : 0A;
21037 : FB;
21038 : F8;
21039 : F9;
21040 : 03;
21041 : 02;
21042 : FD;
21043 : 08;
21044 : F5;
21045 : 07;
21046 : 02;
21047 : F9;
21048 : F6;
21049 : F9;
21050 : 0B;
21051 : 00;
21052 : 0A;
21053 : 09;
21054 : 00;
21055 : FF;
21056 : 01;
21057 : 08;
21058 : F8;
21059 : 02;
21060 : 19;
21061 : 02;
21062 : F4;
21063 : EA;
21064 : 06;
21065 : F7;
21066 : F8;
21067 : 0A;
21068 : E5;
21069 : FC;
21070 : EC;
21071 : 0A;
21072 : E0;
21073 : 14;
21074 : FC;
21075 : E5;
21076 : F9;
21077 : F0;
21078 : 13;
21079 : EF;
21080 : 11;
21081 : E5;
21082 : F0;
21083 : 16;
21084 : EA;
21085 : 01;
21086 : 0F;
21087 : 10;
21088 : 1C;
21089 : 0A;
21090 : D1;
21091 : 03;
21092 : 19;
21093 : 0E;
21094 : 19;
21095 : EE;
21096 : 14;
21097 : E3;
21098 : 0C;
21099 : F1;
21100 : 10;
21101 : E1;
21102 : 18;
21103 : FC;
21104 : F1;
21105 : 12;
21106 : 0E;
21107 : 14;
21108 : F7;
21109 : 36;
21110 : 1B;
21111 : EC;
21112 : F1;
21113 : 05;
21114 : 0B;
21115 : E5;
21116 : 19;
21117 : E4;
21118 : E3;
21119 : E4;
21120 : E0;
21121 : 19;
21122 : 45;
21123 : 03;
21124 : 1F;
21125 : B7;
21126 : 08;
21127 : D2;
21128 : 08;
21129 : EF;
21130 : 1B;
21131 : F1;
21132 : 0C;
21133 : 12;
21134 : F7;
21135 : EE;
21136 : 15;
21137 : 2D;
21138 : E1;
21139 : 3B;
21140 : 2B;
21141 : EC;
21142 : DC;
21143 : 2C;
21144 : CC;
21145 : EE;
21146 : 13;
21147 : D8;
21148 : FD;
21149 : C3;
21150 : 0F;
21151 : 21;
21152 : 33;
21153 : E5;
21154 : 04;
21155 : A0;
21156 : 07;
21157 : DC;
21158 : E9;
21159 : E9;
21160 : 22;
21161 : D0;
21162 : DB;
21163 : 34;
21164 : E5;
21165 : C6;
21166 : FC;
21167 : 05;
21168 : FC;
21169 : 37;
21170 : 34;
21171 : D1;
21172 : 0C;
21173 : 37;
21174 : AD;
21175 : F1;
21176 : 28;
21177 : FB;
21178 : 18;
21179 : B4;
21180 : 13;
21181 : 0D;
21182 : 3F;
21183 : FC;
21184 : 18;
21185 : B9;
21186 : E5;
21187 : FB;
21188 : DE;
21189 : F3;
21190 : FC;
21191 : DC;
21192 : DD;
21193 : 34;
21194 : ED;
21195 : CC;
21196 : 02;
21197 : EE;
21198 : 07;
21199 : 2F;
21200 : 37;
21201 : CE;
21202 : 01;
21203 : 34;
21204 : BA;
21205 : 10;
21206 : 0B;
21207 : 14;
21208 : 14;
21209 : BE;
21210 : 1B;
21211 : 02;
21212 : 36;
21213 : 0F;
21214 : 38;
21215 : 9E;
21216 : E5;
21217 : 03;
21218 : DE;
21219 : EE;
21220 : 10;
21221 : C5;
21222 : DF;
21223 : 23;
21224 : E6;
21225 : C1;
21226 : 17;
21227 : 04;
21228 : FC;
21229 : 42;
21230 : 38;
21231 : D9;
21232 : 05;
21233 : 4D;
21234 : AE;
21235 : 10;
21236 : FA;
21237 : F5;
21238 : 13;
21239 : AC;
21240 : 18;
21241 : 05;
21242 : 38;
21243 : 18;
21244 : 5E;
21245 : A6;
21246 : DB;
21247 : 07;
21248 : EB;
21249 : ED;
21250 : 08;
21251 : A4;
21252 : E1;
21253 : 3E;
21254 : F7;
21255 : C0;
21256 : 22;
21257 : FA;
21258 : E8;
21259 : 40;
21260 : 39;
21261 : F3;
21262 : 09;
21263 : 5F;
21264 : A6;
21265 : 21;
21266 : F4;
21267 : EA;
21268 : 05;
21269 : A9;
21270 : 13;
21271 : FD;
21272 : 30;
21273 : 17;
21274 : 5B;
21275 : B8;
21276 : D8;
21277 : 14;
21278 : F0;
21279 : 05;
21280 : EE;
21281 : 9A;
21282 : F5;
21283 : 26;
21284 : 01;
21285 : CE;
21286 : 2D;
21287 : F8;
21288 : EE;
21289 : 3E;
21290 : 52;
21291 : F2;
21292 : 25;
21293 : 60;
21294 : C3;
21295 : 16;
21296 : 00;
21297 : E7;
21298 : F9;
21299 : B5;
21300 : 0F;
21301 : E9;
21302 : 17;
21303 : 07;
21304 : 4F;
21305 : DE;
21306 : C2;
21307 : 16;
21308 : E7;
21309 : F2;
21310 : EF;
21311 : A9;
21312 : F3;
21313 : 0F;
21314 : 08;
21315 : E1;
21316 : 2B;
21317 : E2;
21318 : 13;
21319 : 3A;
21320 : 66;
21321 : EC;
21322 : 30;
21323 : 43;
21324 : D9;
21325 : 1A;
21326 : EA;
21327 : FE;
21328 : FA;
21329 : 92;
21330 : 0B;
21331 : E2;
21332 : 28;
21333 : 0C;
21334 : 5F;
21335 : E6;
21336 : CF;
21337 : 04;
21338 : F7;
21339 : F2;
21340 : F2;
21341 : C5;
21342 : 0A;
21343 : 00;
21344 : 04;
21345 : DC;
21346 : 1B;
21347 : E4;
21348 : FB;
21349 : 2D;
21350 : 52;
21351 : 00;
21352 : 3A;
21353 : 3B;
21354 : D5;
21355 : 1B;
21356 : F4;
21357 : 13;
21358 : F0;
21359 : 98;
21360 : 08;
21361 : E6;
21362 : 2D;
21363 : 19;
21364 : 49;
21365 : F4;
21366 : C7;
21367 : FE;
21368 : FC;
21369 : 02;
21370 : 01;
21371 : AC;
21372 : FA;
21373 : 02;
21374 : 0D;
21375 : C4;
21376 : 32;
21377 : E8;
21378 : 0A;
21379 : 17;
21380 : 41;
21381 : FD;
21382 : 2B;
21383 : 62;
21384 : CD;
21385 : 18;
21386 : 06;
21387 : FE;
21388 : E5;
21389 : C7;
21390 : 14;
21391 : E3;
21392 : 1E;
21393 : FD;
21394 : 36;
21395 : F0;
21396 : E0;
21397 : 03;
21398 : F0;
21399 : FD;
21400 : F1;
21401 : CA;
21402 : FC;
21403 : FC;
21404 : 08;
21405 : DB;
21406 : 3A;
21407 : DC;
21408 : 15;
21409 : 16;
21410 : 5D;
21411 : F8;
21412 : 22;
21413 : 37;
21414 : E0;
21415 : 0E;
21416 : 02;
21417 : EF;
21418 : 01;
21419 : BF;
21420 : 0F;
21421 : 02;
21422 : 0F;
21423 : F8;
21424 : 2B;
21425 : FA;
21426 : E4;
21427 : FA;
21428 : 13;
21429 : F9;
21430 : F8;
21431 : C4;
21432 : 03;
21433 : 04;
21434 : 08;
21435 : E5;
21436 : 1E;
21437 : EE;
21438 : 28;
21439 : 09;
21440 : 52;
21441 : 06;
21442 : 34;
21443 : 2A;
21444 : D9;
21445 : 07;
21446 : E7;
21447 : FF;
21448 : 02;
21449 : C4;
21450 : F4;
21451 : E2;
21452 : 04;
21453 : 07;
21454 : 2F;
21455 : 0F;
21456 : EA;
21457 : EF;
21458 : 38;
21459 : E2;
21460 : F4;
21461 : D0;
21462 : 21;
21463 : D5;
21464 : 0C;
21465 : FC;
21466 : 2B;
21467 : E6;
21468 : 02;
21469 : 02;
21470 : 4C;
21471 : 09;
21472 : 2F;
21473 : 10;
21474 : EC;
21475 : 13;
21476 : 01;
21477 : 12;
21478 : 09;
21479 : B1;
21480 : 0B;
21481 : D6;
21482 : 0C;
21483 : FF;
21484 : 34;
21485 : 12;
21486 : EF;
21487 : EC;
21488 : 28;
21489 : D7;
21490 : FA;
21491 : D4;
21492 : 21;
21493 : E5;
21494 : 13;
21495 : D5;
21496 : 27;
21497 : C4;
21498 : 05;
21499 : 05;
21500 : 58;
21501 : F9;
21502 : 2A;
21503 : 10;
21504 : E4;
21505 : 2B;
21506 : 08;
21507 : 19;
21508 : FF;
21509 : B2;
21510 : 0E;
21511 : E7;
21512 : 03;
21513 : FC;
21514 : 0F;
21515 : 17;
21516 : EA;
21517 : EB;
21518 : 17;
21519 : D4;
21520 : 0B;
21521 : D7;
21522 : 17;
21523 : E2;
21524 : F2;
21525 : DD;
21526 : 20;
21527 : C7;
21528 : F6;
21529 : F3;
21530 : 4D;
21531 : F3;
21532 : 1A;
21533 : 26;
21534 : D9;
21535 : 41;
21536 : 14;
21537 : 05;
21538 : 00;
21539 : C0;
21540 : 0D;
21541 : EC;
21542 : 01;
21543 : D3;
21544 : 06;
21545 : 14;
21546 : E2;
21547 : EA;
21548 : F4;
21549 : C6;
21550 : 0D;
21551 : ED;
21552 : FB;
21553 : EA;
21554 : F2;
21555 : D0;
21556 : 1C;
21557 : C2;
21558 : F6;
21559 : F7;
21560 : 44;
21561 : EA;
21562 : 22;
21563 : 2B;
21564 : D1;
21565 : 51;
21566 : 16;
21567 : 0B;
21568 : FE;
21569 : D4;
21570 : 08;
21571 : F1;
21572 : FA;
21573 : CA;
21574 : 0C;
21575 : 07;
21576 : D3;
21577 : 00;
21578 : EE;
21579 : CD;
21580 : 1C;
21581 : EC;
21582 : EA;
21583 : 00;
21584 : EB;
21585 : CF;
21586 : 0C;
21587 : C6;
21588 : 01;
21589 : EE;
21590 : 3F;
21591 : F4;
21592 : 3C;
21593 : 25;
21594 : C7;
21595 : 44;
21596 : 25;
21597 : 00;
21598 : E8;
21599 : DC;
21600 : 11;
21601 : 25;
21602 : D9;
21603 : D5;
21604 : 04;
21605 : FB;
21606 : E1;
21607 : E4;
21608 : ED;
21609 : C3;
21610 : 35;
21611 : E6;
21612 : CA;
21613 : 16;
21614 : D8;
21615 : C1;
21616 : 03;
21617 : CC;
21618 : 06;
21619 : D8;
21620 : 3A;
21621 : CE;
21622 : 3D;
21623 : 27;
21624 : C1;
21625 : 48;
21626 : 1A;
21627 : 14;
21628 : FD;
21629 : C1;
21630 : FB;
21631 : 22;
21632 : D8;
21633 : E1;
21634 : 1B;
21635 : 01;
21636 : F3;
21637 : E0;
21638 : E9;
21639 : C6;
21640 : 36;
21641 : CD;
21642 : E4;
21643 : 06;
21644 : C2;
21645 : AC;
21646 : 02;
21647 : CA;
21648 : E5;
21649 : EC;
21650 : 2D;
21651 : D2;
21652 : 3B;
21653 : 32;
21654 : D2;
21655 : 2B;
21656 : FF;
21657 : F1;
21658 : EF;
21659 : C7;
21660 : 00;
21661 : F5;
21662 : F5;
21663 : D4;
21664 : 2E;
21665 : 00;
21666 : 0E;
21667 : E4;
21668 : D0;
21669 : DA;
21670 : 14;
21671 : DB;
21672 : 08;
21673 : F4;
21674 : D1;
21675 : D9;
21676 : 20;
21677 : EE;
21678 : DE;
21679 : 12;
21680 : 30;
21681 : CE;
21682 : 27;
21683 : 2F;
21684 : F0;
21685 : 35;
21686 : 17;
21687 : E3;
21688 : 01;
21689 : D0;
21690 : ED;
21691 : 02;
21692 : DF;
21693 : D9;
21694 : 2C;
21695 : EF;
21696 : 05;
21697 : E9;
21698 : D1;
21699 : F4;
21700 : 03;
21701 : F6;
21702 : F5;
21703 : F5;
21704 : E3;
21705 : F6;
21706 : 22;
21707 : D6;
21708 : 03;
21709 : 0D;
21710 : 05;
21711 : BF;
21712 : 2A;
21713 : 22;
21714 : F6;
21715 : 28;
21716 : 2B;
21717 : E4;
21718 : 22;
21719 : E1;
21720 : FA;
21721 : F4;
21722 : 1E;
21723 : FA;
21724 : 20;
21725 : 05;
21726 : ED;
21727 : EA;
21728 : E8;
21729 : 0E;
21730 : FB;
21731 : EB;
21732 : 0B;
21733 : EA;
21734 : F8;
21735 : ED;
21736 : 10;
21737 : E0;
21738 : EC;
21739 : 21;
21740 : 12;
21741 : D8;
21742 : 26;
21743 : 2E;
21744 : EC;
21745 : 20;
21746 : 21;
21747 : E4;
21748 : 09;
21749 : F4;
21750 : 00;
21751 : 0B;
21752 : EF;
21753 : 15;
21754 : 04;
21755 : 05;
21756 : FC;
21757 : F8;
21758 : 06;
21759 : 0C;
21760 : FD;
21761 : 07;
21762 : F5;
21763 : 14;
21764 : F5;
21765 : F9;
21766 : F0;
21767 : FB;
21768 : FF;
21769 : F6;
21770 : 00;
21771 : E8;
21772 : 08;
21773 : 03;
21774 : FB;
21775 : 19;
21776 : F8;
21777 : 17;
21778 : FF;
21779 : 17;
21780 : F5;
21781 : F7;
21782 : FC;
21783 : 0E;
21784 : F6;
21785 : 12;
21786 : EA;
21787 : 04;
21788 : 16;
21789 : 15;
21790 : FE;
21791 : 06;
21792 : 09;
21793 : 0B;
21794 : 0C;
21795 : F9;
21796 : F4;
21797 : FE;
21798 : 0A;
21799 : 07;
21800 : EF;
21801 : 09;
21802 : FB;
21803 : F3;
21804 : 05;
21805 : 08;
21806 : 00;
21807 : 12;
21808 : 00;
21809 : 09;
21810 : 04;
21811 : 03;
21812 : 09;
21813 : F8;
21814 : 05;
21815 : F7;
21816 : FA;
21817 : FB;
21818 : 05;
21819 : F7;
21820 : 06;
21821 : FA;
21822 : F8;
21823 : FC;
21824 : 06;
21825 : 00;
21826 : F9;
21827 : 01;
21828 : 02;
21829 : F8;
21830 : FB;
21831 : FD;
21832 : F8;
21833 : 03;
21834 : 08;
21835 : FA;
21836 : 04;
21837 : FD;
21838 : F5;
21839 : 0A;
21840 : 08;
21841 : 05;
21842 : FA;
21843 : 01;
21844 : 07;
21845 : 00;
21846 : 06;
21847 : 07;
21848 : FA;
21849 : 0A;
21850 : 01;
21851 : 08;
21852 : 06;
21853 : FA;
21854 : FB;
21855 : 07;
21856 : 03;
21857 : FA;
21858 : FC;
21859 : F7;
21860 : FB;
21861 : FC;
21862 : 09;
21863 : F5;
21864 : FF;
21865 : 05;
21866 : 06;
21867 : 03;
21868 : F9;
21869 : 05;
21870 : 0B;
21871 : 09;
21872 : F7;
21873 : 08;
21874 : F6;
21875 : F8;
21876 : 09;
21877 : F8;
21878 : FB;
21879 : 0B;
21880 : 05;
21881 : FB;
21882 : FE;
21883 : 0A;
21884 : F7;
21885 : 04;
21886 : 0B;
21887 : FB;
21888 : F6;
21889 : 00;
21890 : 05;
21891 : F7;
21892 : FC;
21893 : FD;
21894 : FB;
21895 : FE;
21896 : FD;
21897 : 00;
21898 : FB;
21899 : 00;
21900 : 04;
21901 : F9;
21902 : FA;
21903 : 09;
21904 : 09;
21905 : F6;
21906 : 04;
21907 : F9;
21908 : FC;
21909 : FD;
21910 : 06;
21911 : 09;
21912 : F9;
21913 : FC;
21914 : 0A;
21915 : 07;
21916 : 03;
21917 : F6;
21918 : F8;
21919 : F9;
21920 : 04;
21921 : 01;
21922 : 06;
21923 : 02;
21924 : 00;
21925 : FC;
21926 : 06;
21927 : F6;
21928 : FD;
21929 : 09;
21930 : 08;
21931 : FA;
21932 : EF;
21933 : F4;
21934 : FE;
21935 : F6;
21936 : FF;
21937 : 02;
21938 : F1;
21939 : F2;
21940 : 0C;
21941 : 0A;
21942 : FF;
21943 : 00;
21944 : FA;
21945 : F0;
21946 : 02;
21947 : F7;
21948 : 0B;
21949 : FC;
21950 : 0C;
21951 : F9;
21952 : 0B;
21953 : 05;
21954 : F5;
21955 : FA;
21956 : 04;
21957 : 08;
21958 : 0A;
21959 : F4;
21960 : 21;
21961 : 1B;
21962 : F3;
21963 : EA;
21964 : FF;
21965 : F2;
21966 : EA;
21967 : 04;
21968 : D3;
21969 : ED;
21970 : 0C;
21971 : 24;
21972 : DE;
21973 : 28;
21974 : E0;
21975 : DA;
21976 : F7;
21977 : F6;
21978 : 0D;
21979 : E6;
21980 : 0A;
21981 : E8;
21982 : 26;
21983 : 1A;
21984 : D0;
21985 : FD;
21986 : 11;
21987 : 08;
21988 : 1C;
21989 : ED;
21990 : 20;
21991 : 30;
21992 : 0E;
21993 : F1;
21994 : F1;
21995 : CB;
21996 : F6;
21997 : E2;
21998 : F1;
21999 : D1;
22000 : 13;
22001 : 04;
22002 : ED;
22003 : 36;
22004 : C8;
22005 : DC;
22006 : F6;
22007 : F0;
22008 : 18;
22009 : F7;
22010 : 29;
22011 : E5;
22012 : 2C;
22013 : 2B;
22014 : D0;
22015 : E9;
22016 : 09;
22017 : 07;
22018 : 27;
22019 : D4;
22020 : 13;
22021 : 40;
22022 : 0F;
22023 : FB;
22024 : 05;
22025 : B1;
22026 : 10;
22027 : D0;
22028 : F8;
22029 : D4;
22030 : 2E;
22031 : F4;
22032 : F5;
22033 : 34;
22034 : CC;
22035 : CA;
22036 : EE;
22037 : 0F;
22038 : 0A;
22039 : FC;
22040 : 21;
22041 : E6;
22042 : 2B;
22043 : 3C;
22044 : C7;
22045 : D8;
22046 : EC;
22047 : FC;
22048 : 22;
22049 : D3;
22050 : 13;
22051 : 3E;
22052 : 1B;
22053 : 20;
22054 : 21;
22055 : B8;
22056 : 05;
22057 : DE;
22058 : 10;
22059 : E0;
22060 : 2B;
22061 : C7;
22062 : F8;
22063 : 44;
22064 : DD;
22065 : AD;
22066 : E0;
22067 : 20;
22068 : 06;
22069 : F4;
22070 : 30;
22071 : F4;
22072 : 04;
22073 : 45;
22074 : B4;
22075 : D4;
22076 : C6;
22077 : 11;
22078 : 2C;
22079 : CC;
22080 : 27;
22081 : 39;
22082 : 18;
22083 : 2D;
22084 : 43;
22085 : B7;
22086 : 10;
22087 : E2;
22088 : 22;
22089 : CD;
22090 : 35;
22091 : BF;
22092 : F5;
22093 : 3F;
22094 : E1;
22095 : B4;
22096 : F6;
22097 : 1C;
22098 : FC;
22099 : F3;
22100 : 2C;
22101 : 04;
22102 : 15;
22103 : 4A;
22104 : AA;
22105 : CB;
22106 : B6;
22107 : 01;
22108 : 14;
22109 : C7;
22110 : 24;
22111 : 2C;
22112 : 1C;
22113 : 37;
22114 : 4C;
22115 : BD;
22116 : 11;
22117 : E3;
22118 : 18;
22119 : CE;
22120 : 33;
22121 : AC;
22122 : F2;
22123 : 46;
22124 : DD;
22125 : 8D;
22126 : 08;
22127 : 11;
22128 : 0A;
22129 : 0E;
22130 : 45;
22131 : FD;
22132 : 21;
22133 : 5A;
22134 : 8B;
22135 : F5;
22136 : C7;
22137 : EF;
22138 : 1B;
22139 : BF;
22140 : 28;
22141 : 18;
22142 : 14;
22143 : 20;
22144 : 55;
22145 : DD;
22146 : 10;
22147 : E5;
22148 : 11;
22149 : CF;
22150 : 32;
22151 : BB;
22152 : F0;
22153 : 2D;
22154 : D1;
22155 : 93;
22156 : 13;
22157 : E8;
22158 : 13;
22159 : 09;
22160 : 57;
22161 : F6;
22162 : 28;
22163 : 5A;
22164 : 8C;
22165 : F3;
22166 : E7;
22167 : F4;
22168 : 0B;
22169 : D7;
22170 : 2D;
22171 : 0D;
22172 : 0A;
22173 : 27;
22174 : 38;
22175 : F6;
22176 : 18;
22177 : F5;
22178 : 06;
22179 : B2;
22180 : 13;
22181 : E2;
22182 : F3;
22183 : 0C;
22184 : DD;
22185 : A5;
22186 : 12;
22187 : E6;
22188 : FF;
22189 : F3;
22190 : 4C;
22191 : F7;
22192 : 1C;
22193 : 57;
22194 : B3;
22195 : FB;
22196 : F3;
22197 : E3;
22198 : 01;
22199 : D1;
22200 : 1E;
22201 : FA;
22202 : 0E;
22203 : 1C;
22204 : 30;
22205 : F6;
22206 : 04;
22207 : EE;
22208 : FA;
22209 : AE;
22210 : 13;
22211 : FD;
22212 : F3;
22213 : 10;
22214 : B5;
22215 : A2;
22216 : 07;
22217 : E0;
22218 : FD;
22219 : F7;
22220 : 7E;
22221 : F8;
22222 : 21;
22223 : 42;
22224 : A7;
22225 : F5;
22226 : FE;
22227 : DA;
22228 : F9;
22229 : B9;
22230 : 18;
22231 : F4;
22232 : 1C;
22233 : 02;
22234 : 38;
22235 : D9;
22236 : F9;
22237 : CE;
22238 : 0D;
22239 : A2;
22240 : 15;
22241 : DE;
22242 : 0B;
22243 : 14;
22244 : BA;
22245 : 99;
22246 : 08;
22247 : C5;
22248 : 00;
22249 : 0E;
22250 : 7F;
22251 : F7;
22252 : 22;
22253 : 5A;
22254 : 94;
22255 : E0;
22256 : F9;
22257 : D0;
22258 : F4;
22259 : CB;
22260 : 1D;
22261 : 13;
22262 : 24;
22263 : 23;
22264 : 40;
22265 : C2;
22266 : 13;
22267 : BD;
22268 : 1E;
22269 : 98;
22270 : 3B;
22271 : B0;
22272 : F1;
22273 : 35;
22274 : AB;
22275 : 80;
22276 : 09;
22277 : C9;
22278 : 0A;
22279 : 08;
22280 : 7F;
22281 : F7;
22282 : 42;
22283 : 74;
22284 : 80;
22285 : E6;
22286 : EC;
22287 : D3;
22288 : FA;
22289 : C7;
22290 : 0D;
22291 : F5;
22292 : 43;
22293 : 2A;
22294 : 66;
22295 : BF;
22296 : 01;
22297 : C1;
22298 : 1E;
22299 : C0;
22300 : 30;
22301 : BE;
22302 : 07;
22303 : 16;
22304 : BA;
22305 : A9;
22306 : 1C;
22307 : E2;
22308 : E2;
22309 : 1E;
22310 : 66;
22311 : FF;
22312 : 1B;
22313 : 4A;
22314 : AF;
22315 : E5;
22316 : F7;
22317 : D1;
22318 : F1;
22319 : D2;
22320 : 17;
22321 : F2;
22322 : 40;
22323 : 03;
22324 : 62;
22325 : B8;
22326 : FB;
22327 : C9;
22328 : 2A;
22329 : B9;
22330 : 18;
22331 : C2;
22332 : FD;
22333 : 23;
22334 : DF;
22335 : 95;
22336 : 04;
22337 : C8;
22338 : EA;
22339 : 23;
22340 : 71;
22341 : 05;
22342 : 1D;
22343 : 58;
22344 : A8;
22345 : EF;
22346 : F6;
22347 : D7;
22348 : F1;
22349 : F3;
22350 : 1F;
22351 : F8;
22352 : 26;
22353 : FE;
22354 : 54;
22355 : C9;
22356 : 02;
22357 : CA;
22358 : 3C;
22359 : C6;
22360 : 25;
22361 : B5;
22362 : FC;
22363 : 24;
22364 : EA;
22365 : B5;
22366 : 06;
22367 : C0;
22368 : 07;
22369 : 1F;
22370 : 71;
22371 : 09;
22372 : 23;
22373 : 55;
22374 : A7;
22375 : 00;
22376 : F8;
22377 : E0;
22378 : F9;
22379 : EE;
22380 : 29;
22381 : 01;
22382 : 2B;
22383 : FD;
22384 : 38;
22385 : D6;
22386 : FB;
22387 : CA;
22388 : 25;
22389 : BA;
22390 : 23;
22391 : CD;
22392 : FB;
22393 : 0A;
22394 : E9;
22395 : AF;
22396 : EE;
22397 : D4;
22398 : E5;
22399 : 24;
22400 : 6E;
22401 : 14;
22402 : 14;
22403 : 61;
22404 : 99;
22405 : F7;
22406 : F4;
22407 : FE;
22408 : F0;
22409 : E9;
22410 : 0F;
22411 : FD;
22412 : 36;
22413 : EE;
22414 : 45;
22415 : E0;
22416 : FF;
22417 : C2;
22418 : 24;
22419 : BB;
22420 : 2C;
22421 : C2;
22422 : 12;
22423 : F9;
22424 : E9;
22425 : A7;
22426 : F6;
22427 : DB;
22428 : DA;
22429 : 21;
22430 : 5C;
22431 : 13;
22432 : 06;
22433 : 56;
22434 : A4;
22435 : 00;
22436 : FB;
22437 : FE;
22438 : C8;
22439 : DF;
22440 : 24;
22441 : 17;
22442 : 0B;
22443 : D6;
22444 : 26;
22445 : ED;
22446 : F7;
22447 : D0;
22448 : F0;
22449 : CC;
22450 : 1D;
22451 : D8;
22452 : ED;
22453 : 0F;
22454 : E4;
22455 : 9A;
22456 : F7;
22457 : CF;
22458 : E4;
22459 : 05;
22460 : 51;
22461 : E3;
22462 : 25;
22463 : 54;
22464 : A7;
22465 : 26;
22466 : 19;
22467 : 07;
22468 : EE;
22469 : F5;
22470 : 15;
22471 : 14;
22472 : F0;
22473 : D7;
22474 : 30;
22475 : F3;
22476 : F8;
22477 : D7;
22478 : E4;
22479 : D1;
22480 : 2C;
22481 : D5;
22482 : 01;
22483 : 06;
22484 : CB;
22485 : B9;
22486 : FA;
22487 : ED;
22488 : F3;
22489 : FD;
22490 : 48;
22491 : E9;
22492 : 0D;
22493 : 44;
22494 : D2;
22495 : 21;
22496 : 15;
22497 : FA;
22498 : 07;
22499 : E6;
22500 : ED;
22501 : FC;
22502 : F1;
22503 : EF;
22504 : 30;
22505 : 02;
22506 : EB;
22507 : E5;
22508 : FE;
22509 : E2;
22510 : 0D;
22511 : DA;
22512 : 02;
22513 : 0B;
22514 : F3;
22515 : C6;
22516 : 09;
22517 : 05;
22518 : DB;
22519 : 15;
22520 : 30;
22521 : FA;
22522 : 01;
22523 : 28;
22524 : CD;
22525 : 1F;
22526 : 02;
22527 : EC;
22528 : F2;
22529 : EA;
22530 : 02;
22531 : 02;
22532 : F4;
22533 : F2;
22534 : 0A;
22535 : EC;
22536 : DF;
22537 : F3;
22538 : FA;
22539 : EF;
22540 : 22;
22541 : E6;
22542 : EE;
22543 : 06;
22544 : F9;
22545 : E8;
22546 : 04;
22547 : FA;
22548 : 00;
22549 : FE;
22550 : 15;
22551 : EF;
22552 : 17;
22553 : 12;
22554 : F5;
22555 : 1E;
22556 : 03;
22557 : F4;
22558 : FB;
22559 : EE;
22560 : 09;
22561 : 05;
22562 : FD;
22563 : F2;
22564 : FA;
22565 : FD;
22566 : E7;
22567 : 04;
22568 : ED;
22569 : EB;
22570 : 1A;
22571 : F7;
22572 : FE;
22573 : 11;
22574 : 00;
22575 : ED;
22576 : 06;
22577 : E8;
22578 : 0A;
22579 : FF;
22580 : 06;
22581 : F3;
22582 : 07;
22583 : 11;
22584 : EC;
22585 : 07;
22586 : 08;
22587 : F6;
22588 : 09;
22589 : F9;
22590 : 03;
22591 : 06;
22592 : 0E;
22593 : 06;
22594 : 0D;
22595 : F8;
22596 : 0B;
22597 : 02;
22598 : 02;
22599 : 0D;
22600 : 0F;
22601 : F9;
22602 : 0A;
22603 : 07;
22604 : 11;
22605 : FC;
22606 : 0D;
22607 : 10;
22608 : FB;
22609 : 0B;
22610 : FC;
22611 : 09;
22612 : F1;
22613 : 06;
22614 : FF;
22615 : F7;
22616 : F5;
22617 : F7;
22618 : F5;
22619 : F9;
22620 : 0A;
22621 : 02;
22622 : 02;
22623 : FD;
22624 : FB;
22625 : FC;
22626 : 0A;
22627 : F9;
22628 : FA;
22629 : 09;
22630 : F9;
22631 : 04;
22632 : 02;
22633 : 03;
22634 : F8;
22635 : F8;
22636 : FC;
22637 : 0A;
22638 : 07;
22639 : 09;
22640 : FC;
22641 : 09;
22642 : 0B;
22643 : 07;
22644 : F6;
22645 : 03;
22646 : FF;
22647 : FB;
22648 : 0A;
22649 : 0A;
22650 : FD;
22651 : 03;
22652 : 00;
22653 : F9;
22654 : 0A;
22655 : 02;
22656 : 03;
22657 : F8;
22658 : 09;
22659 : FD;
22660 : 04;
22661 : 06;
22662 : 08;
22663 : FD;
22664 : 05;
22665 : FA;
22666 : 09;
22667 : FC;
22668 : 01;
22669 : 00;
22670 : F6;
22671 : 0A;
22672 : 05;
22673 : 01;
22674 : 04;
22675 : FB;
22676 : FF;
22677 : FB;
22678 : F5;
22679 : 03;
22680 : F8;
22681 : F8;
22682 : 01;
22683 : 03;
22684 : 07;
22685 : 05;
22686 : 00;
22687 : 06;
22688 : FC;
22689 : 06;
22690 : 01;
22691 : 08;
22692 : FD;
22693 : F5;
22694 : F7;
22695 : 08;
22696 : 08;
22697 : F6;
22698 : 05;
22699 : FF;
22700 : F6;
22701 : 00;
22702 : 01;
22703 : F7;
22704 : 05;
22705 : 04;
22706 : 01;
22707 : F8;
22708 : F7;
22709 : 03;
22710 : F9;
22711 : 03;
22712 : F6;
22713 : F8;
22714 : 05;
22715 : 03;
22716 : 08;
22717 : FA;
22718 : FA;
22719 : 09;
22720 : 02;
22721 : F5;
22722 : 06;
22723 : FA;
22724 : FE;
22725 : 06;
22726 : 0A;
22727 : F6;
22728 : F8;
22729 : F8;
22730 : FC;
22731 : F9;
22732 : 00;
22733 : F9;
22734 : 01;
22735 : FD;
22736 : 0A;
22737 : 00;
22738 : FD;
22739 : 0A;
22740 : FE;
22741 : 05;
22742 : 04;
22743 : 02;
22744 : 05;
22745 : 07;
22746 : F6;
22747 : 02;
22748 : F8;
22749 : 04;
22750 : 0A;
22751 : FA;
22752 : F7;
22753 : FE;
22754 : FC;
22755 : 03;
22756 : 06;
22757 : 01;
22758 : 01;
22759 : 03;
22760 : 07;
22761 : 02;
22762 : FB;
22763 : 04;
22764 : 08;
22765 : F7;
22766 : FE;
22767 : F7;
22768 : 07;
22769 : F6;
22770 : F9;
22771 : 05;
22772 : 0B;
22773 : FC;
22774 : FD;
22775 : FE;
22776 : 0A;
22777 : 09;
22778 : 0B;
22779 : 04;
22780 : 09;
22781 : 07;
22782 : 01;
22783 : FE;
22784 : F7;
22785 : 0A;
22786 : FB;
22787 : 04;
22788 : 07;
22789 : 08;
22790 : F7;
22791 : 00;
22792 : FB;
22793 : 00;
22794 : FD;
22795 : 02;
22796 : 07;
22797 : 07;
22798 : 09;
22799 : 07;
22800 : F3;
22801 : F5;
22802 : 0B;
22803 : 19;
22804 : 0D;
22805 : 00;
22806 : FA;
22807 : F8;
22808 : 0A;
22809 : 09;
22810 : FE;
22811 : F0;
22812 : 14;
22813 : FF;
22814 : 0C;
22815 : FB;
22816 : 13;
22817 : 18;
22818 : F9;
22819 : 0B;
22820 : 02;
22821 : 0B;
22822 : FA;
22823 : FB;
22824 : 01;
22825 : EA;
22826 : F1;
22827 : F5;
22828 : FC;
22829 : 07;
22830 : E3;
22831 : EB;
22832 : 1A;
22833 : 15;
22834 : 08;
22835 : FA;
22836 : 09;
22837 : F8;
22838 : 16;
22839 : 03;
22840 : 03;
22841 : F7;
22842 : 1B;
22843 : F4;
22844 : 22;
22845 : F3;
22846 : 06;
22847 : 10;
22848 : DB;
22849 : 0E;
22850 : FE;
22851 : 17;
22852 : D9;
22853 : 06;
22854 : F7;
22855 : EA;
22856 : F3;
22857 : EE;
22858 : DD;
22859 : 00;
22860 : EF;
22861 : 17;
22862 : 24;
22863 : 22;
22864 : FE;
22865 : EA;
22866 : F9;
22867 : F5;
22868 : 31;
22869 : E6;
22870 : 0F;
22871 : E8;
22872 : 08;
22873 : F5;
22874 : 06;
22875 : F5;
22876 : FD;
22877 : 0D;
22878 : D9;
22879 : 11;
22880 : 17;
22881 : 08;
22882 : F0;
22883 : 1B;
22884 : EA;
22885 : E9;
22886 : F1;
22887 : DF;
22888 : 00;
22889 : F9;
22890 : 08;
22891 : 02;
22892 : 21;
22893 : 4D;
22894 : FC;
22895 : F1;
22896 : F4;
22897 : FF;
22898 : 43;
22899 : F6;
22900 : 16;
22901 : E9;
22902 : FA;
22903 : EE;
22904 : 03;
22905 : F2;
22906 : EE;
22907 : 0E;
22908 : F6;
22909 : 03;
22910 : 18;
22911 : 16;
22912 : 0A;
22913 : 1C;
22914 : F0;
22915 : E5;
22916 : F8;
22917 : EB;
22918 : 03;
22919 : F0;
22920 : E8;
22921 : 0D;
22922 : 2E;
22923 : 4A;
22924 : 15;
22925 : F2;
22926 : FC;
22927 : EE;
22928 : 3D;
22929 : F7;
22930 : 28;
22931 : E5;
22932 : 04;
22933 : EB;
22934 : 13;
22935 : DA;
22936 : ED;
22937 : 24;
22938 : E4;
22939 : 0E;
22940 : 18;
22941 : 33;
22942 : F7;
22943 : 21;
22944 : E1;
22945 : D3;
22946 : EF;
22947 : E2;
22948 : EC;
22949 : EB;
22950 : FF;
22951 : 13;
22952 : 2F;
22953 : 2E;
22954 : 22;
22955 : E3;
22956 : 17;
22957 : DE;
22958 : 36;
22959 : EE;
22960 : 2B;
22961 : E3;
22962 : 1E;
22963 : 02;
22964 : 1F;
22965 : D0;
22966 : FF;
22967 : 2A;
22968 : E2;
22969 : 19;
22970 : 28;
22971 : 1A;
22972 : F6;
22973 : 2A;
22974 : D3;
22975 : E6;
22976 : EC;
22977 : E4;
22978 : F6;
22979 : EE;
22980 : F4;
22981 : F8;
22982 : 26;
22983 : 41;
22984 : 2F;
22985 : 0C;
22986 : 1D;
22987 : F1;
22988 : 16;
22989 : E6;
22990 : 05;
22991 : FF;
22992 : 22;
22993 : EA;
22994 : 07;
22995 : D8;
22996 : 17;
22997 : FC;
22998 : E7;
22999 : 0E;
23000 : 1F;
23001 : 14;
23002 : 0A;
23003 : 23;
23004 : DA;
23005 : F4;
23006 : 04;
23007 : FC;
23008 : E1;
23009 : F9;
23010 : 10;
23011 : FF;
23012 : 1B;
23013 : 4B;
23014 : 1F;
23015 : 07;
23016 : 21;
23017 : EA;
23018 : 10;
23019 : EC;
23020 : 03;
23021 : F6;
23022 : 1D;
23023 : F9;
23024 : 06;
23025 : EF;
23026 : 1D;
23027 : FE;
23028 : F0;
23029 : 10;
23030 : 20;
23031 : FE;
23032 : F8;
23033 : 12;
23034 : E1;
23035 : F9;
23036 : 04;
23037 : F1;
23038 : F0;
23039 : E5;
23040 : 09;
23041 : F2;
23042 : 25;
23043 : 44;
23044 : 10;
23045 : FE;
23046 : 1A;
23047 : F2;
23048 : 13;
23049 : E6;
23050 : 07;
23051 : 02;
23052 : 0E;
23053 : FE;
23054 : F5;
23055 : EB;
23056 : 19;
23057 : 13;
23058 : 07;
23059 : F8;
23060 : 22;
23061 : F4;
23062 : FD;
23063 : 1C;
23064 : ED;
23065 : FA;
23066 : 03;
23067 : F8;
23068 : FE;
23069 : E0;
23070 : C8;
23071 : F2;
23072 : 67;
23073 : 3C;
23074 : 4A;
23075 : F7;
23076 : 18;
23077 : D6;
23078 : 50;
23079 : E5;
23080 : 09;
23081 : EF;
23082 : 41;
23083 : F0;
23084 : 42;
23085 : E8;
23086 : 10;
23087 : 33;
23088 : E2;
23089 : 13;
23090 : 30;
23091 : 16;
23092 : DB;
23093 : 2C;
23094 : CF;
23095 : D1;
23096 : F7;
23097 : D6;
23098 : CC;
23099 : E4;
23100 : FF;
23101 : 14;
23102 : 2F;
23103 : 1D;
23104 : 2F;
23105 : D7;
23106 : FD;
23107 : CB;
23108 : 40;
23109 : D1;
23110 : 4D;
23111 : C9;
23112 : 01;
23113 : 1D;
23114 : 01;
23115 : C5;
23116 : F3;
23117 : 2D;
23118 : 14;
23119 : F3;
23120 : 36;
23121 : 14;
23122 : 03;
23123 : 48;
23124 : BA;
23125 : E7;
23126 : EF;
23127 : 0A;
23128 : E6;
23129 : DB;
23130 : F5;
23131 : 0D;
23132 : 2A;
23133 : 33;
23134 : 2E;
23135 : A7;
23136 : 1F;
23137 : C8;
23138 : 3A;
23139 : E7;
23140 : 4F;
23141 : E7;
23142 : 1E;
23143 : 2E;
23144 : 13;
23145 : E2;
23146 : 07;
23147 : 39;
23148 : 08;
23149 : FD;
23150 : 2F;
23151 : FB;
23152 : F4;
23153 : 2C;
23154 : D1;
23155 : DF;
23156 : EE;
23157 : EC;
23158 : F5;
23159 : F6;
23160 : 03;
23161 : F1;
23162 : 56;
23163 : 54;
23164 : 35;
23165 : C2;
23166 : 11;
23167 : C7;
23168 : 68;
23169 : 00;
23170 : 2E;
23171 : D9;
23172 : 32;
23173 : 0A;
23174 : 27;
23175 : D5;
23176 : EF;
23177 : 34;
23178 : 01;
23179 : 02;
23180 : 26;
23181 : FC;
23182 : F6;
23183 : 32;
23184 : E4;
23185 : AE;
23186 : F7;
23187 : 01;
23188 : E0;
23189 : F5;
23190 : EF;
23191 : E5;
23192 : 58;
23193 : 29;
23194 : 4E;
23195 : BB;
23196 : 1E;
23197 : DA;
23198 : 3A;
23199 : F8;
23200 : 3E;
23201 : DF;
23202 : 40;
23203 : 0C;
23204 : 39;
23205 : D5;
23206 : D0;
23207 : 45;
23208 : F2;
23209 : 19;
23210 : 1D;
23211 : 24;
23212 : E0;
23213 : 2C;
23214 : CE;
23215 : 94;
23216 : E5;
23217 : 07;
23218 : C8;
23219 : EB;
23220 : F5;
23221 : F6;
23222 : 18;
23223 : FE;
23224 : 21;
23225 : D5;
23226 : 15;
23227 : E9;
23228 : 1E;
23229 : E4;
23230 : 2A;
23231 : E4;
23232 : 14;
23233 : 11;
23234 : 09;
23235 : DB;
23236 : E3;
23237 : 25;
23238 : FE;
23239 : 02;
23240 : 2D;
23241 : 0F;
23242 : EC;
23243 : 2A;
23244 : D1;
23245 : CF;
23246 : F0;
23247 : 0B;
23248 : EA;
23249 : EC;
23250 : FC;
23251 : 00;
23252 : 25;
23253 : 0A;
23254 : 21;
23255 : D3;
23256 : 18;
23257 : D6;
23258 : 2D;
23259 : F4;
23260 : 3B;
23261 : E7;
23262 : 16;
23263 : FD;
23264 : 16;
23265 : D4;
23266 : DF;
23267 : 15;
23268 : 06;
23269 : 10;
23270 : 32;
23271 : 02;
23272 : E9;
23273 : 31;
23274 : D3;
23275 : C7;
23276 : EF;
23277 : 0E;
23278 : D9;
23279 : E5;
23280 : F1;
23281 : 03;
23282 : FF;
23283 : FD;
23284 : 1F;
23285 : DF;
23286 : 24;
23287 : E2;
23288 : F6;
23289 : DF;
23290 : 2A;
23291 : FE;
23292 : 1C;
23293 : 12;
23294 : EE;
23295 : D6;
23296 : FF;
23297 : 13;
23298 : F8;
23299 : 03;
23300 : 27;
23301 : 04;
23302 : E8;
23303 : 19;
23304 : DE;
23305 : EE;
23306 : F9;
23307 : FB;
23308 : F7;
23309 : EA;
23310 : E5;
23311 : 17;
23312 : FC;
23313 : F3;
23314 : 1E;
23315 : E1;
23316 : 02;
23317 : E8;
23318 : F3;
23319 : E4;
23320 : 23;
23321 : DF;
23322 : 09;
23323 : 1E;
23324 : EF;
23325 : E4;
23326 : E6;
23327 : 21;
23328 : F7;
23329 : 09;
23330 : 27;
23331 : 1E;
23332 : EE;
23333 : 1F;
23334 : E4;
23335 : FF;
23336 : EC;
23337 : EC;
23338 : 01;
23339 : F0;
23340 : EB;
23341 : 03;
23342 : F3;
23343 : F3;
23344 : 15;
23345 : E1;
23346 : F4;
23347 : E5;
23348 : FE;
23349 : E6;
23350 : 18;
23351 : E3;
23352 : 08;
23353 : 01;
23354 : F9;
23355 : DF;
23356 : F4;
23357 : 06;
23358 : EC;
23359 : 0E;
23360 : 11;
23361 : 1D;
23362 : E7;
23363 : 22;
23364 : F1;
23365 : 0E;
23366 : E4;
23367 : F7;
23368 : 0F;
23369 : F8;
23370 : FD;
23371 : E8;
23372 : 04;
23373 : 13;
23374 : 02;
23375 : EA;
23376 : 06;
23377 : F5;
23378 : 12;
23379 : 0D;
23380 : 08;
23381 : EF;
23382 : 17;
23383 : 13;
23384 : 14;
23385 : F3;
23386 : 07;
23387 : 15;
23388 : DF;
23389 : 16;
23390 : F0;
23391 : 1B;
23392 : DC;
23393 : 0E;
23394 : F0;
23395 : ED;
23396 : F0;
23397 : F7;
23398 : EE;
23399 : 02;
23400 : F6;
23401 : 03;
23402 : 0B;
23403 : FB;
23404 : 09;
23405 : 0A;
23406 : F9;
23407 : F8;
23408 : FD;
23409 : 08;
23410 : 07;
23411 : FF;
23412 : F8;
23413 : F9;
23414 : 03;
23415 : 06;
23416 : FD;
23417 : 06;
23418 : F7;
23419 : 00;
23420 : FC;
23421 : 02;
23422 : FE;
23423 : 06;
23424 : 07;
23425 : FB;
23426 : 03;
23427 : F5;
23428 : 05;
23429 : F7;
23430 : 05;
23431 : 09;
23432 : F6;
23433 : 03;
23434 : F7;
23435 : F7;
23436 : F7;
23437 : F8;
23438 : 09;
23439 : 07;
23440 : 06;
23441 : FE;
23442 : F8;
23443 : 00;
23444 : 0A;
23445 : 09;
23446 : F5;
23447 : 06;
23448 : FE;
23449 : 05;
23450 : 07;
23451 : FA;
23452 : F8;
23453 : 05;
23454 : 00;
23455 : 02;
23456 : F5;
23457 : FE;
23458 : 09;
23459 : FE;
23460 : 02;
23461 : 09;
23462 : F7;
23463 : 09;
23464 : 02;
23465 : FE;
23466 : 0A;
23467 : FF;
23468 : 0B;
23469 : 03;
23470 : FE;
23471 : 07;
23472 : 08;
23473 : 07;
23474 : FB;
23475 : 04;
23476 : FE;
23477 : 06;
23478 : F9;
23479 : 04;
23480 : FA;
23481 : FA;
23482 : F7;
23483 : 05;
23484 : FB;
23485 : 00;
23486 : FC;
23487 : F7;
23488 : 01;
23489 : 0B;
23490 : 08;
23491 : 00;
23492 : 02;
23493 : FA;
23494 : F8;
23495 : FA;
23496 : F6;
23497 : FF;
23498 : 08;
23499 : FC;
23500 : 01;
23501 : F9;
23502 : 08;
23503 : FF;
23504 : F6;
23505 : 0B;
23506 : 02;
23507 : 05;
23508 : 08;
23509 : 06;
23510 : 04;
23511 : FF;
23512 : F7;
23513 : 05;
23514 : F8;
23515 : FD;
23516 : FA;
23517 : 04;
23518 : 00;
23519 : FA;
[23520..32767] : 00;
END;
